mode_rank,matched_m,matched_n,Omega_FEM,Omega_exact,log10_Error_Omega,log10_Error_L2_w,log10_Error_L2_phi,log10_Error_L2_Q,W_energy_pct,Phi1_energy_pct,Phi2_energy_pct,relative_residual
1,2,2,83.6409,78.9568,-1.226765,1.800206,1.588880,2.391505,99.9997,0.0001,0.0001,1.50e-06
2,1,3,97.2587,98.6960,-1.836727,1.800910,1.685311,2.251484,99.9995,0.0003,0.0002,1.02e-06
3,2,3,115.5648,128.3049,-1.003071,1.801769,1.658677,2.182398,99.9994,0.0002,0.0003,9.80e-07
4,2,3,132.0651,128.3049,-1.533027,1.801386,1.731494,2.193718,99.9992,0.0005,0.0003,7.61e-07
5,1,4,150.2107,167.7833,-0.979914,1.800953,1.712829,2.056387,99.9991,0.0002,0.0007,6.47e-07
6,1,4,158.8729,167.7833,-1.274855,1.801930,1.719192,2.097388,99.9990,0.0006,0.0004,6.00e-07
7,3,3,186.0133,177.6529,-1.327342,1.800953,1.755866,2.101359,99.9988,0.0005,0.0007,3.93e-07
8,2,4,192.0699,197.3921,-1.569238,1.800877,1.744077,2.038206,99.9987,0.0004,0.0008,4.46e-07
9,3,4,231.2395,246.7401,-1.201892,1.801257,1.740990,1.994427,99.9984,0.0013,0.0003,2.80e-07
10,3,4,234.9281,246.7401,-1.319916,1.799877,1.743368,1.974016,99.9984,0.0006,0.0010,2.72e-07
11,3,4,244.8955,246.7401,-2.126341,1.800796,1.757845,1.982587,99.9983,0.0011,0.0006,3.03e-07
12,3,4,247.9287,246.7401,-2.317222,1.803108,1.742431,2.068703,99.9984,0.0006,0.0009,2.50e-07
13,2,5,282.3737,286.2185,-1.871819,1.800817,1.753769,1.989226,99.9981,0.0009,0.0010,2.29e-07
14,2,5,294.8140,286.2185,-1.522427,1.802015,1.774525,1.982032,99.9979,0.0007,0.0014,1.63e-07
15,4,4,305.5825,315.8273,-1.488944,1.801414,1.759609,1.916736,99.9978,0.0010,0.0012,1.64e-07
16,4,4,311.2537,315.8273,-1.839184,1.801200,1.756259,1.964040,99.9979,0.0011,0.0011,2.30e-07
17,3,5,330.7942,335.5665,-1.847042,1.800610,1.752450,1.955947,99.9978,0.0011,0.0011,1.29e-07
18,1,6,352.5676,365.1754,-1.461864,1.799189,1.758461,1.918337,99.9975,0.0012,0.0013,1.26e-07
19,1,6,370.0683,365.1754,-1.872930,1.802342,1.755148,1.964543,99.9975,0.0013,0.0012,1.11e-07
20,1,6,377.5042,365.1754,-1.471579,1.799971,1.764125,1.945149,99.9974,0.0015,0.0011,1.14e-07
21,2,6,390.0816,394.7842,-1.924021,1.801577,1.753294,1.932635,99.9974,0.0011,0.0015,1.27e-07
22,4,5,408.0387,404.6538,-2.077534,1.801366,1.761260,1.930138,99.9972,0.0009,0.0019,9.79e-08
23,4,5,418.7455,404.6538,-1.458120,1.800834,1.754174,1.967037,99.9973,0.0011,0.0017,1.03e-07
24,3,6,428.5513,444.1322,-1.454919,1.802876,1.720968,1.934417,99.9975,0.0017,0.0008,1.19e-07
25,3,6,444.4929,444.1322,-3.090346,1.800001,1.750493,1.946764,99.9970,0.0016,0.0014,9.46e-08
26,3,6,452.7240,444.1322,-1.713430,1.802127,1.765352,1.902674,99.9969,0.0013,0.0018,1.25e-07
27,3,6,465.0651,444.1322,-1.326684,1.800171,1.782519,1.911568,99.9966,0.0026,0.0008,1.05e-07
28,1,7,473.2619,493.4802,-1.387525,1.803842,1.747855,1.873372,99.9968,0.0017,0.0015,1.08e-07
29,1,7,479.4772,493.4802,-1.547049,1.800131,1.744432,1.915741,99.9968,0.0008,0.0024,1.07e-07
30,1,7,499.6116,493.4802,-1.905710,1.798603,1.752535,1.915878,99.9967,0.0018,0.0015,8.99e-08
31,1,7,502.7910,493.4802,-1.724284,1.801635,1.740377,1.949209,99.9969,0.0011,0.0020,1.43e-07
32,4,6,511.7077,513.2194,-2.530822,1.801907,1.755443,1.910470,99.9966,0.0021,0.0014,7.83e-08
33,2,7,530.4070,523.0890,-1.854183,1.802017,1.758155,1.914981,99.9964,0.0016,0.0020,9.75e-08
34,2,7,540.6850,523.0890,-1.473162,1.804067,1.758333,1.920199,99.9965,0.0013,0.0022,7.15e-08
35,3,7,549.4906,572.4371,-1.397012,1.801223,1.750311,1.857886,99.9962,0.0026,0.0012,8.37e-08
36,3,7,561.0352,572.4371,-1.700753,1.800069,1.763133,1.864980,99.9960,0.0023,0.0017,5.63e-08
37,3,7,577.4552,572.4371,-2.057187,1.800409,1.724646,1.932612,99.9966,0.0015,0.0019,9.33e-08
38,3,7,583.4112,572.4371,-1.717358,1.803447,1.766121,1.895573,99.9960,0.0021,0.0019,5.47e-08
39,5,6,595.6777,602.0459,-1.975615,1.801198,1.767346,1.859336,99.9957,0.0021,0.0022,9.55e-08
40,5,6,608.9673,602.0459,-1.939431,1.799014,1.742620,1.916740,99.9961,0.0015,0.0024,9.00e-08
41,5,6,612.5386,602.0459,-1.758739,1.803057,1.757754,1.906787,99.9959,0.0019,0.0022,6.94e-08
42,1,8,623.7142,641.5243,-1.556547,1.801795,1.740975,1.884814,99.9960,0.0016,0.0024,6.89e-08
43,1,8,641.4464,641.5243,-3.915817,1.800176,1.762435,1.878278,99.9956,0.0024,0.0020,5.80e-08
44,1,8,654.0851,641.5243,-1.708195,1.797774,1.753956,1.892057,99.9957,0.0023,0.0020,5.85e-08
45,2,8,664.2615,671.1331,-1.989750,1.801197,1.743470,1.892431,99.9957,0.0022,0.0021,5.65e-08
46,2,8,670.2026,671.1331,-2.858086,1.799178,1.758799,1.865756,99.9954,0.0019,0.0028,6.92e-08
47,2,8,684.0497,671.1331,-1.715659,1.801558,1.764090,1.880969,99.9953,0.0029,0.0018,5.55e-08
48,6,6,697.4219,710.6115,-1.731399,1.802538,1.742267,1.871814,99.9955,0.0020,0.0025,4.90e-08
49,6,6,698.5123,710.6115,-1.768876,1.801053,1.746546,1.867734,99.9954,0.0026,0.0020,7.28e-08
50,6,6,713.9695,710.6115,-2.325559,1.799660,1.748577,1.892077,99.9953,0.0027,0.0020,5.84e-08
51,3,8,717.0855,720.4811,-2.326702,1.801166,1.759689,1.869403,99.9951,0.0015,0.0035,6.24e-08
52,3,8,721.2299,720.4811,-2.983295,1.800692,1.757493,1.874861,99.9951,0.0022,0.0027,7.19e-08
53,5,7,730.4195,730.3507,-4.026229,1.803744,1.732965,1.901650,99.9956,0.0021,0.0023,4.77e-08
54,5,7,743.7563,730.3507,-1.736247,1.801663,1.767015,1.886257,99.9948,0.0028,0.0024,5.56e-08
55,5,7,758.6807,730.3507,-1.411286,1.800138,1.770555,1.878658,99.9947,0.0026,0.0027,5.13e-08
56,4,8,774.1409,789.5684,-1.709096,1.800623,1.760014,1.844065,99.9946,0.0025,0.0029,3.94e-08
57,4,8,775.6852,789.5684,-1.754902,1.799595,1.753311,1.857104,99.9947,0.0025,0.0028,3.87e-08
58,4,8,779.4523,789.5684,-1.892379,1.800281,1.749564,1.867149,99.9948,0.0020,0.0032,3.58e-08
59,4,8,798.0742,789.5684,-1.967674,1.800725,1.756509,1.870810,99.9947,0.0029,0.0025,3.87e-08
60,1,9,817.3849,809.3076,-2.000844,1.801965,1.748569,1.870239,99.9947,0.0029,0.0025,3.88e-08
61,1,9,818.9214,809.3076,-1.925219,1.804637,1.755278,1.879288,99.9946,0.0021,0.0033,7.60e-08
62,1,9,823.5079,809.3076,-1.755814,1.803105,1.759505,1.881610,99.9944,0.0030,0.0025,5.08e-08
63,2,9,843.5923,838.9164,-2.253852,1.801776,1.758724,1.870368,99.9942,0.0038,0.0020,5.96e-08
64,2,9,851.7434,838.9164,-1.815591,1.801203,1.751172,1.883280,99.9944,0.0026,0.0030,3.77e-08
65,5,8,859.6390,878.3948,-1.670555,1.800232,1.761276,1.834094,99.9939,0.0029,0.0032,4.30e-08
66,5,8,863.7312,878.3948,-1.777448,1.801038,1.764919,1.845929,99.9938,0.0032,0.0030,4.34e-08
67,5,8,868.0714,878.3948,-1.929866,1.801705,1.766247,1.851871,99.9938,0.0018,0.0044,4.56e-08
68,5,8,873.1118,878.3948,-2.220812,1.801222,1.758096,1.854230,99.9940,0.0034,0.0025,3.52e-08
69,3,9,891.4997,888.2644,-2.438625,1.801022,1.758625,1.849320,99.9939,0.0019,0.0042,3.93e-08
70,3,9,893.9123,888.2644,-2.196653,1.802218,1.761587,1.866308,99.9939,0.0022,0.0039,3.84e-08
71,3,9,900.9318,888.2644,-1.845855,1.799996,1.758830,1.870934,99.9939,0.0028,0.0033,3.70e-08
72,3,9,920.5183,888.2644,-1.439959,1.801004,1.774348,1.854557,99.9935,0.0035,0.0030,2.83e-08
73,4,9,927.4931,957.3516,-1.506003,1.802501,1.755737,1.835038,99.9936,0.0037,0.0027,3.38e-08
74,4,9,937.6134,957.3516,-1.685762,1.799925,1.757092,1.832359,99.9935,0.0036,0.0029,3.20e-08
75,4,9,944.9893,957.3516,-1.888972,1.802175,1.765800,1.828284,99.9933,0.0033,0.0034,2.62e-08
76,4,9,952.5638,957.3516,-2.300932,1.800800,1.749931,1.849940,99.9937,0.0021,0.0042,3.85e-08
77,7,7,970.8026,967.2212,-2.431477,1.801192,1.762560,1.846439,99.9932,0.0038,0.0030,3.07e-08
78,7,7,974.8928,967.2212,-2.100643,1.801590,1.764838,1.856276,99.9932,0.0041,0.0027,4.15e-08
79,6,8,984.9717,986.9604,-2.695725,1.799176,1.763827,1.830271,99.9930,0.0037,0.0033,2.84e-08
80,1,10,997.8553,996.8300,-2.987773,1.802562,1.766712,1.846896,99.9928,0.0045,0.0027,3.81e-08
81,1,10,1003.4965,996.8300,-2.174725,1.803496,1.755508,1.860948,99.9932,0.0033,0.0035,3.07e-08
82,2,10,1011.9779,1026.4389,-1.851136,1.800389,1.758842,1.833782,99.9930,0.0033,0.0037,3.23e-08
83,2,10,1026.8206,1026.4389,-3.429537,1.797392,1.757871,1.846802,99.9930,0.0028,0.0042,3.32e-08
84,5,9,1046.9235,1046.1781,-3.147223,1.801870,1.770594,1.831178,99.9923,0.0046,0.0030,2.08e-08
85,3,10,1069.0245,1075.7869,-2.201625,1.800630,1.767386,1.826432,99.9923,0.0035,0.0042,2.24e-08
86,3,10,1080.1875,1075.7869,-2.388208,1.799341,1.768197,1.829829,99.9922,0.0038,0.0040,3.51e-08
87,3,10,1086.2681,1075.7869,-2.011313,1.801551,1.782619,1.837877,99.9918,0.0033,0.0049,3.19e-08
88,3,10,1089.3060,1075.7869,-1.900778,1.802628,1.773559,1.857214,99.9921,0.0040,0.0038,3.27e-08
89,7,8,1108.3510,1115.2653,-2.207633,1.802015,1.757296,1.800540,99.9924,0.0042,0.0035,1.95e-08
90,7,8,1119.0290,1115.2653,-2.471767,1.802551,1.762831,1.832650,99.9922,0.0029,0.0049,2.46e-08
91,4,10,1135.6967,1144.8741,-2.096035,1.802491,1.749278,1.803934,99.9925,0.0053,0.0022,2.68e-08
92,4,10,1144.6224,1144.8741,-3.657895,1.800615,1.751302,1.817555,99.9923,0.0044,0.0033,2.25e-08
93,6,9,1151.8847,1154.7437,-2.606271,1.804510,1.775454,1.829676,99.9914,0.0048,0.0037,2.44e-08
94,6,9,1170.2982,1154.7437,-1.870630,1.804263,1.779083,1.835593,99.9913,0.0046,0.0041,2.21e-08
95,6,9,1178.0312,1154.7437,-1.695364,1.803983,1.765958,1.822111,99.9918,0.0052,0.0030,2.16e-08
96,1,11,1186.7724,1204.0917,-1.842129,1.800331,1.770915,1.804092,99.9913,0.0036,0.0051,2.62e-08
97,1,11,1191.4236,1204.0917,-1.977948,1.800274,1.760918,1.807046,99.9916,0.0040,0.0043,1.70e-08
98,1,11,1217.2921,1204.0917,-1.960074,1.800071,1.782496,1.822831,99.9908,0.0037,0.0055,2.24e-08
99,2,11,1232.4387,1233.7006,-2.990215,1.807873,1.756692,1.796287,99.9914,0.0041,0.0045,1.84e-08
100,8,8,1272.4601,1263.3094,-2.140054,1.798065,1.781316,1.802121,99.9904,0.0053,0.0043,1.99e-08
101,3,11,1277.2224,1283.0486,-2.342859,1.797996,1.753576,1.777978,99.9915,0.0043,0.0042,1.65e-08
102,3,11,1287.3037,1283.0486,-2.479329,1.799830,1.774718,1.807937,99.9907,0.0053,0.0040,1.84e-08
103,3,11,1289.5624,1283.0486,-2.294410,1.800193,1.778095,1.818564,99.9906,0.0056,0.0039,2.00e-08
104,3,11,1300.2977,1283.0486,-1.871477,1.798253,1.787687,1.826654,99.9900,0.0069,0.0030,1.71e-08
105,6,10,1332.5698,1342.2662,-2.141226,1.803395,1.735474,1.738581,99.9917,0.0049,0.0035,1.44e-08
106,6,10,1344.3510,1342.2662,-2.808770,1.801935,1.783673,1.846278,99.9895,0.0041,0.0064,1.77e-08
107,4,11,1375.3056,1352.1358,-1.766099,1.800380,1.798827,1.842640,99.9889,0.0048,0.0063,2.08e-08
108,1,12,1401.0439,1431.0926,-1.677841,1.797337,1.732928,1.672994,99.9915,0.0043,0.0042,1.05e-08
109,5,11,1447.1033,1440.9622,-2.370408,1.805323,1.794782,1.827254,99.9882,0.0062,0.0057,1.50e-08
110,7,10,1466.9606,1470.5711,-2.609925,1.802125,1.774917,1.818301,99.9890,0.0058,0.0052,1.60e-08
111,7,10,1479.0829,1470.5711,-2.237463,1.801973,1.795047,1.828212,99.9880,0.0053,0.0067,1.81e-08
112,3,12,1502.6538,1510.0495,-2.310015,1.803240,1.779987,1.810373,99.9884,0.0048,0.0068,1.10e-08
113,3,12,1507.8480,1510.0495,-2.836275,1.804032,1.692218,1.573770,99.9923,0.0027,0.0050,6.90e-09
114,3,12,1526.5265,1510.0495,-1.962113,1.805587,1.791236,1.789306,99.9879,0.0068,0.0053,1.55e-08
115,6,11,1535.2292,1549.5279,-2.034904,1.800732,1.779941,1.794384,99.9884,0.0060,0.0056,2.02e-08
116,4,12,1575.1036,1579.1367,-2.592776,1.806081,1.808541,1.816402,99.9862,0.0065,0.0073,1.12e-08
117,8,10,1620.6117,1618.6151,-2.908862,1.800274,1.790622,1.806003,99.9871,0.0094,0.0035,1.09e-08
118,8,10,1629.1504,1618.6151,-2.186497,1.800727,1.735107,1.665612,99.9901,0.0073,0.0026,9.63e-09
119,1,13,1690.3744,1677.8327,-2.126394,1.821642,1.807703,1.796247,99.9843,0.0084,0.0073,1.23e-08
120,2,13,1727.1471,1707.4416,-1.937759,1.818992,1.703105,1.693835,99.9903,0.0053,0.0044,6.93e-09
121,4,14,2076.8400,2092.3561,-2.129851,1.810556,1.748479,1.631600,99.9858,0.0034,0.0108,7.16e-09
122,15,15,56870.5959,4441.3220,1.072062,1.819078,1.521989,0.681970,99.9897,0.0078,0.0025,4.02e-12
123,15,15,57822.3020,4441.3220,1.079874,1.819337,1.483206,1.002396,99.9913,0.0045,0.0041,1.90e-12
124,15,15,58058.7332,4441.3220,1.081794,1.819218,1.466563,0.688897,99.9920,0.0025,0.0055,2.71e-12
125,15,15,58198.6554,4441.3220,1.082925,1.819167,1.524961,0.820172,99.9895,0.0077,0.0028,5.99e-12
126,15,15,59415.8087,4441.3220,1.092649,1.819177,1.510304,0.679519,99.9902,0.0059,0.0039,4.32e-12
127,15,15,59835.6912,4441.3220,1.095953,1.819192,1.461565,0.649631,99.9922,0.0040,0.0038,4.18e-12
128,15,15,61976.6686,4441.3220,1.112422,1.819408,1.555302,0.859353,99.9879,0.0083,0.0037,5.73e-12
129,15,15,62172.0068,4441.3220,1.113894,1.819140,1.536670,0.724761,99.9889,0.0070,0.0040,8.53e-12
130,15,15,62274.2997,4441.3220,1.114663,1.819035,1.631117,0.915024,99.9830,0.0061,0.0109,4.60e-12
131,15,15,62735.4701,4441.3220,1.118113,1.819085,1.583664,0.883762,99.9863,0.0056,0.0082,5.46e-12
132,15,15,63039.3522,4441.3220,1.120371,1.819310,1.574204,0.870110,99.9868,0.0093,0.0039,3.59e-12
133,15,15,63290.9415,4441.3220,1.122231,1.819033,1.590259,0.925465,99.9859,0.0040,0.0101,6.65e-12
134,15,15,63407.8311,4441.3220,1.123093,1.818943,1.604645,0.895080,99.9849,0.0088,0.0063,6.46e-12
135,15,15,64339.6534,4441.3220,1.129902,1.819279,1.535804,0.776412,99.9890,0.0080,0.0030,2.93e-12
136,15,15,64563.2212,4441.3220,1.131520,1.819081,1.601883,1.011857,99.9851,0.0041,0.0108,4.05e-12
137,15,15,64823.6112,4441.3220,1.133397,1.819081,1.543841,0.747918,99.9886,0.0023,0.0091,4.42e-12
138,15,15,66016.6981,4441.3220,1.141895,1.819223,1.542513,0.814064,99.9886,0.0102,0.0012,4.56e-12
139,15,15,67861.6622,4441.3220,1.154716,1.819162,1.520342,0.652844,99.9898,0.0080,0.0022,2.71e-12
140,15,15,67895.6196,4441.3220,1.154949,1.819022,1.571266,0.781598,99.9871,0.0029,0.0100,3.49e-12
141,15,15,68223.8735,4441.3220,1.157190,1.819248,1.523409,0.691572,99.9896,0.0013,0.0091,2.96e-12
142,15,15,68262.7821,4441.3220,1.157454,1.819348,1.570519,0.776470,99.9871,0.0109,0.0020,1.92e-12
143,15,15,68566.6069,4441.3220,1.159517,1.819303,1.591773,0.881106,99.9857,0.0020,0.0122,4.27e-12
144,15,15,69278.2300,4441.3220,1.164310,1.819103,1.529590,0.670145,99.9893,0.0095,0.0012,2.22e-12
145,15,15,69314.1271,4441.3220,1.164550,1.819263,1.590346,0.896660,99.9858,0.0017,0.0125,3.11e-12
146,15,15,69654.3763,4441.3220,1.166822,1.819189,1.538633,0.736649,99.9888,0.0016,0.0096,4.23e-12
147,15,15,70276.5614,4441.3220,1.170946,1.819294,1.546725,0.735050,99.9884,0.0009,0.0107,4.53e-12
148,15,15,71006.8003,4441.3220,1.175737,1.819255,1.526106,0.633705,99.9895,0.0099,0.0006,2.11e-12
149,15,15,71571.9634,4441.3220,1.179409,1.819026,1.565627,0.746621,99.9874,0.0011,0.0116,2.42e-12
150,15,15,72591.7312,4441.3220,1.185956,1.819160,1.534123,0.640846,99.9891,0.0006,0.0103,2.21e-12
151,15,15,73058.6570,4441.3220,1.188922,1.819215,1.542595,0.665005,99.9886,0.0006,0.0107,2.74e-12
152,15,15,73520.7449,4441.3220,1.191836,1.819051,1.571089,0.749899,99.9870,0.0108,0.0021,2.56e-12
153,15,15,82120.5464,4441.3220,1.242793,1.819446,1.621269,0.850797,99.9836,0.0092,0.0072,1.57e-12
154,15,15,82204.7986,4441.3220,1.243263,1.818909,1.624979,0.831022,99.9834,0.0069,0.0097,2.26e-12
155,15,15,82515.6859,4441.3220,1.244996,1.818834,1.650163,0.854154,99.9814,0.0092,0.0094,1.73e-12
156,15,15,82651.5210,4441.3220,1.245751,1.819429,1.750749,1.338768,99.9703,0.0139,0.0158,2.42e-12
157,15,15,84714.5697,4441.3220,1.257059,1.819359,1.587289,0.699455,99.9860,0.0122,0.0018,1.75e-12
158,15,15,85504.6778,4441.3220,1.261312,1.819372,1.643033,0.752525,99.9819,0.0050,0.0130,1.71e-12
159,15,15,86999.0289,4441.3220,1.269245,1.819428,1.632741,0.726888,99.9828,0.0137,0.0035,1.36e-12
160,15,15,89974.5555,4441.3220,1.284623,1.818974,1.677463,0.906390,99.9789,0.0035,0.0176,1.51e-12
161,15,15,91390.6464,4441.3220,1.291754,1.819080,1.766391,0.884402,99.9682,0.0305,0.0013,1.26e-12
162,15,15,5838405.3681,4441.3220,3.118451,0.041450,3.514760,6.365875,0.0047,39.4577,60.5377,1.24e-13
163,15,15,5838514.7740,4441.3220,3.118460,0.055728,3.514760,6.365879,0.0065,60.5366,39.4569,1.20e-13
164,15,15,5864209.5916,4441.3220,3.120368,0.024986,3.514758,6.367802,0.0035,69.9253,30.0712,1.36e-13
165,15,15,5864634.8953,4441.3220,3.120400,0.054738,3.514765,6.367808,0.0062,30.0706,69.9233,8.04e-14
166,15,15,5906206.1044,4441.3220,3.123470,0.066778,3.514748,6.370931,0.0097,22.3099,77.6804,7.46e-14
167,15,15,5906760.4651,4441.3220,3.123510,0.065049,3.514765,6.370928,0.0086,77.6809,22.3105,9.11e-14
168,15,15,5910101.2638,4441.3220,3.123756,0.051511,3.514766,6.371194,0.0061,27.3577,72.6363,8.97e-14
169,15,15,5910571.9534,4441.3220,3.123791,0.070609,3.514761,6.371201,0.0091,72.6343,27.3566,8.59e-14
170,15,15,5942502.5068,4441.3220,3.126132,0.034976,3.514775,6.373572,0.0034,48.3304,51.6662,9.81e-14
171,15,15,5942803.8217,4441.3220,3.126154,0.050560,3.514761,6.373578,0.0062,51.6639,48.3299,8.92e-14
172,15,15,5950496.1770,4441.3220,3.126717,0.031342,3.514764,6.374148,0.0037,70.1029,29.8934,1.25e-13
173,15,15,5950744.4028,4441.3220,3.126735,0.060157,3.514746,6.374158,0.0081,29.8941,70.0978,7.40e-14
174,15,15,5969932.4132,4441.3220,3.128134,0.037201,3.514766,6.375571,0.0041,95.5278,4.4681,1.50e-13
175,15,15,5970178.1026,4441.3220,3.128152,0.053874,3.514757,6.375576,0.0066,4.4655,95.5280,8.09e-14
176,15,15,6027055.3063,4441.3220,3.132273,0.016398,3.514772,6.379708,0.0018,86.1415,13.8566,1.26e-13
177,15,15,6027193.2394,4441.3220,3.132283,0.036660,3.514762,6.379713,0.0042,13.8559,86.1399,1.23e-13
178,15,15,6091996.2909,4441.3220,3.136931,0.027364,3.514774,6.384359,0.0029,98.2112,1.7859,1.31e-13
179,15,15,6092422.0796,4441.3220,3.136961,0.046136,3.514756,6.384365,0.0059,1.7857,98.2084,7.40e-14
180,15,15,6130391.7158,4441.3220,3.139661,0.056287,3.514767,6.387086,0.0056,96.3472,3.6472,9.94e-14
181,15,15,6131139.6795,4441.3220,3.139714,0.066973,3.514747,6.387095,0.0094,3.6457,96.3449,7.04e-14
182,15,15,6179788.7294,4441.3220,3.143149,0.020839,3.514761,6.390595,0.0025,7.9479,92.0496,1.11e-13
183,15,15,6180214.9816,4441.3220,3.143179,0.052071,3.514758,6.390604,0.0066,92.0445,7.9488,6.45e-14
184,15,15,6196160.5285,4441.3220,3.144299,0.029820,3.514765,6.391734,0.0033,19.7198,80.2769,1.25e-13
185,15,15,6196547.8005,4441.3220,3.144326,0.057426,3.514762,6.391740,0.0063,80.2736,19.7202,9.88e-14
186,15,15,6202779.0102,4441.3220,3.144763,0.042589,3.514765,6.392198,0.0051,50.2129,49.7821,1.44e-13
187,15,15,6202961.6661,4441.3220,3.144776,0.036882,3.514756,6.392199,0.0056,49.7832,50.2112,1.12e-13
188,15,15,6209578.5688,4441.3220,3.145239,0.032159,3.514763,6.392677,0.0040,46.6290,53.3670,1.74e-13
189,15,15,6209769.9459,4441.3220,3.145253,0.039697,3.514767,6.392678,0.0046,53.3654,46.6300,1.44e-13
190,15,15,6218040.8163,4441.3220,3.145831,0.032711,3.514762,6.393266,0.0036,34.5421,65.4543,1.00e-13
191,15,15,6218153.3368,4441.3220,3.145839,0.032193,3.514757,6.393267,0.0043,65.4543,34.5415,1.29e-13
192,15,15,6225475.2727,4441.3220,3.146350,0.029017,3.514765,6.393783,0.0036,3.8969,96.0995,1.11e-13
193,15,15,6225677.8133,4441.3220,3.146364,0.030323,3.514768,6.393783,0.0034,96.0998,3.8968,1.45e-13
194,15,15,6235587.5721,4441.3220,3.147056,0.032503,3.514766,6.394495,0.0030,11.2598,88.7371,1.28e-13
195,15,15,6235777.5340,4441.3220,3.147069,0.047196,3.514766,6.394499,0.0047,88.7263,11.2690,1.19e-13
196,15,15,6240471.4542,4441.3220,3.147396,0.043002,3.514772,6.394831,0.0046,55.0513,44.9440,1.68e-13
197,15,15,6240817.4446,4441.3220,3.147420,0.076592,3.514742,6.394844,0.0109,44.9594,55.0297,1.03e-13
198,15,15,6244532.0350,4441.3220,3.147679,0.037814,3.514761,6.395114,0.0051,88.3973,11.5976,1.21e-13
199,15,15,6244736.9310,4441.3220,3.147693,0.036937,3.514776,6.395112,0.0037,11.5907,88.4056,1.23e-13
200,15,15,6246667.3868,4441.3220,3.147827,0.036175,3.514769,6.395260,0.0041,81.0444,18.9514,1.10e-13
201,15,15,6246817.5608,4441.3220,3.147838,0.026715,3.514757,6.395258,0.0035,18.9602,81.0363,1.46e-13
202,15,15,6254590.2158,4441.3220,3.148378,0.021417,3.514766,6.395810,0.0025,63.6727,36.3248,1.41e-13
203,15,15,6254656.3297,4441.3220,3.148383,0.018168,3.514773,6.395809,0.0022,36.3190,63.6788,1.52e-13
204,15,15,6286478.2118,4441.3220,3.150588,0.040449,3.514767,6.398046,0.0050,98.8342,1.1609,1.24e-13
205,15,15,6287191.5954,4441.3220,3.150638,0.042197,3.514758,6.398046,0.0053,1.1604,98.8343,1.00e-13
206,15,15,6293663.1107,4441.3220,3.151085,0.030464,3.514768,6.398520,0.0031,97.8309,2.1661,1.45e-13
207,15,15,6293753.1351,4441.3220,3.151091,0.049192,3.514767,6.398524,0.0051,2.1656,97.8293,1.14e-13
208,15,15,6299567.6502,4441.3220,3.151492,0.058845,3.514764,6.398913,0.0079,0.1667,99.8254,1.08e-13
209,15,15,6300918.1246,4441.3220,3.151585,0.054734,3.514764,6.398914,0.0055,99.8290,0.1654,8.93e-14
210,15,15,6303138.1638,4441.3220,3.151738,0.016366,3.514771,6.399162,0.0021,77.0447,22.9532,1.53e-13
211,15,15,6303171.0686,4441.3220,3.151741,0.052438,3.514764,6.399172,0.0052,22.9513,77.0434,9.23e-14
212,15,15,6345955.6681,4441.3220,3.154681,0.007675,3.514772,6.402119,0.0012,2.7948,97.2040,2.10e-13
213,15,15,6346106.2885,4441.3220,3.154691,0.009948,3.514772,6.402119,0.0012,97.2039,2.7949,1.73e-13
214,15,15,6360487.3328,4441.3220,3.155675,0.028309,3.514759,6.403116,0.0038,10.7970,89.1992,1.28e-13
215,15,15,6360915.3626,4441.3220,3.155704,0.031285,3.514770,6.403115,0.0032,89.1991,10.7977,8.94e-14
216,15,15,6365419.6220,4441.3220,3.156012,0.016959,3.514761,6.403452,0.0020,80.2785,19.7196,1.65e-13
217,15,15,6365572.0859,4441.3220,3.156022,0.017713,3.514768,6.403454,0.0028,19.7556,80.2417,1.15e-13
218,15,15,6368827.2520,4441.3220,3.156244,0.021172,3.514768,6.403692,0.0028,61.0193,38.9779,1.76e-13
219,15,15,6368993.2100,4441.3220,3.156256,0.019921,3.514765,6.403691,0.0027,38.9583,61.0390,1.49e-13
220,15,15,6372677.1369,4441.3220,3.156507,0.017627,3.514767,6.403952,0.0025,53.1429,46.8546,1.92e-13
221,15,15,6372807.6093,4441.3220,3.156516,0.026334,3.514769,6.403952,0.0026,46.8388,53.1586,1.83e-13
222,15,15,6385374.1101,4441.3220,3.157372,0.024846,3.514776,6.404826,0.0023,82.6538,17.3439,2.18e-13
223,15,15,6385671.1449,4441.3220,3.157392,0.046934,3.514764,6.404831,0.0049,17.3451,82.6500,1.36e-13
224,15,15,6391400.8730,4441.3220,3.157782,0.013360,3.514771,6.405227,0.0016,12.4504,87.5480,1.99e-13
225,15,15,6391778.0135,4441.3220,3.157808,0.053573,3.514753,6.405238,0.0066,87.5478,12.4456,7.98e-14
226,15,15,6394182.4832,4441.3220,3.157971,0.014675,3.514769,6.405412,0.0021,1.0638,98.9341,1.65e-13
227,15,15,6394220.4064,4441.3220,3.157974,0.024760,3.514767,6.405415,0.0033,98.9299,1.0668,1.24e-13
228,15,15,6396403.6864,4441.3220,3.158122,0.020337,3.514765,6.405564,0.0025,43.0215,56.9760,1.69e-13
229,15,15,6396607.8518,4441.3220,3.158136,0.026946,3.514765,6.405566,0.0032,56.9724,43.0244,2.03e-13
230,15,15,6400989.8530,4441.3220,3.158433,0.022762,3.514762,6.405884,0.0029,62.3600,37.6371,1.45e-13
231,15,15,6401152.9795,4441.3220,3.158445,0.029687,3.514771,6.405885,0.0034,37.6565,62.3401,1.49e-13
232,15,15,6402640.7322,4441.3220,3.158546,0.016972,3.514768,6.405993,0.0020,8.8597,91.1383,1.63e-13
233,15,15,6402919.3915,4441.3220,3.158564,0.026292,3.514765,6.406001,0.0036,89.4363,10.5601,1.50e-13
234,15,15,6403395.4265,4441.3220,3.158597,0.023620,3.514775,6.406043,0.0023,3.3275,96.6703,1.90e-13
235,15,15,6403635.7288,4441.3220,3.158613,0.042026,3.514773,6.406045,0.0045,98.3746,1.6209,1.30e-13
236,15,15,6406976.8903,4441.3220,3.158840,0.030012,3.514766,6.406289,0.0036,77.6481,22.3483,1.48e-13
237,15,15,6407123.0195,4441.3220,3.158850,0.021750,3.514772,6.406288,0.0027,22.3027,77.6946,1.71e-13
238,15,15,6407900.8021,4441.3220,3.158902,0.026087,3.514765,6.406350,0.0032,61.6938,38.3030,1.56e-13
239,15,15,6407954.4717,4441.3220,3.158906,0.027440,3.514774,6.406349,0.0028,38.2607,61.7365,1.63e-13
240,15,15,6409578.5450,4441.3220,3.159016,0.029337,3.514766,6.406462,0.0032,23.3216,76.6752,1.76e-13
241,15,15,6409669.6660,4441.3220,3.159022,0.032107,3.514763,6.406466,0.0042,76.5429,23.4528,1.39e-13
242,15,15,6410115.9280,4441.3220,3.159053,0.045298,3.514768,6.406504,0.0047,5.3741,94.6212,1.21e-13
243,15,15,6410300.4378,4441.3220,3.159065,0.040293,3.514767,6.406503,0.0044,94.7855,5.2101,1.52e-13
244,15,15,6413640.7831,4441.3220,3.159292,0.025988,3.514767,6.406736,0.0032,39.5977,60.3991,1.32e-13
245,15,15,6413767.4327,4441.3220,3.159300,0.028673,3.514767,6.406736,0.0032,60.4224,39.5744,1.38e-13
246,15,15,6419498.9956,4441.3220,3.159688,0.022598,3.514763,6.407135,0.0027,71.9918,28.0055,1.60e-13
247,15,15,6419538.4412,4441.3220,3.159691,0.023032,3.514774,6.407135,0.0027,28.0595,71.9378,1.59e-13
248,15,15,6420053.0672,4441.3220,3.159726,0.016956,3.514769,6.407174,0.0023,8.9020,91.0957,1.55e-13
249,15,15,6420182.1163,4441.3220,3.159735,0.024788,3.514769,6.407176,0.0030,91.0503,8.9467,1.49e-13
250,15,15,6422922.8806,4441.3220,3.159920,0.021275,3.514770,6.407367,0.0025,68.6786,31.3190,1.39e-13
251,15,15,6423029.1550,4441.3220,3.159927,0.022247,3.514766,6.407367,0.0026,31.8039,68.1935,1.79e-13
252,15,15,6423281.9144,4441.3220,3.159944,0.023948,3.514774,6.407390,0.0024,2.1510,97.8467,1.69e-13
253,15,15,6423429.7992,4441.3220,3.159954,0.040765,3.514765,6.407398,0.0048,97.3537,2.6415,1.20e-13
254,15,15,6427493.2517,4441.3220,3.160229,0.019187,3.514768,6.407679,0.0023,0.2049,99.7929,1.66e-13
255,15,15,6427596.3168,4441.3220,3.160236,0.019412,3.514763,6.407679,0.0027,99.7915,0.2058,1.42e-13
256,15,15,6431058.6328,4441.3220,3.160470,0.015336,3.514775,6.407933,0.0014,30.2880,69.7106,2.14e-13
257,15,15,6431264.7554,4441.3220,3.160484,0.030133,3.514769,6.407937,0.0035,69.7811,30.2154,1.25e-13
258,15,15,6432602.2908,4441.3220,3.160574,0.018598,3.514775,6.408034,0.0022,70.4476,29.5503,1.53e-13
259,15,15,6432773.8813,4441.3220,3.160586,0.028826,3.514765,6.408035,0.0030,29.5225,70.4745,1.76e-13
260,15,15,6433049.2515,4441.3220,3.160605,0.015486,3.514767,6.408050,0.0021,1.8790,98.1189,1.51e-13
261,15,15,6433238.0643,4441.3220,3.160617,0.028391,3.514762,6.408054,0.0035,98.0706,1.9259,1.31e-13
262,15,15,6437184.7706,4441.3220,3.160884,0.012012,3.514771,6.408343,0.0016,88.9829,11.0155,2.02e-13
263,15,15,6437469.1300,4441.3220,3.160903,0.034264,3.514768,6.408348,0.0038,11.2004,88.7957,1.31e-13
264,15,15,6438957.1224,4441.3220,3.161004,0.022136,3.514771,6.408448,0.0025,88.5342,11.4633,1.64e-13
265,15,15,6439052.9066,4441.3220,3.161010,0.016969,3.514766,6.408448,0.0024,11.1232,88.8744,1.67e-13
266,15,15,6439425.4453,4441.3220,3.161035,0.021538,3.514768,6.408483,0.0025,21.3056,78.6919,1.18e-13
267,15,15,6439505.4752,4441.3220,3.161041,0.028656,3.514766,6.408484,0.0027,78.9768,21.0205,1.95e-13
268,15,15,6440257.7517,4441.3220,3.161091,0.015689,3.514772,6.408537,0.0015,18.3408,81.6577,1.92e-13
269,15,15,6440508.3540,4441.3220,3.161108,0.045138,3.514768,6.408545,0.0046,82.4318,17.5636,1.25e-13
270,15,15,6440619.0115,4441.3220,3.161116,0.020026,3.514771,6.408568,0.0021,98.2010,1.7969,1.85e-13
271,15,15,6440827.3688,4441.3220,3.161130,0.028084,3.514762,6.408572,0.0036,0.8608,99.1356,1.79e-13
272,15,15,6443089.2947,4441.3220,3.161282,0.027477,3.514769,6.408735,0.0029,73.5379,26.4592,1.50e-13
273,15,15,6443145.5989,4441.3220,3.161286,0.018360,3.514766,6.408733,0.0022,26.4734,73.5243,2.28e-13
274,15,15,6444022.0460,4441.3220,3.161345,0.022711,3.514770,6.408797,0.0022,99.3347,0.6631,1.89e-13
275,15,15,6444155.7104,4441.3220,3.161354,0.032597,3.514767,6.408800,0.0035,1.1230,98.8734,2.29e-13
276,15,15,6444520.1447,4441.3220,3.161379,0.018500,3.514768,6.408836,0.0019,19.8248,80.1733,2.56e-13
277,15,15,6444685.9692,4441.3220,3.161390,0.026026,3.514767,6.408838,0.0028,79.7634,20.2338,1.95e-13
278,15,15,6445680.4289,4441.3220,3.161457,0.018219,3.514766,6.408912,0.0020,91.0786,8.9195,1.89e-13
279,15,15,6445948.8197,4441.3220,3.161475,0.021866,3.514768,6.408914,0.0028,9.0474,90.9498,1.71e-13
280,15,15,6446605.2119,4441.3220,3.161520,0.019068,3.514768,6.408975,0.0019,97.4120,2.5861,1.78e-13
281,15,15,6446748.4783,4441.3220,3.161529,0.022280,3.514770,6.408978,0.0025,3.5390,96.4585,1.79e-13
282,15,15,6447098.8041,4441.3220,3.161553,0.018253,3.514772,6.409011,0.0017,94.9076,5.0907,1.99e-13
283,15,15,6447347.2802,4441.3220,3.161570,0.022538,3.514772,6.409013,0.0026,4.0372,95.9603,1.73e-13
284,15,15,6448001.0351,4441.3220,3.161614,0.015452,3.514768,6.409070,0.0014,56.5393,43.4593,2.44e-13
285,15,15,6448259.0472,4441.3220,3.161631,0.018553,3.514767,6.409073,0.0027,43.2076,56.7897,1.59e-13
286,15,15,6448676.8294,4441.3220,3.161659,0.016676,3.514771,6.409120,0.0018,51.1869,48.8113,2.11e-13
287,15,15,6448963.4340,4441.3220,3.161678,0.020395,3.514763,6.409128,0.0028,40.6523,59.3449,1.80e-13
288,15,15,6449045.5372,4441.3220,3.161684,0.022529,3.514770,6.409142,0.0020,63.3096,36.6884,2.21e-13
289,15,15,6449383.1252,4441.3220,3.161707,0.020365,3.514762,6.409149,0.0030,45.5452,54.4518,1.79e-13
290,15,15,6449816.4093,4441.3220,3.161736,0.030197,3.514766,6.409188,0.0026,35.0597,64.9377,1.49e-13
291,15,15,6449858.4239,4441.3220,3.161739,0.012889,3.514770,6.409186,0.0015,64.7013,35.2972,2.91e-13
292,15,15,6450183.6010,4441.3220,3.161761,0.012914,3.514769,6.409220,0.0019,70.4213,29.5768,2.18e-13
293,15,15,6450452.2551,4441.3220,3.161779,0.030229,3.514766,6.409223,0.0033,29.3157,70.6810,1.43e-13
294,15,15,6450910.8770,4441.3220,3.161810,0.021535,3.514774,6.409265,0.0017,54.5779,45.4204,2.51e-13
295,15,15,6451028.7625,4441.3220,3.161818,0.023557,3.514768,6.409268,0.0023,45.3714,54.6263,2.01e-13
296,15,15,6451313.2704,4441.3220,3.161837,0.017432,3.514770,6.409298,0.0019,1.1246,98.8735,2.44e-13
297,15,15,6451475.6058,4441.3220,3.161848,0.030190,3.514769,6.409302,0.0031,99.0498,0.9471,1.95e-13
298,15,15,6452229.5720,4441.3220,3.161899,0.022922,3.514770,6.409359,0.0022,25.0607,74.9371,2.16e-13
299,15,15,6452431.2309,4441.3220,3.161912,0.031735,3.514764,6.409363,0.0036,74.7862,25.2102,1.61e-13
300,15,15,6453067.9339,4441.3220,3.161955,0.014010,3.514769,6.409416,0.0020,90.2188,9.7792,1.86e-13
301,15,15,6453179.7231,4441.3220,3.161963,0.017073,3.514767,6.409415,0.0025,9.7995,90.1980,1.95e-13
302,15,15,6454283.2806,4441.3220,3.162037,0.022085,3.514771,6.409495,0.0025,89.6417,10.3558,1.82e-13
303,15,15,6454310.9142,4441.3220,3.162039,0.021015,3.514773,6.409494,0.0021,10.7175,89.2803,1.85e-13
304,15,15,6454786.0097,4441.3220,3.162071,0.017256,3.514772,6.409537,0.0016,90.6992,9.2992,1.96e-13
305,15,15,6455009.6192,4441.3220,3.162086,0.025369,3.514767,6.409541,0.0031,10.6007,89.3962,1.71e-13
306,15,15,6455067.6971,4441.3220,3.162090,0.025757,3.514769,6.409549,0.0028,69.0814,30.9158,1.33e-13
307,15,15,6455170.4907,4441.3220,3.162097,0.025845,3.514770,6.409551,0.0031,29.3228,70.6741,1.81e-13
308,15,15,6455968.3572,4441.3220,3.162150,0.017049,3.514771,6.409616,0.0018,23.0824,76.9159,1.77e-13
309,15,15,6456140.1368,4441.3220,3.162162,0.034873,3.514764,6.409621,0.0039,76.8857,23.1103,1.43e-13
310,15,15,6456876.2069,4441.3220,3.162211,0.020077,3.514767,6.409671,0.0021,99.6070,0.3909,1.66e-13
311,15,15,6457156.2513,4441.3220,3.162230,0.024276,3.514766,6.409674,0.0027,0.3679,99.6294,1.66e-13
312,15,15,6457603.6007,4441.3220,3.162260,0.014027,3.514772,6.409720,0.0017,0.8384,99.1599,1.95e-13
313,15,15,6457995.8787,4441.3220,3.162287,0.031247,3.514768,6.409726,0.0032,99.1301,0.8667,1.52e-13
314,15,15,6458642.1468,4441.3220,3.162330,0.017214,3.514771,6.409790,0.0019,30.2851,69.7130,1.83e-13
315,15,15,6458753.5797,4441.3220,3.162338,0.027427,3.514767,6.409792,0.0031,69.5890,30.4079,1.55e-13
316,15,15,6459545.5422,4441.3220,3.162391,0.022476,3.514773,6.409849,0.0022,92.0300,7.9679,1.87e-13
317,15,15,6459652.6315,4441.3220,3.162398,0.020373,3.514772,6.409850,0.0022,8.0652,91.9326,1.57e-13
318,15,15,6460848.2412,4441.3220,3.162479,0.018451,3.514768,6.409949,0.0023,24.5356,75.4620,1.69e-13
319,15,15,6461041.4436,4441.3220,3.162492,0.030777,3.514768,6.409951,0.0035,75.4400,24.5566,1.61e-13
320,15,15,6462032.2115,4441.3220,3.162558,0.029348,3.514771,6.410016,0.0029,93.0881,6.9091,1.71e-13
321,15,15,6462064.8020,4441.3220,3.162560,0.025570,3.514770,6.410016,0.0029,6.8993,93.0979,1.98e-13
322,15,15,6462978.8329,4441.3220,3.162622,0.024013,3.514768,6.410085,0.0023,89.9035,10.0942,1.43e-13
323,15,15,6463082.9412,4441.3220,3.162629,0.018847,3.514771,6.410097,0.0020,85.7398,14.2583,2.19e-13
324,15,15,6463168.4953,4441.3220,3.162635,0.026160,3.514767,6.410089,0.0030,19.9528,80.0441,1.69e-13
325,15,15,6463382.7261,4441.3220,3.162649,0.024421,3.514768,6.410102,0.0033,4.4082,95.5885,1.58e-13
326,15,15,6463874.6932,4441.3220,3.162682,0.022510,3.514765,6.410144,0.0025,55.3660,44.6315,1.81e-13
327,15,15,6463924.9891,4441.3220,3.162686,0.025432,3.514768,6.410144,0.0030,44.6840,55.3130,2.05e-13
328,15,15,6464974.8667,4441.3220,3.162756,0.016512,3.514772,6.410223,0.0017,12.4343,87.5641,2.75e-13
329,15,15,6465084.5005,4441.3220,3.162763,0.029986,3.514766,6.410227,0.0032,87.5162,12.4806,1.51e-13
330,15,15,6465254.4800,4441.3220,3.162775,0.019337,3.514770,6.410243,0.0019,95.1270,4.8711,2.15e-13
331,15,15,6465363.2651,4441.3220,3.162782,0.023394,3.514766,6.410245,0.0027,5.1761,94.8212,1.86e-13
332,15,15,6465661.3507,4441.3220,3.162802,0.017141,3.514770,6.410273,0.0019,98.8981,1.1000,2.23e-13
333,15,15,6465958.0055,4441.3220,3.162822,0.028737,3.514766,6.410278,0.0034,2.5932,97.4034,1.61e-13
334,15,15,6466122.1200,4441.3220,3.162833,0.023842,3.514767,6.410293,0.0027,0.7706,99.2267,1.90e-13
335,15,15,6466176.3719,4441.3220,3.162837,0.030291,3.514766,6.410293,0.0031,97.3840,2.6129,1.49e-13
336,15,15,6467375.0550,4441.3220,3.162917,0.013593,3.514771,6.410392,0.0014,89.6011,10.3974,2.38e-13
337,15,15,6467577.6806,4441.3220,3.162931,0.015415,3.514769,6.410403,0.0020,44.6255,55.3725,2.19e-13
338,15,15,6467745.8216,4441.3220,3.162942,0.026668,3.514767,6.410407,0.0031,70.1336,29.8633,1.38e-13
339,15,15,6467803.3811,4441.3220,3.162946,0.031141,3.514766,6.410409,0.0035,3.3293,96.6671,1.47e-13
340,15,15,6467981.9134,4441.3220,3.162958,0.027826,3.514769,6.410421,0.0031,87.3019,12.6950,1.25e-13
341,15,15,6468015.7113,4441.3220,3.162960,0.024447,3.514770,6.410428,0.0022,51.9059,48.0920,2.63e-13
342,15,15,6468107.6301,4441.3220,3.162967,0.029667,3.514764,6.410426,0.0033,17.8764,82.1203,1.60e-13
343,15,15,6468279.7306,4441.3220,3.162978,0.032701,3.514767,6.410437,0.0034,32.8661,67.1304,1.56e-13
344,15,15,6468427.6908,4441.3220,3.162988,0.026710,3.514771,6.410454,0.0027,3.1429,96.8544,1.76e-13
345,15,15,6468527.5401,4441.3220,3.162995,0.027032,3.514769,6.410457,0.0032,99.0050,0.9919,1.33e-13
346,15,15,6468900.7730,4441.3220,3.163020,0.017953,3.514772,6.410490,0.0018,98.2358,1.7624,2.34e-13
347,15,15,6469140.5522,4441.3220,3.163036,0.025909,3.514766,6.410494,0.0031,4.8135,95.1835,1.56e-13
348,15,15,6469426.1108,4441.3220,3.163055,0.019672,3.514771,6.410525,0.0022,93.4878,6.5100,2.07e-13
349,15,15,6469569.4341,4441.3220,3.163065,0.022130,3.514764,6.410529,0.0030,3.7735,96.2236,1.61e-13
350,15,15,6470069.5541,4441.3220,3.163098,0.020276,3.514769,6.410572,0.0026,17.1288,82.8686,1.64e-13
351,15,15,6470188.2141,4441.3220,3.163106,0.022006,3.514769,6.410576,0.0026,80.5266,19.4708,1.81e-13
352,15,15,6470278.5779,4441.3220,3.163113,0.024711,3.514770,6.410581,0.0025,17.6671,82.3304,2.03e-13
353,15,15,6470368.4044,4441.3220,3.163119,0.027535,3.514769,6.410581,0.0029,79.5905,20.4066,1.55e-13
354,15,15,6470527.5035,4441.3220,3.163129,0.019989,3.514771,6.410595,0.0025,18.5307,81.4668,1.50e-13
355,15,15,6470571.1200,4441.3220,3.163132,0.027579,3.514769,6.410600,0.0029,87.7606,12.2365,1.34e-13
356,15,15,6470829.3830,4441.3220,3.163150,0.023546,3.514771,6.410623,0.0022,80.1620,19.8358,1.84e-13
357,15,15,6471013.6191,4441.3220,3.163162,0.030428,3.514770,6.410628,0.0035,18.3339,81.6626,1.13e-13
358,15,15,6471255.8982,4441.3220,3.163178,0.015141,3.514769,6.410650,0.0021,82.5201,17.4779,1.46e-13
359,15,15,6471423.0749,4441.3220,3.163189,0.026871,3.514764,6.410654,0.0033,17.6292,82.3675,1.30e-13
360,15,15,6471529.4568,4441.3220,3.163197,0.022918,3.514769,6.410669,0.0027,5.7652,94.2321,2.06e-13
361,15,15,6471678.1238,4441.3220,3.163207,0.031748,3.514768,6.410670,0.0030,94.3282,5.6687,1.49e-13
362,15,15,6472216.2546,4441.3220,3.163243,0.019191,3.514769,6.410716,0.0023,97.9109,2.0868,1.65e-13
363,15,15,6472294.8374,4441.3220,3.163248,0.022448,3.514768,6.410718,0.0022,12.0396,87.9582,1.54e-13
364,15,15,6472480.3930,4441.3220,3.163260,0.024770,3.514771,6.410732,0.0023,88.4198,11.5779,1.46e-13
365,15,15,6472561.2407,4441.3220,3.163266,0.014970,3.514772,6.410741,0.0019,81.7124,18.2858,1.86e-13
366,15,15,6472641.0238,4441.3220,3.163271,0.027443,3.514764,6.410736,0.0031,18.4517,81.5452,1.20e-13
367,15,15,6473025.0649,4441.3220,3.163297,0.040029,3.514765,6.410752,0.0047,1.7852,98.2101,1.09e-13
368,15,15,6473506.4095,4441.3220,3.163329,0.020465,3.514767,6.410800,0.0023,2.8390,97.1588,2.11e-13
369,15,15,6473509.6376,4441.3220,3.163329,0.025728,3.514770,6.410804,0.0026,96.8510,3.1464,2.36e-13
370,15,15,6473725.4101,4441.3220,3.163344,0.014323,3.514769,6.410813,0.0018,90.6530,9.3452,1.94e-13
371,15,15,6473768.6190,4441.3220,3.163347,0.019025,3.514771,6.410807,0.0019,8.5851,91.4130,2.12e-13
372,15,15,6473929.6379,4441.3220,3.163358,0.021986,3.514768,6.410821,0.0025,14.7113,85.2862,1.85e-13
373,15,15,6473952.6889,4441.3220,3.163359,0.022167,3.514768,6.410820,0.0029,85.8578,14.1393,1.43e-13
374,15,15,6474278.3500,4441.3220,3.163381,0.018297,3.514769,6.410854,0.0021,87.0708,12.9271,1.98e-13
375,15,15,6474360.2299,4441.3220,3.163387,0.018345,3.514770,6.410855,0.0021,14.0904,85.9075,1.78e-13
376,15,15,6474407.0687,4441.3220,3.163390,0.025359,3.514770,6.410857,0.0028,41.5420,58.4552,2.13e-13
377,15,15,6474473.1348,4441.3220,3.163394,0.023994,3.514770,6.410857,0.0028,58.9899,41.0073,1.65e-13
378,15,15,6474591.7435,4441.3220,3.163402,0.022562,3.514770,6.410869,0.0023,35.6461,64.3516,1.95e-13
379,15,15,6474627.8184,4441.3220,3.163405,0.025540,3.514768,6.410870,0.0030,62.3577,37.6394,1.31e-13
380,15,15,6475036.4857,4441.3220,3.163432,0.018661,3.514768,6.410909,0.0023,36.6234,63.3743,2.24e-13
381,15,15,6475099.1206,4441.3220,3.163436,0.021654,3.514772,6.410909,0.0021,63.6897,36.3082,1.50e-13
382,15,15,6475316.3637,4441.3220,3.163451,0.034263,3.514767,6.410927,0.0038,77.9042,22.0920,1.57e-13
383,15,15,6475373.3526,4441.3220,3.163455,0.032499,3.514768,6.410923,0.0032,9.9717,90.0251,1.44e-13
384,15,15,6475417.6311,4441.3220,3.163458,0.031050,3.514770,6.410930,0.0029,17.9630,82.0341,1.87e-13
385,15,15,6475505.4706,4441.3220,3.163463,0.023579,3.514770,6.410933,0.0024,85.9365,14.0611,1.37e-13
386,15,15,6475600.7902,4441.3220,3.163470,0.015868,3.514770,6.410945,0.0021,58.8278,41.1701,1.96e-13
387,15,15,6475627.9340,4441.3220,3.163472,0.021684,3.514771,6.410946,0.0024,42.3448,57.6528,1.80e-13
388,15,15,6475807.8361,4441.3220,3.163484,0.023433,3.514771,6.410955,0.0025,85.1739,14.8236,1.87e-13
389,15,15,6475847.7368,4441.3220,3.163486,0.017683,3.514765,6.410959,0.0027,15.6600,84.3373,1.45e-13
390,15,15,6476008.8844,4441.3220,3.163497,0.029951,3.514768,6.410971,0.0029,23.3534,76.6437,1.74e-13
391,15,15,6476127.4951,4441.3220,3.163505,0.025668,3.514769,6.410975,0.0028,80.4039,19.5933,1.64e-13
392,15,15,6476153.8080,4441.3220,3.163507,0.018082,3.514766,6.410983,0.0026,75.3493,24.6482,1.60e-13
393,15,15,6476199.5552,4441.3220,3.163510,0.026901,3.514768,6.410982,0.0031,27.4645,72.5325,1.43e-13
394,15,15,6476333.5348,4441.3220,3.163519,0.020114,3.514769,6.410997,0.0023,7.6800,92.3177,2.02e-13
395,15,15,6476393.9899,4441.3220,3.163523,0.013219,3.514767,6.410999,0.0019,91.4126,8.5855,1.97e-13
396,15,15,6476453.8767,4441.3220,3.163527,0.021891,3.514770,6.410999,0.0030,89.2659,10.7311,1.54e-13
397,15,15,6476596.3011,4441.3220,3.163537,0.025441,3.514765,6.411004,0.0033,8.6620,91.3347,1.36e-13
398,15,15,6476689.3019,4441.3220,3.163543,0.027767,3.514768,6.411020,0.0029,19.4589,80.5381,1.77e-13
399,15,15,6476721.6126,4441.3220,3.163545,0.026181,3.514768,6.411020,0.0029,5.2725,94.7245,1.99e-13
400,15,15,6476774.5282,4441.3220,3.163549,0.023743,3.514771,6.411028,0.0024,89.2559,10.7417,2.04e-13
401,15,15,6476838.0760,4441.3220,3.163553,0.032232,3.514769,6.411024,0.0030,89.7779,10.2191,1.57e-13
402,15,15,6476841.9596,4441.3220,3.163553,0.023969,3.514769,6.411029,0.0030,11.6585,88.3385,1.95e-13
403,15,15,6476912.3710,4441.3220,3.163558,0.025047,3.514769,6.411034,0.0025,93.8121,6.1854,1.74e-13
404,15,15,6477019.8001,4441.3220,3.163565,0.030704,3.514768,6.411035,0.0032,82.6917,17.3051,2.06e-13
405,15,15,6477108.3666,4441.3220,3.163571,0.025994,3.514768,6.411048,0.0030,13.4940,86.5030,1.81e-13
406,15,15,6477135.1726,4441.3220,3.163573,0.026265,3.514767,6.411051,0.0031,60.0558,39.9411,1.47e-13
407,15,15,6477233.9357,4441.3220,3.163579,0.031073,3.514765,6.411052,0.0038,40.1777,59.8184,1.33e-13
408,15,15,6477302.9549,4441.3220,3.163584,0.029769,3.514770,6.411062,0.0036,31.9800,68.0164,2.35e-13
409,15,15,6477371.5706,4441.3220,3.163589,0.031616,3.514766,6.411062,0.0035,64.3586,35.6379,1.27e-13
410,15,15,6477482.6161,4441.3220,3.163596,0.019660,3.514770,6.411074,0.0024,12.2805,87.7171,1.37e-13
411,15,15,6477516.7522,4441.3220,3.163598,0.021012,3.514770,6.411077,0.0022,79.7264,20.2714,2.20e-13
412,15,15,6477588.4392,4441.3220,3.163603,0.025589,3.514770,6.411077,0.0025,90.4251,9.5724,1.76e-13
413,15,15,6477652.4960,4441.3220,3.163608,0.027820,3.514766,6.411084,0.0033,20.3727,79.6239,1.15e-13
414,15,15,6477762.4977,4441.3220,3.163615,0.021306,3.514768,6.411095,0.0021,50.0490,49.9489,1.75e-13
415,15,15,6477809.4757,4441.3220,3.163618,0.031489,3.514769,6.411095,0.0033,49.2844,50.7123,1.25e-13
416,15,15,6477864.9455,4441.3220,3.163622,0.012421,3.514769,6.411094,0.0019,74.2962,25.7019,1.37e-13
417,15,15,6477962.1281,4441.3220,3.163628,0.025071,3.514770,6.411102,0.0028,27.3114,72.6858,1.90e-13
418,15,15,6478079.8649,4441.3220,3.163636,0.013508,3.514773,6.411120,0.0014,49.4040,50.5947,2.72e-13
419,15,15,6478143.9676,4441.3220,3.163640,0.016540,3.514770,6.411120,0.0019,66.8498,33.1483,2.18e-13
420,15,15,6478233.0100,4441.3220,3.163646,0.027197,3.514768,6.411126,0.0027,66.6143,33.3830,1.05e-13
421,15,15,6478292.9478,4441.3220,3.163650,0.017649,3.514768,6.411128,0.0019,85.3902,14.6079,1.97e-13
422,15,15,6478340.6245,4441.3220,3.163654,0.016302,3.514769,6.411131,0.0021,25.9368,74.0611,1.67e-13
423,15,15,6478356.5866,4441.3220,3.163655,0.024075,3.514769,6.411131,0.0025,18.3613,81.6362,1.67e-13
424,15,15,6478459.1546,4441.3220,3.163662,0.022402,3.514767,6.411131,0.0027,34.9023,65.0950,1.81e-13
425,15,15,6478503.1570,4441.3220,3.163665,0.018970,3.514767,6.411140,0.0023,53.5131,46.4846,2.07e-13
426,15,15,6478560.3128,4441.3220,3.163668,0.017452,3.514768,6.411149,0.0024,26.6311,73.3665,1.41e-13
427,15,15,6478619.5988,4441.3220,3.163672,0.022214,3.514770,6.411157,0.0024,32.9573,67.0403,2.04e-13
428,15,15,6478704.6104,4441.3220,3.163678,0.014847,3.514771,6.411149,0.0017,65.3576,34.6407,2.08e-13
429,15,15,6478739.5733,4441.3220,3.163680,0.026912,3.514765,6.411155,0.0034,67.5480,32.4486,1.53e-13
430,15,15,6478766.2562,4441.3220,3.163682,0.025724,3.514766,6.411158,0.0030,66.3135,33.6835,1.46e-13
431,15,15,6478885.5563,4441.3220,3.163690,0.020572,3.514769,6.411169,0.0024,14.2386,85.7590,1.61e-13
432,15,15,6478929.3610,4441.3220,3.163693,0.025992,3.514764,6.411160,0.0032,31.0954,68.9014,1.96e-13
433,15,15,6478934.9542,4441.3220,3.163694,0.024977,3.514771,6.411171,0.0022,90.1698,9.8280,1.32e-13
434,15,15,6479047.0185,4441.3220,3.163701,0.023208,3.514769,6.411179,0.0025,32.8837,67.1138,1.67e-13
435,15,15,6479117.7861,4441.3220,3.163706,0.022838,3.514769,6.411187,0.0023,41.8642,58.1336,1.97e-13
436,15,15,6479145.2544,4441.3220,3.163708,0.026263,3.514768,6.411186,0.0027,47.3896,52.6077,1.64e-13
437,15,15,6479165.0476,4441.3220,3.163709,0.016726,3.514771,6.411194,0.0021,84.0080,15.9899,1.78e-13
438,15,15,6479244.4126,4441.3220,3.163714,0.018372,3.514769,6.411196,0.0019,59.6418,40.3563,2.32e-13
439,15,15,6479265.7286,4441.3220,3.163716,0.024303,3.514772,6.411199,0.0020,35.1347,64.8634,1.43e-13
440,15,15,6479344.2964,4441.3220,3.163721,0.016269,3.514770,6.411203,0.0023,21.9979,77.9998,1.24e-13
441,15,15,6479386.8639,4441.3220,3.163724,0.030474,3.514766,6.411204,0.0040,78.0595,21.9365,1.60e-13
442,15,15,6479444.4962,4441.3220,3.163728,0.018923,3.514772,6.411211,0.0019,46.4232,53.5749,2.14e-13
443,15,15,6479478.0491,4441.3220,3.163730,0.016888,3.514769,6.411215,0.0021,45.0497,54.9482,1.53e-13
444,15,15,6479492.3153,4441.3220,3.163731,0.012703,3.514770,6.411215,0.0017,57.2929,42.7055,1.94e-13
445,15,15,6479531.6518,4441.3220,3.163734,0.021050,3.514772,6.411215,0.0021,45.9735,54.0243,2.00e-13
446,15,15,6479577.9132,4441.3220,3.163737,0.028660,3.514763,6.411212,0.0035,19.3865,80.6099,1.50e-13
447,15,15,6479597.6529,4441.3220,3.163738,0.020749,3.514771,6.411219,0.0021,77.1899,22.8080,1.05e-13
448,15,15,6479631.1335,4441.3220,3.163740,0.026932,3.514770,6.411222,0.0028,33.0557,66.9415,1.98e-13
449,15,15,6479658.8529,4441.3220,3.163742,0.025944,3.514769,6.411222,0.0026,68.3502,31.6473,1.73e-13
450,15,15,6479705.9588,4441.3220,3.163745,0.021262,3.514767,6.411227,0.0026,36.1602,63.8371,1.40e-13
451,15,15,6479764.5522,4441.3220,3.163749,0.015520,3.514768,6.411233,0.0024,53.7246,46.2730,1.55e-13
452,15,15,6479778.3183,4441.3220,3.163750,0.028050,3.514770,6.411237,0.0025,72.5992,27.3984,2.24e-13
453,15,15,6479790.1582,4441.3220,3.163751,0.016937,3.514771,6.411238,0.0017,87.4077,12.5907,1.90e-13
454,15,15,6479825.8907,4441.3220,3.163753,0.023295,3.514771,6.411239,0.0021,30.4708,69.5271,1.85e-13
455,15,15,6479881.6022,4441.3220,3.163757,0.017478,3.514769,6.411246,0.0020,82.9623,17.0358,2.03e-13
456,15,15,6479904.3626,4441.3220,3.163759,0.016007,3.514771,6.411245,0.0017,44.6130,55.3853,2.15e-13
457,15,15,6479940.0004,4441.3220,3.163761,0.010921,3.514769,6.411252,0.0016,55.9055,44.0929,2.60e-13
458,15,15,6479944.6335,4441.3220,3.163761,0.015568,3.514770,6.411250,0.0016,42.6433,57.3551,1.87e-13
459,15,15,6479978.9390,4441.3220,3.163764,0.017627,3.514771,6.411249,0.0019,20.5696,79.4285,2.15e-13
460,15,15,6480021.5720,4441.3220,3.163766,0.016600,3.514770,6.411252,0.0018,67.3633,32.6349,2.15e-13
461,15,15,6480029.6016,4441.3220,3.163767,0.016925,3.514772,6.411257,0.0019,27.5545,72.4436,1.60e-13
462,15,15,6480068.4375,4441.3220,3.163770,0.019200,3.514769,6.411254,0.0023,54.8285,45.1692,1.86e-13
463,15,15,6480100.1746,4441.3220,3.163772,0.021409,3.514770,6.411258,0.0021,60.9597,39.0381,2.25e-13
464,15,15,6480107.6510,4441.3220,3.163772,0.018909,3.514769,6.411256,0.0023,72.8242,27.1735,1.43e-13
465,15,15,6480143.8723,4441.3220,3.163775,0.020350,3.514771,6.411261,0.0021,27.3122,72.6856,1.63e-13
466,15,15,6480190.5303,4441.3220,3.163778,0.024864,3.514768,6.411264,0.0025,37.3977,62.5997,1.47e-13
467,15,15,6480203.4508,4441.3220,3.163779,0.024872,3.514770,6.411268,0.0024,43.2154,56.7822,1.82e-13
468,15,15,6480216.7336,4441.3220,3.163780,0.018124,3.514769,6.411267,0.0025,82.4274,17.5701,1.42e-13
469,15,15,6480259.6213,4441.3220,3.163782,0.021164,3.514769,6.411273,0.0021,37.5999,62.3980,1.47e-13
470,15,15,6480290.8298,4441.3220,3.163784,0.021117,3.514767,6.411273,0.0023,57.4178,42.5799,1.67e-13
471,15,15,6480299.7034,4441.3220,3.163785,0.014402,3.514771,6.411276,0.0015,42.7205,57.2781,2.56e-13
472,15,15,6480317.1184,4441.3220,3.163786,0.013179,3.514772,6.411279,0.0011,78.8364,21.1624,2.26e-13
473,15,15,6480336.4981,4441.3220,3.163788,0.019343,3.514769,6.411274,0.0023,70.8119,29.1858,1.53e-13
474,15,15,6480338.9721,4441.3220,3.163788,0.011513,3.514771,6.411281,0.0014,71.4499,28.5488,2.76e-13
475,15,15,6480366.4700,4441.3220,3.163790,0.011565,3.514770,6.411285,0.0017,25.2934,74.7050,1.43e-13
476,15,15,6480406.5622,4441.3220,3.163792,0.017871,3.514769,6.411280,0.0019,47.8110,52.1871,1.98e-13
477,15,15,6480425.4518,4441.3220,3.163794,0.015246,3.514769,6.411281,0.0020,62.9633,37.0347,1.71e-13
478,15,15,6480431.6311,4441.3220,3.163794,0.019994,3.514771,6.411283,0.0023,14.6412,85.3565,2.24e-13
479,15,15,6480457.3882,4441.3220,3.163796,0.016996,3.514771,6.411288,0.0017,26.0658,73.9325,1.27e-13
480,15,15,6480466.8640,4441.3220,3.163796,0.019040,3.514772,6.411289,0.0016,56.2516,43.7468,1.90e-13
481,15,15,6480486.2210,4441.3220,3.163798,0.018146,3.514770,6.411288,0.0023,72.8645,27.1332,1.53e-13
482,15,15,6480533.6779,4441.3220,3.163801,0.014046,3.514769,6.411294,0.0018,32.6250,67.3732,1.67e-13
483,15,15,6480534.5334,4441.3220,3.163801,0.017345,3.514771,6.411293,0.0017,35.2658,64.7325,1.60e-13
484,15,15,6480542.9949,4441.3220,3.163801,0.022576,3.514768,6.411294,0.0025,43.3981,56.5994,1.53e-13
485,15,15,6480564.4399,4441.3220,3.163803,0.015164,3.514770,6.411297,0.0020,36.9024,63.0956,1.95e-13
486,15,15,6480577.8039,4441.3220,3.163804,0.013615,3.514771,6.411300,0.0013,35.9479,64.0508,2.15e-13
487,15,15,6480595.8262,4441.3220,3.163805,0.019054,3.514769,6.411298,0.0025,60.7932,39.2043,1.95e-13
488,15,15,6480612.0730,4441.3220,3.163806,0.013970,3.514771,6.411300,0.0017,38.7167,61.2816,1.71e-13
489,15,15,6480627.9659,4441.3220,3.163807,0.017085,3.514770,6.411302,0.0020,48.0330,51.9650,2.04e-13
490,15,15,6480635.7367,4441.3220,3.163808,0.013321,3.514772,6.411307,0.0012,43.1672,56.8317,2.50e-13
491,15,15,6480649.2136,4441.3220,3.163809,0.014445,3.514770,6.411307,0.0017,55.7447,44.2536,1.73e-13
492,15,15,6480653.8416,4441.3220,3.163809,0.015954,3.514769,6.411304,0.0019,54.2790,45.7191,1.96e-13
493,15,15,6480660.7801,4441.3220,3.163809,0.012125,3.514771,6.411307,0.0015,44.9444,55.0541,2.51e-13
494,15,15,6480678.1274,4441.3220,3.163810,0.012300,3.514773,6.411312,0.0012,73.6559,26.3429,2.74e-13
495,15,15,6480688.2389,4441.3220,3.163811,0.019702,3.514769,6.411305,0.0021,39.2097,60.7882,1.89e-13
496,15,15,6480694.5799,4441.3220,3.163812,0.017679,3.514769,6.411307,0.0021,51.8469,48.1509,1.46e-13
497,15,15,6480700.9343,4441.3220,3.163812,0.015560,3.514771,6.411310,0.0017,40.8152,59.1831,2.66e-13
498,15,15,6480710.9418,4441.3220,3.163813,0.010281,3.514772,6.411313,0.0012,38.9971,61.0017,2.24e-13
499,15,15,6480716.8568,4441.3220,3.163813,0.010262,3.514772,6.411313,0.0012,56.6615,43.3373,2.77e-13
500,15,15,6480721.2178,4441.3220,3.163813,0.008231,3.514772,6.411314,0.0012,46.9492,53.0497,3.70e-13
501,15,15,6480725.4947,4441.3220,3.163814,0.009061,3.514773,6.411314,0.0010,61.7838,38.2152,2.20e-13
502,15,15,6480731.9448,4441.3220,3.163814,0.010282,3.514771,6.411314,0.0015,57.4747,42.5238,2.29e-13
503,15,15,6480738.4611,4441.3220,3.163815,0.008244,3.514773,6.411319,0.0008,34.4139,65.5852,3.60e-13
504,15,15,6480744.1001,4441.3220,3.163815,0.002912,3.514774,6.411326,0.0003,52.8390,47.1606,4.38e-13
505,15,15,6480745.1418,4441.3220,3.163815,0.007470,3.514773,6.411323,0.0007,61.7357,38.2635,2.99e-13
506,15,15,6480748.3779,4441.3220,3.163815,0.005872,3.514773,6.411323,0.0007,42.7390,57.2603,3.56e-13
507,15,15,6480749.0314,4441.3220,3.163815,0.003560,3.514774,6.411327,0.0003,43.2867,56.7130,4.77e-13
508,15,15,6480750.0310,4441.3220,3.163815,0.001385,3.514774,6.411330,0.0002,41.7980,58.2018,5.22e-13
509,15,15,6480750.5425,4441.3220,3.163815,0.003562,3.514774,6.411328,0.0003,56.5648,43.4349,4.43e-13
510,15,15,6480753.1008,4441.3220,3.163815,0.010845,3.514771,6.411320,0.0011,48.1269,51.8720,2.01e-13
511,15,15,6480757.4198,4441.3220,3.163816,0.006931,3.514773,6.411325,0.0006,57.8365,42.1629,3.83e-13
512,15,15,6480759.6802,4441.3220,3.163816,0.004244,3.514774,6.411327,0.0005,49.8239,50.1757,3.58e-13
513,15,15,6480761.8858,4441.3220,3.163816,0.005189,3.514773,6.411326,0.0006,45.0127,54.9867,3.38e-13
514,15,15,6480762.5882,4441.3220,3.163816,0.005142,3.514772,6.411325,0.0006,39.0512,60.9482,3.72e-13
515,15,15,6480764.5682,4441.3220,3.163816,0.004791,3.514774,6.411327,0.0005,54.3956,45.6039,3.61e-13
516,15,15,6480771.8626,4441.3220,3.163817,0.006860,3.514774,6.411324,0.0007,48.6759,51.3234,2.39e-13
517,15,15,6480774.3599,4441.3220,3.163817,0.004891,3.514772,6.411327,0.0006,59.8620,40.1373,3.55e-13
518,15,15,6480776.3033,4441.3220,3.163817,0.014380,3.514772,6.411323,0.0013,47.3888,52.6099,2.81e-13
519,15,15,6480776.9794,4441.3220,3.163817,0.006366,3.514773,6.411329,0.0006,17.9516,82.0479,2.31e-13
520,15,15,6480779.4428,4441.3220,3.163817,0.005161,3.514772,6.411326,0.0007,71.8411,28.1581,3.00e-13
521,15,15,6480782.4693,4441.3220,3.163817,0.011132,3.514773,6.411323,0.0011,67.1643,32.8346,2.15e-13
522,15,15,6480785.2734,4441.3220,3.163818,0.008855,3.514772,6.411326,0.0009,51.5540,48.4450,2.39e-13
523,15,15,6480791.1015,4441.3220,3.163818,0.013245,3.514772,6.411322,0.0014,58.0888,41.9098,1.83e-13
524,15,15,6480797.3927,4441.3220,3.163818,0.008363,3.514772,6.411325,0.0008,64.6581,35.3411,2.01e-13
525,15,15,6480801.3943,4441.3220,3.163819,0.008653,3.514771,6.411323,0.0013,52.9337,47.0649,1.53e-13
526,15,15,6480805.1090,4441.3220,3.163819,0.011226,3.514772,6.411323,0.0012,34.9794,65.0194,1.70e-13
527,15,15,6480811.1731,4441.3220,3.163819,0.020657,3.514769,6.411318,0.0024,56.2887,43.7089,1.82e-13
528,15,15,6480817.7893,4441.3220,3.163820,0.016568,3.514771,6.411322,0.0019,62.6570,37.3411,1.22e-13
529,15,15,6480821.7933,4441.3220,3.163820,0.012875,3.514771,6.411326,0.0013,42.3400,57.6587,1.72e-13
530,15,15,6480825.4376,4441.3220,3.163820,0.017960,3.514771,6.411322,0.0016,38.7299,61.2684,1.89e-13
531,15,15,6480829.7332,4441.3220,3.163821,0.018773,3.514771,6.411323,0.0020,58.7398,41.2582,1.25e-13
532,15,15,6480832.0489,4441.3220,3.163821,0.014155,3.514770,6.411325,0.0016,50.8828,49.1156,1.59e-13
533,15,15,6480833.4826,4441.3220,3.163821,0.017715,3.514770,6.411325,0.0019,47.2315,52.7666,1.70e-13
534,15,15,6480842.1851,4441.3220,3.163821,0.016009,3.514770,6.411322,0.0018,60.0393,39.9589,1.23e-13
535,15,15,6480846.9720,4441.3220,3.163822,0.016052,3.514770,6.411324,0.0021,45.2360,54.7619,1.67e-13
536,15,15,6480852.1864,4441.3220,3.163822,0.015138,3.514770,6.411326,0.0017,56.6634,43.3349,1.63e-13
537,15,15,6480862.9295,4441.3220,3.163823,0.021604,3.514768,6.411325,0.0023,41.1159,58.8818,1.25e-13
538,15,15,6480871.5514,4441.3220,3.163823,0.023564,3.514769,6.411320,0.0025,49.9614,50.0361,1.67e-13
539,15,15,6480874.8181,4441.3220,3.163824,0.021567,3.514769,6.411325,0.0025,60.6889,39.3086,1.30e-13
540,15,15,6480884.7390,4441.3220,3.163824,0.030479,3.514766,6.411321,0.0033,52.2709,47.7259,1.15e-13
541,15,15,6480892.1710,4441.3220,3.163825,0.022368,3.514769,6.411324,0.0026,52.1126,47.8848,1.68e-13
542,15,15,6480894.3426,4441.3220,3.163825,0.018500,3.514769,6.411324,0.0021,64.0743,35.9236,1.32e-13
543,15,15,6480903.6076,4441.3220,3.163826,0.026213,3.514768,6.411327,0.0031,28.3345,71.6624,1.32e-13
544,15,15,6480913.7808,4441.3220,3.163826,0.020572,3.514769,6.411324,0.0027,56.9528,43.0445,1.16e-13
545,15,15,6480921.7149,4441.3220,3.163827,0.022174,3.514768,6.411326,0.0026,61.6626,38.3348,1.15e-13
546,15,15,6480934.5025,4441.3220,3.163828,0.027325,3.514769,6.411321,0.0028,67.0711,32.9261,1.38e-13
547,15,15,6480958.3328,4441.3220,3.163829,0.042279,3.514764,6.411325,0.0045,60.8692,39.1263,1.29e-13
548,15,15,6480968.8728,4441.3220,3.163830,0.035031,3.514767,6.411328,0.0034,27.2607,72.7359,1.55e-13
549,15,15,6480973.6124,4441.3220,3.163830,0.037168,3.514766,6.411321,0.0036,31.5778,68.4186,9.37e-14
550,15,15,6480983.5305,4441.3220,3.163831,0.039824,3.514765,6.411327,0.0044,57.5081,42.4875,1.01e-13
551,15,15,6480986.6409,4441.3220,3.163831,0.038607,3.514763,6.411325,0.0049,54.1267,45.8685,9.77e-14
552,15,15,6481004.2728,4441.3220,3.163832,0.036424,3.514765,6.411323,0.0047,46.9749,53.0205,1.04e-13
553,15,15,6481015.1779,4441.3220,3.163833,0.042055,3.514764,6.411325,0.0047,33.0916,66.9037,1.24e-13
554,15,15,6481044.0432,4441.3220,3.163835,0.044234,3.514762,6.411329,0.0055,71.1158,28.8787,7.08e-14
555,15,15,6481061.8247,4441.3220,3.163836,0.047635,3.514762,6.411326,0.0057,47.4130,52.5812,9.12e-14
556,15,15,6481072.4215,4441.3220,3.163837,0.037319,3.514763,6.411321,0.0046,20.8378,79.1576,1.06e-13
557,15,15,6481097.2771,4441.3220,3.163839,0.051712,3.514760,6.411329,0.0063,34.3662,65.6274,9.38e-14
558,15,15,6481110.8224,4441.3220,3.163839,0.045535,3.514761,6.411320,0.0057,67.0346,32.9596,8.21e-14
559,15,15,6481141.5389,4441.3220,3.163842,0.060085,3.514761,6.411324,0.0067,36.2495,63.7438,6.92e-14
560,15,15,6481145.8041,4441.3220,3.163842,0.039045,3.514765,6.411314,0.0049,54.3168,45.6783,8.89e-14
561,15,15,6481158.9836,4441.3220,3.163843,0.048984,3.514762,6.411321,0.0058,36.6705,63.3237,8.34e-14
562,15,15,6481194.6693,4441.3220,3.163845,0.064664,3.514757,6.411335,0.0082,9.6472,90.3447,6.29e-14
563,15,15,6481211.2901,4441.3220,3.163846,0.058833,3.514757,6.411331,0.0071,58.6119,41.3810,8.66e-14
564,15,15,6481230.3884,4441.3220,3.163847,0.055799,3.514758,6.411330,0.0069,34.7390,65.2540,8.17e-14
565,15,15,6481237.3688,4441.3220,3.163848,0.049938,3.514761,6.411324,0.0057,76.2424,23.7519,7.83e-14
566,15,15,6481265.6293,4441.3220,3.163850,0.050818,3.514763,6.411324,0.0058,46.8541,53.1401,8.29e-14
567,15,15,6481271.4140,4441.3220,3.163850,0.050531,3.514762,6.411320,0.0056,71.7503,28.2441,9.45e-14
568,15,15,6481275.7079,4441.3220,3.163851,0.048383,3.514761,6.411327,0.0059,36.8217,63.1724,8.79e-14
569,15,15,6481289.8275,4441.3220,3.163851,0.034212,3.514765,6.411322,0.0036,52.2629,47.7335,1.19e-13
570,15,15,6481300.0908,4441.3220,3.163852,0.040187,3.514763,6.411321,0.0047,71.8829,28.1124,9.33e-14
571,15,15,6481340.8565,4441.3220,3.163855,0.079223,3.514751,6.411338,0.0101,10.6194,89.3705,5.89e-14
572,15,15,6481388.7211,4441.3220,3.163858,0.076473,3.514757,6.411318,0.0086,45.3393,54.6521,6.73e-14
573,15,15,6481630.9039,4441.3220,3.163874,0.104854,3.514745,6.411343,0.0134,96.7452,3.2415,5.40e-14
574,15,15,6481665.5620,4441.3220,3.163877,0.099048,3.514744,6.411344,0.0142,98.1483,1.8376,6.49e-14
575,15,15,6481695.5959,4441.3220,3.163879,0.076086,3.514755,6.411325,0.0092,7.6853,92.3055,6.95e-14
576,15,15,6482044.3444,4441.3220,3.163902,0.082707,3.514744,6.411348,0.0125,46.9305,53.0570,8.08e-14
577,15,15,6482060.2550,4441.3220,3.163903,0.085157,3.514744,6.411348,0.0125,45.4465,54.5410,4.85e-14
