mode_rank,matched_m,matched_n,Omega_FEM,Omega_exact,log10_Error_Omega,log10_Error_L2_w,log10_Error_L2_phi,W_energy_pct,Phi1_energy_pct,Phi2_energy_pct,relative_residual
1,1,2,59.3546,49.3480,-0.692983,1.800680,1.650396,99.9998,0.0001,0.0001,2.86e-06
2,2,2,85.5817,78.9568,-1.076210,1.801114,1.722206,99.9995,0.0003,0.0002,1.62e-06
3,1,3,101.7784,98.6960,-1.505420,1.800620,1.691525,99.9995,0.0002,0.0003,1.17e-06
4,2,3,119.9386,128.3049,-1.185713,1.800923,1.728874,99.9992,0.0004,0.0003,1.15e-06
5,2,3,132.9274,128.3049,-1.443364,1.800971,1.750059,99.9992,0.0003,0.0006,1.01e-06
6,2,3,136.4152,128.3049,-1.199206,1.801062,1.762521,99.9991,0.0006,0.0003,8.24e-07
7,1,4,166.8643,167.7833,-2.261442,1.804179,1.761816,99.9989,0.0006,0.0005,4.49e-07
8,3,3,174.5383,177.6529,-1.756177,1.801395,1.751481,99.9988,0.0005,0.0007,5.00e-07
9,2,4,196.8307,197.3921,-2.546035,1.802168,1.770504,99.9986,0.0009,0.0006,4.40e-07
10,2,4,206.1791,197.3921,-1.351490,1.800972,1.753512,99.9987,0.0006,0.0007,4.24e-07
11,2,4,212.3704,197.3921,-1.119867,1.804453,1.772224,99.9986,0.0006,0.0008,3.43e-07
12,3,4,225.9000,246.7401,-1.073340,1.800947,1.744276,99.9984,0.0010,0.0006,3.55e-07
13,3,4,248.8530,246.7401,-2.067358,1.799853,1.755135,99.9983,0.0008,0.0009,2.90e-07
14,1,5,268.3650,256.6097,-1.339040,1.804240,1.700370,99.9987,0.0004,0.0009,3.00e-07
15,2,5,271.8848,286.2185,-1.300338,1.802688,1.720903,99.9984,0.0008,0.0008,2.53e-07
16,2,5,278.5078,286.2185,-1.569605,1.802599,1.759198,99.9980,0.0010,0.0009,2.40e-07
17,2,5,282.3217,286.2185,-1.865989,1.802433,1.730302,99.9983,0.0007,0.0010,2.41e-07
18,2,5,290.8774,286.2185,-1.788413,1.800044,1.716859,99.9984,0.0008,0.0008,2.13e-07
19,2,5,296.0727,286.2185,-1.463079,1.800891,1.719867,99.9984,0.0010,0.0006,2.26e-07
20,4,4,304.9761,315.8273,-1.463969,1.801202,1.681351,99.9985,0.0007,0.0008,2.62e-07
21,4,4,320.4867,315.8273,-1.831121,1.802781,1.713179,99.9983,0.0010,0.0008,2.31e-07
22,3,5,330.4199,335.5665,-1.814256,1.800028,1.746897,99.9978,0.0013,0.0009,1.74e-07
23,3,5,331.4712,335.5665,-1.913491,1.798128,1.711550,99.9981,0.0009,0.0010,1.95e-07
24,1,6,353.5437,365.1754,-1.496860,1.803008,1.714887,99.9980,0.0010,0.0011,1.70e-07
25,1,6,358.5134,365.1754,-1.738900,1.800419,1.691522,99.9981,0.0010,0.0009,1.91e-07
26,1,6,360.3260,365.1754,-1.876819,1.803949,1.730376,99.9978,0.0007,0.0015,1.53e-07
27,1,6,372.8145,365.1754,-1.679459,1.799763,1.746154,99.9976,0.0016,0.0008,1.81e-07
28,2,6,385.4702,394.7842,-1.627225,1.800644,1.734110,99.9976,0.0010,0.0014,1.41e-07
29,2,6,397.3835,394.7842,-2.181498,1.803401,1.721080,99.9978,0.0011,0.0011,1.53e-07
30,4,5,404.7346,404.6538,-3.699560,1.804416,1.722436,99.9977,0.0011,0.0012,1.64e-07
31,4,5,411.5354,404.6538,-1.769396,1.801279,1.752917,99.9973,0.0016,0.0011,1.47e-07
32,4,5,423.2492,404.6538,-1.337677,1.799355,1.733808,99.9975,0.0013,0.0012,1.45e-07
33,3,6,427.9680,444.1322,-1.438957,1.801416,1.687666,99.9978,0.0012,0.0010,1.33e-07
34,3,6,435.6176,444.1322,-1.717348,1.803209,1.731733,99.9973,0.0007,0.0020,1.04e-07
35,3,6,438.3121,444.1322,-1.882585,1.801276,1.735051,99.9973,0.0011,0.0016,9.70e-08
36,3,6,441.8827,444.1322,-2.295417,1.802040,1.706688,99.9976,0.0013,0.0011,1.33e-07
37,3,6,450.1098,444.1322,-1.870987,1.798331,1.732932,99.9972,0.0010,0.0018,1.22e-07
38,3,6,450.7735,444.1322,-1.825257,1.801097,1.711395,99.9975,0.0012,0.0013,1.22e-07
39,3,6,461.8438,444.1322,-1.399255,1.804062,1.722100,99.9975,0.0012,0.0014,1.21e-07
40,1,7,472.0078,493.4802,-1.361388,1.802007,1.707380,99.9973,0.0017,0.0009,9.89e-08
41,1,7,477.1187,493.4802,-1.479446,1.799371,1.732871,99.9970,0.0014,0.0016,1.04e-07
42,1,7,491.3369,493.4802,-2.362182,1.802123,1.707021,99.9973,0.0015,0.0011,1.19e-07
43,1,7,501.2154,493.4802,-1.804798,1.800424,1.728629,99.9970,0.0018,0.0012,9.77e-08
44,4,6,506.5272,513.2194,-1.884730,1.800745,1.713559,99.9971,0.0014,0.0014,9.97e-08
45,4,6,509.8503,513.2194,-2.182784,1.802427,1.738772,99.9968,0.0014,0.0018,9.74e-08
46,4,6,514.4040,513.2194,-2.636743,1.802762,1.717631,99.9971,0.0016,0.0013,1.04e-07
47,2,7,527.2115,523.0890,-2.103420,1.802608,1.710360,99.9971,0.0014,0.0015,1.01e-07
48,2,7,533.2281,523.0890,-1.712576,1.799599,1.738941,99.9967,0.0017,0.0017,8.61e-08
49,2,7,536.4039,523.0890,-1.594237,1.800448,1.743492,99.9966,0.0015,0.0018,7.40e-08
50,2,7,546.2934,523.0890,-1.353005,1.800649,1.742586,99.9966,0.0016,0.0018,7.90e-08
51,3,7,556.4283,572.4371,-1.553370,1.802533,1.724857,99.9967,0.0020,0.0014,8.36e-08
52,3,7,560.0821,572.4371,-1.665885,1.803663,1.744384,99.9964,0.0017,0.0019,7.46e-08
53,3,7,564.9093,572.4371,-1.881060,1.803194,1.727257,99.9966,0.0015,0.0019,7.81e-08
54,3,7,572.8338,572.4371,-3.159209,1.801087,1.736438,99.9964,0.0017,0.0019,8.88e-08
55,3,7,576.6493,572.4371,-2.133218,1.802229,1.722506,99.9967,0.0020,0.0014,7.90e-08
56,3,7,583.9894,572.4371,-1.695058,1.801885,1.737869,99.9964,0.0019,0.0017,7.88e-08
57,5,6,588.6642,602.0459,-1.653119,1.800795,1.724125,99.9965,0.0012,0.0023,7.00e-08
58,5,6,596.1360,602.0459,-2.008051,1.800786,1.708890,99.9967,0.0015,0.0018,8.04e-08
59,5,6,598.7987,602.0459,-2.268130,1.798795,1.743026,99.9961,0.0014,0.0024,7.28e-08
60,5,6,605.4850,602.0459,-2.243175,1.800666,1.716430,99.9966,0.0018,0.0016,6.41e-08
61,5,6,615.4228,602.0459,-1.653273,1.800813,1.726895,99.9964,0.0012,0.0024,8.33e-08
62,1,8,625.7577,641.5243,-1.609477,1.800566,1.744935,99.9959,0.0019,0.0021,7.36e-08
63,1,8,639.8770,641.5243,-2.590456,1.801045,1.720706,99.9964,0.0018,0.0019,6.94e-08
64,1,8,648.6556,641.5243,-1.954043,1.797998,1.747101,99.9958,0.0022,0.0020,5.98e-08
65,1,8,651.2705,641.5243,-1.818379,1.799308,1.732655,99.9961,0.0020,0.0018,6.26e-08
66,1,8,654.1246,641.5243,-1.706833,1.800322,1.736112,99.9961,0.0021,0.0018,7.19e-08
67,2,8,666.6717,671.1331,-2.177337,1.802624,1.746297,99.9957,0.0021,0.0022,5.89e-08
68,2,8,672.0283,671.1331,-2.874912,1.800860,1.749734,99.9956,0.0025,0.0019,6.13e-08
69,2,8,672.8477,671.1331,-2.592650,1.799515,1.736554,99.9958,0.0021,0.0021,6.41e-08
70,2,8,679.8696,671.1331,-1.885469,1.801379,1.731791,99.9959,0.0020,0.0020,6.12e-08
71,6,6,693.1055,710.6115,-1.608444,1.801031,1.718955,99.9959,0.0024,0.0017,6.59e-08
72,6,6,698.6433,710.6115,-1.773601,1.799908,1.740303,99.9955,0.0027,0.0018,4.94e-08
73,6,6,701.5978,710.6115,-1.896729,1.802054,1.730796,99.9957,0.0024,0.0019,5.74e-08
74,6,6,709.4623,710.6115,-2.791233,1.802624,1.735154,99.9957,0.0018,0.0025,5.75e-08
75,6,6,711.6026,710.6115,-2.855525,1.801636,1.733713,99.9957,0.0021,0.0022,6.86e-08
76,3,8,719.2747,720.4811,-2.776129,1.799235,1.738143,99.9955,0.0025,0.0021,6.20e-08
77,5,7,729.2974,730.3507,-2.840982,1.800930,1.732749,99.9955,0.0022,0.0022,5.83e-08
78,5,7,734.3549,730.3507,-2.261015,1.801173,1.735607,99.9955,0.0023,0.0022,6.31e-08
79,5,7,743.0923,730.3507,-1.758307,1.800688,1.748111,99.9952,0.0023,0.0025,5.49e-08
80,5,7,748.2167,730.3507,-1.611505,1.801263,1.746714,99.9953,0.0026,0.0022,5.36e-08
81,4,8,759.9651,789.5684,-1.426050,1.799790,1.738549,99.9951,0.0030,0.0019,5.53e-08
82,4,8,766.9517,789.5684,-1.542961,1.799834,1.738438,99.9951,0.0026,0.0023,4.93e-08
83,4,8,771.7115,789.5684,-1.645586,1.799539,1.746270,99.9949,0.0024,0.0027,5.92e-08
84,4,8,783.6433,789.5684,-2.124699,1.800360,1.742556,99.9950,0.0030,0.0020,5.40e-08
85,4,8,792.6353,789.5684,-2.410678,1.800497,1.748158,99.9949,0.0024,0.0027,4.76e-08
86,4,8,796.2249,789.5684,-2.074143,1.800427,1.729879,99.9953,0.0030,0.0018,4.71e-08
87,1,9,801.4491,809.3076,-2.012778,1.801381,1.730518,99.9951,0.0026,0.0024,4.21e-08
88,1,9,810.9032,809.3076,-2.705186,1.801928,1.728320,99.9951,0.0027,0.0021,4.68e-08
89,1,9,816.7801,809.3076,-2.034648,1.801621,1.743207,99.9948,0.0028,0.0024,4.72e-08
90,2,9,827.3356,838.9164,-1.859980,1.801515,1.723624,99.9951,0.0022,0.0027,4.82e-08
91,2,9,831.9786,838.9164,-2.082496,1.801391,1.744424,99.9946,0.0027,0.0027,4.01e-08
92,2,9,836.3121,838.9164,-2.508030,1.801908,1.738135,99.9948,0.0026,0.0026,4.07e-08
93,2,9,840.2798,838.9164,-2.789088,1.802947,1.750309,99.9945,0.0027,0.0028,4.36e-08
94,2,9,846.6487,838.9164,-2.035410,1.799214,1.757711,99.9942,0.0019,0.0039,3.83e-08
95,2,9,854.9638,838.9164,-1.718314,1.802952,1.756197,99.9943,0.0024,0.0032,4.03e-08
96,2,9,856.1003,838.9164,-1.688597,1.802797,1.745942,99.9946,0.0028,0.0026,3.43e-08
97,5,8,861.9836,878.3948,-1.728550,1.801497,1.734087,99.9947,0.0031,0.0022,4.25e-08
98,5,8,868.3847,878.3948,-1.943251,1.800959,1.740592,99.9945,0.0026,0.0030,3.89e-08
99,5,8,877.0327,878.3948,-2.809483,1.800274,1.747894,99.9943,0.0028,0.0029,4.02e-08
100,3,9,885.6309,888.2644,-2.528003,1.801370,1.745989,99.9943,0.0030,0.0027,4.33e-08
101,3,9,899.1921,888.2644,-1.910012,1.801015,1.756104,99.9940,0.0026,0.0034,3.87e-08
102,3,9,906.7729,888.2644,-1.681172,1.803169,1.759647,99.9939,0.0024,0.0036,4.02e-08
103,3,9,911.2192,888.2644,-1.587669,1.800359,1.744806,99.9943,0.0026,0.0031,3.68e-08
104,3,9,916.1796,888.2644,-1.502701,1.801415,1.769358,99.9936,0.0027,0.0037,3.89e-08
105,4,9,926.8052,957.3516,-1.496111,1.801574,1.735508,99.9942,0.0026,0.0032,3.86e-08
106,4,9,932.7500,957.3516,-1.590108,1.799888,1.747423,99.9938,0.0044,0.0019,3.60e-08
107,4,9,940.7138,957.3516,-1.759975,1.799764,1.753572,99.9936,0.0038,0.0026,3.97e-08
108,4,9,942.9442,957.3516,-1.822484,1.800151,1.745106,99.9938,0.0031,0.0031,3.95e-08
109,4,9,947.9799,957.3516,-2.009254,1.800385,1.755935,99.9935,0.0036,0.0029,3.75e-08
110,4,9,958.5555,957.3516,-2.900501,1.800485,1.751471,99.9937,0.0034,0.0029,3.72e-08
111,7,7,969.4120,967.2212,-2.644933,1.800763,1.755652,99.9934,0.0031,0.0034,3.78e-08
112,6,8,983.5192,986.9604,-2.457583,1.801243,1.748162,99.9935,0.0031,0.0033,2.96e-08
113,6,8,988.5462,986.9604,-2.794068,1.800121,1.740793,99.9937,0.0037,0.0026,3.75e-08
114,1,10,994.5602,996.8300,-2.642623,1.802824,1.757696,99.9931,0.0038,0.0030,2.94e-08
115,1,10,1001.7692,996.8300,-2.304970,1.802026,1.761850,99.9930,0.0041,0.0029,3.69e-08
116,2,10,1013.9315,1026.4389,-1.914166,1.799601,1.760671,99.9930,0.0040,0.0031,2.94e-08
117,2,10,1016.8826,1026.4389,-2.031047,1.799051,1.762035,99.9929,0.0031,0.0040,3.70e-08
118,2,10,1028.5948,1026.4389,-2.677702,1.799970,1.754660,99.9932,0.0028,0.0040,3.37e-08
119,2,10,1033.6073,1026.4389,-2.155910,1.799583,1.751596,99.9932,0.0032,0.0035,3.09e-08
120,5,9,1040.1837,1046.1781,-2.241863,1.801879,1.750320,99.9930,0.0033,0.0037,3.37e-08
121,5,9,1051.4435,1046.1781,-2.298169,1.803361,1.756368,99.9929,0.0031,0.0040,3.92e-08
122,5,9,1059.8072,1046.1781,-1.885138,1.802781,1.752254,99.9930,0.0035,0.0035,3.90e-08
123,3,10,1075.1428,1075.7869,-3.222815,1.800923,1.768538,99.9923,0.0047,0.0030,3.02e-08
124,3,10,1082.0340,1075.7869,-2.236050,1.800490,1.761280,99.9925,0.0042,0.0032,2.56e-08
125,3,10,1087.4931,1075.7869,-1.963310,1.801939,1.771326,99.9922,0.0038,0.0040,3.05e-08
126,3,10,1093.8346,1075.7869,-1.775304,1.802176,1.766295,99.9924,0.0030,0.0046,3.03e-08
127,7,8,1102.4337,1115.2653,-1.939096,1.801407,1.757024,99.9924,0.0041,0.0035,2.83e-08
128,7,8,1123.3418,1115.2653,-2.140156,1.801913,1.760647,99.9923,0.0040,0.0037,2.85e-08
129,7,8,1125.7557,1115.2653,-2.026587,1.800907,1.768456,99.9920,0.0045,0.0035,2.26e-08
130,4,10,1135.8881,1144.8741,-2.105189,1.801242,1.771655,99.9916,0.0031,0.0053,2.89e-08
131,6,9,1151.4733,1154.7437,-2.547882,1.803539,1.772110,99.9915,0.0033,0.0052,2.75e-08
132,6,9,1162.8014,1154.7437,-2.156275,1.803263,1.772621,99.9915,0.0051,0.0034,2.49e-08
133,6,9,1167.4041,1154.7437,-1.960040,1.802678,1.770685,99.9915,0.0037,0.0047,2.52e-08
134,1,11,1183.8190,1204.0917,-1.773748,1.802245,1.769896,99.9914,0.0032,0.0054,2.25e-08
135,1,11,1197.0089,1204.0917,-2.230452,1.800584,1.762060,99.9916,0.0046,0.0038,2.45e-08
136,1,11,1205.3859,1204.0917,-2.968667,1.800171,1.774099,99.9911,0.0049,0.0040,2.21e-08
137,1,11,1211.6701,1204.0917,-2.201084,1.800715,1.782542,99.9908,0.0032,0.0060,1.81e-08
138,2,11,1224.7265,1233.7006,-2.138221,1.807024,1.761716,99.9912,0.0047,0.0041,1.63e-08
139,2,11,1229.8222,1233.7006,-2.502562,1.807680,1.771841,99.9908,0.0036,0.0056,2.10e-08
140,2,11,1241.9279,1233.7006,-2.175948,1.806628,1.760772,99.9912,0.0043,0.0045,2.07e-08
141,8,8,1257.5505,1263.3094,-2.341176,1.798651,1.777419,99.9906,0.0049,0.0046,2.20e-08
142,3,11,1292.2909,1283.0486,-2.142460,1.798552,1.787698,99.9901,0.0065,0.0034,2.05e-08
143,6,10,1316.4512,1342.2662,-1.715966,1.804810,1.784027,99.9896,0.0021,0.0083,1.67e-08
144,6,10,1332.0910,1342.2662,-2.120298,1.803811,1.784010,99.9896,0.0046,0.0058,1.73e-08
145,6,10,1343.0589,1342.2662,-3.228708,1.801774,1.789144,99.9892,0.0044,0.0064,2.55e-08
146,4,11,1355.6180,1352.1358,-2.589173,1.800867,1.793498,99.9892,0.0084,0.0023,1.48e-08
147,7,10,1485.8011,1470.5711,-1.984786,1.801829,1.800610,99.9877,0.0025,0.0098,1.18e-08
148,3,12,1491.8196,1510.0495,-1.918206,1.804374,1.792313,99.9878,0.0095,0.0028,8.93e-09
149,3,12,1501.5092,1510.0495,-2.247518,1.805266,1.805856,99.9870,0.0098,0.0032,1.09e-08
150,3,12,1512.8727,1510.0495,-2.728240,1.804720,1.763062,99.9893,0.0057,0.0050,1.09e-08
151,3,12,1519.9691,1510.0495,-2.182498,1.804783,1.736612,99.9906,0.0015,0.0079,1.62e-08
152,3,12,1529.6297,1510.0495,-1.887173,1.804872,1.805546,99.9870,0.0073,0.0057,1.06e-08
153,4,12,1573.8973,1579.1367,-2.479134,1.807797,1.805641,99.9865,0.0031,0.0104,9.50e-09
154,8,10,1609.9152,1618.6151,-2.269630,1.799881,1.810077,99.9859,0.0122,0.0019,1.01e-08
155,8,10,1621.4066,1618.6151,-2.763314,1.800363,1.809575,99.9860,0.0014,0.0126,8.45e-09
156,5,12,1662.7072,1667.9631,-2.501537,1.802385,1.763808,99.9882,0.0042,0.0077,8.42e-09
157,2,13,1720.7592,1707.4416,-2.107919,1.818640,1.799221,99.9848,0.0133,0.0019,7.72e-09
158,5,13,1929.4903,1914.7033,-2.112220,1.817544,1.800004,99.9833,0.0059,0.0108,8.13e-09
159,4,14,2099.1197,2092.3561,-2.490457,1.811228,1.815993,99.9807,0.0054,0.0140,5.83e-09
160,11,12,2601.6744,2615.4452,-2.278587,1.809696,1.707745,99.9858,0.0111,0.0031,2.91e-09
161,15,15,61533.0739,4441.3220,1.109061,1.818915,1.546048,99.9885,0.0089,0.0027,3.43e-12
162,15,15,61962.8094,4441.3220,1.112318,1.818933,1.500321,99.9907,0.0066,0.0027,5.27e-12
163,15,15,65172.1334,4441.3220,1.135897,1.819235,1.636812,99.9824,0.0166,0.0010,2.29e-12
164,15,15,66336.3760,4441.3220,1.144144,1.818890,1.633634,99.9827,0.0130,0.0043,3.24e-12
165,15,15,66456.1068,4441.3220,1.144983,1.819351,1.620156,99.9838,0.0106,0.0056,4.49e-12
166,15,15,66475.3196,4441.3220,1.145118,1.819375,1.609940,99.9845,0.0122,0.0033,2.70e-12
167,15,15,66784.5046,4441.3220,1.147277,1.819312,1.568818,99.9872,0.0102,0.0027,3.29e-12
168,15,15,66825.9487,4441.3220,1.147565,1.818997,1.593976,99.9856,0.0126,0.0017,3.15e-12
169,15,15,67782.4455,4441.3220,1.154174,1.818894,1.475667,99.9917,0.0028,0.0055,2.79e-12
170,15,15,67971.5526,4441.3220,1.155468,1.819489,1.476159,99.9916,0.0025,0.0059,3.52e-12
171,15,15,68198.1955,4441.3220,1.157015,1.818919,1.585458,99.9862,0.0118,0.0020,2.96e-12
172,15,15,68590.8201,4441.3220,1.159681,1.819201,1.600740,99.9851,0.0096,0.0052,3.55e-12
173,15,15,68884.3046,4441.3220,1.161663,1.819283,1.492782,99.9910,0.0075,0.0015,3.20e-12
174,15,15,69785.5477,4441.3220,1.167695,1.819353,1.539314,99.9888,0.0102,0.0010,2.47e-12
175,15,15,69860.9133,4441.3220,1.168196,1.818994,1.708758,99.9756,0.0204,0.0040,5.23e-12
176,15,15,70363.6973,4441.3220,1.171521,1.819425,1.662982,99.9802,0.0027,0.0171,3.70e-12
177,15,15,70580.6750,4441.3220,1.172948,1.819178,1.631916,99.9829,0.0060,0.0111,4.30e-12
178,15,15,70720.5365,4441.3220,1.173865,1.819382,1.679587,99.9786,0.0048,0.0166,4.44e-12
179,15,15,71058.5882,4441.3220,1.176075,1.818687,1.596259,99.9855,0.0080,0.0065,4.31e-12
180,15,15,71246.5800,4441.3220,1.177298,1.819598,1.602020,99.9850,0.0027,0.0123,4.44e-12
181,15,15,71568.4682,4441.3220,1.179386,1.819158,1.578639,99.9866,0.0032,0.0102,2.68e-12
182,15,15,71676.9676,4441.3220,1.180087,1.818856,1.702461,99.9763,0.0030,0.0206,4.05e-12
183,15,15,71987.5302,4441.3220,1.182089,1.818774,1.575247,99.9868,0.0054,0.0078,2.14e-12
184,15,15,72025.7442,4441.3220,1.182334,1.818886,1.681676,99.9785,0.0023,0.0192,3.15e-12
185,15,15,72345.4587,4441.3220,1.184384,1.819496,1.662334,99.9802,0.0175,0.0022,3.62e-12
186,15,15,72656.9105,4441.3220,1.186371,1.819209,1.541908,99.9887,0.0107,0.0006,2.70e-12
187,15,15,72661.8687,4441.3220,1.186403,1.818902,1.610811,99.9845,0.0011,0.0144,3.20e-12
188,15,15,73014.2380,4441.3220,1.188640,1.818850,1.692102,99.9774,0.0025,0.0201,4.53e-12
189,15,15,73052.1209,4441.3220,1.188880,1.818990,1.570743,99.9871,0.0008,0.0122,3.01e-12
190,15,15,73532.4743,4441.3220,1.191910,1.819177,1.626889,99.9833,0.0153,0.0014,3.97e-12
191,15,15,73722.9398,4441.3220,1.193106,1.819146,1.624246,99.9835,0.0013,0.0152,4.46e-12
192,15,15,73758.8627,4441.3220,1.193331,1.819323,1.559250,99.9877,0.0006,0.0117,3.24e-12
193,15,15,74017.1958,4441.3220,1.194946,1.819467,1.639202,99.9822,0.0014,0.0164,3.94e-12
194,15,15,74127.2919,4441.3220,1.195633,1.819338,1.553563,99.9880,0.0115,0.0005,2.75e-12
195,15,15,74371.4762,4441.3220,1.197152,1.819036,1.555151,99.9880,0.0005,0.0115,2.67e-12
196,15,15,74391.7017,4441.3220,1.197278,1.819253,1.581001,99.9864,0.0129,0.0007,3.20e-12
197,15,15,75814.0167,4441.3220,1.206020,1.819107,1.662826,99.9803,0.0019,0.0178,3.99e-12
198,15,15,75920.9266,4441.3220,1.206670,1.818996,1.678516,99.9788,0.0187,0.0025,1.96e-12
199,15,15,76237.2959,4441.3220,1.208588,1.819025,1.580111,99.9865,0.0005,0.0130,1.90e-12
200,15,15,78048.7264,4441.3220,1.219409,1.818787,1.539188,99.9888,0.0023,0.0089,1.70e-12
201,15,15,79525.1110,4441.3220,1.228034,1.819255,1.598235,99.9853,0.0029,0.0117,2.74e-12
202,15,15,79615.6401,4441.3220,1.228557,1.819161,1.578735,99.9866,0.0011,0.0124,1.83e-12
203,15,15,80584.4485,4441.3220,1.234118,1.819181,1.586452,99.9861,0.0011,0.0129,1.86e-12
204,15,15,89115.7033,4441.3220,1.280240,1.819651,1.823237,99.9586,0.0213,0.0201,9.41e-13
205,15,15,90276.6064,4441.3220,1.286154,1.819660,1.785781,99.9651,0.0180,0.0169,1.95e-12
206,15,15,91568.9944,4441.3220,1.292644,1.819687,1.774994,99.9668,0.0158,0.0174,2.54e-12
207,15,15,91579.2451,4441.3220,1.292695,1.819688,1.774201,99.9669,0.0158,0.0173,2.26e-12
208,15,15,103609.3898,4441.3220,1.348860,1.819179,1.726291,99.9735,0.0215,0.0049,9.85e-13
209,15,15,5558660.6920,4441.3220,3.097111,0.079450,3.514754,0.0099,36.6480,63.3422,6.35e-14
210,15,15,5558697.6867,4441.3220,3.097114,0.076507,3.514751,0.0102,63.3424,36.6475,6.55e-14
211,15,15,5642167.0652,4441.3220,3.103592,0.052344,3.514771,0.0053,81.2535,18.7412,7.14e-14
212,15,15,5642793.6969,4441.3220,3.103640,0.102189,3.514751,0.0133,18.7412,81.2455,6.25e-14
213,15,15,5738637.4452,4441.3220,3.110960,0.051609,3.514757,0.0059,8.3968,91.5973,5.62e-14
214,15,15,5739020.8073,4441.3220,3.110989,0.075045,3.514740,0.0103,91.5926,8.3971,3.82e-14
215,15,15,5762456.1190,4441.3220,3.112761,0.053963,3.514764,0.0062,91.2156,8.7782,6.83e-14
216,15,15,5762701.8539,4441.3220,3.112779,0.066724,3.514745,0.0091,8.7788,91.2121,4.65e-14
217,15,15,5787081.1909,4441.3220,3.114614,0.081040,3.514758,0.0102,18.8047,81.1851,4.80e-14
218,15,15,5787464.0772,4441.3220,3.114643,0.075239,3.514756,0.0106,81.1843,18.8051,3.65e-14
219,15,15,5825672.9876,4441.3220,3.117503,0.034292,3.514762,0.0045,83.6917,16.3038,8.44e-14
220,15,15,5826495.7911,4441.3220,3.117564,0.110551,3.514745,0.0149,16.3024,83.6827,4.60e-14
221,15,15,5836145.5020,4441.3220,3.118283,0.079013,3.514751,0.0110,8.9678,91.0212,5.87e-14
222,15,15,5836302.2227,4441.3220,3.118295,0.046068,3.514757,0.0063,91.0240,8.9697,7.06e-14
223,15,15,5870701.4753,4441.3220,3.120849,0.095775,3.514752,0.0111,41.0241,58.9648,4.52e-14
224,15,15,5870777.8137,4441.3220,3.120855,0.046638,3.514761,0.0057,58.9688,41.0255,7.07e-14
225,15,15,5962295.0253,4441.3220,3.127578,0.039238,3.514769,0.0047,99.4655,0.5298,9.01e-14
226,15,15,5962836.9231,4441.3220,3.127617,0.069199,3.514748,0.0093,0.5297,99.4610,6.11e-14
227,15,15,6090358.4008,4441.3220,3.136814,0.056548,3.514754,0.0079,99.7477,0.2444,8.34e-14
228,15,15,6090975.5585,4441.3220,3.136858,0.058199,3.514748,0.0093,0.2443,99.7464,6.83e-14
229,15,15,6099866.5835,4441.3220,3.137492,0.050806,3.514768,0.0052,99.4055,0.5893,9.17e-14
230,15,15,6100031.1449,4441.3220,3.137503,0.055807,3.514763,0.0062,0.5891,99.4048,9.51e-14
231,15,15,6133687.9353,4441.3220,3.139895,0.046175,3.514762,0.0050,87.0440,12.9510,1.01e-13
232,15,15,6133948.2242,4441.3220,3.139913,0.043472,3.514772,0.0049,12.9518,87.0432,1.04e-13
233,15,15,6136404.3094,4441.3220,3.140087,0.045551,3.514753,0.0062,47.1362,52.8576,6.67e-14
234,15,15,6136577.0102,4441.3220,3.140099,0.041663,3.514763,0.0042,52.8570,47.1387,1.24e-13
235,15,15,6144837.7031,4441.3220,3.140684,0.031336,3.514769,0.0036,99.9513,0.0451,1.16e-13
236,15,15,6145517.3789,4441.3220,3.140732,0.067777,3.514765,0.0078,0.0436,99.9486,9.80e-14
237,15,15,6165989.1362,4441.3220,3.142178,0.049214,3.514758,0.0065,57.2012,42.7923,9.52e-14
238,15,15,6166183.0484,4441.3220,3.142191,0.040884,3.514768,0.0046,42.7926,57.2028,1.09e-13
239,15,15,6174022.1203,4441.3220,3.142743,0.037927,3.514757,0.0057,32.4333,67.5610,9.92e-14
240,15,15,6174279.1300,4441.3220,3.142761,0.043952,3.514768,0.0050,67.5616,32.4335,8.95e-14
241,15,15,6184211.5620,4441.3220,3.143460,0.064181,3.514745,0.0088,1.2431,98.7481,1.07e-13
242,15,15,6184344.3955,4441.3220,3.143469,0.048451,3.514756,0.0074,98.7504,1.2422,6.93e-14
243,15,15,6190310.0004,4441.3220,3.143888,0.055823,3.514759,0.0070,0.2095,99.7836,1.05e-13
244,15,15,6190726.0063,4441.3220,3.143918,0.087021,3.514740,0.0131,99.7774,0.2096,7.26e-14
245,15,15,6193672.7752,4441.3220,3.144124,0.052165,3.514756,0.0069,1.4042,98.5889,8.51e-14
246,15,15,6193932.9719,4441.3220,3.144143,0.085997,3.514752,0.0101,98.5909,1.3990,9.06e-14
247,15,15,6200111.8004,4441.3220,3.144576,0.055500,3.514752,0.0075,35.9572,64.0353,1.01e-13
248,15,15,6200343.0401,4441.3220,3.144592,0.049989,3.514761,0.0059,64.0332,35.9609,8.92e-14
249,15,15,6214709.1263,4441.3220,3.145598,0.064972,3.514758,0.0072,96.9960,2.9968,8.35e-14
250,15,15,6215085.7662,4441.3220,3.145624,0.053348,3.514755,0.0075,2.9948,96.9976,9.56e-14
251,15,15,6229359.7975,4441.3220,3.146621,0.047453,3.514753,0.0072,0.1324,99.8604,9.45e-14
252,15,15,6229610.4225,4441.3220,3.146639,0.088725,3.514751,0.0102,99.8574,0.1324,8.32e-14
253,15,15,6237994.1765,4441.3220,3.147223,0.065989,3.514764,0.0080,0.7083,99.2837,6.21e-14
254,15,15,6239456.6995,4441.3220,3.147325,0.087255,3.514756,0.0091,99.2832,0.7077,8.68e-14
255,15,15,6254955.2476,4441.3220,3.148403,0.034991,3.514766,0.0041,93.6748,6.3211,1.09e-13
256,15,15,6255205.3246,4441.3220,3.148421,0.083252,3.514744,0.0118,6.3193,93.6689,6.32e-14
257,15,15,6265446.9437,4441.3220,3.149132,0.019434,3.514769,0.0026,56.0980,43.8994,9.78e-14
258,15,15,6265467.8948,4441.3220,3.149133,0.016848,3.514767,0.0020,43.9015,56.0965,1.41e-13
259,15,15,6269804.3183,4441.3220,3.149434,0.029620,3.514764,0.0037,91.0235,8.9728,1.75e-13
260,15,15,6270068.9022,4441.3220,3.149452,0.095261,3.514755,0.0114,8.9693,91.0193,9.05e-14
261,15,15,6311180.8238,4441.3220,3.152293,0.022514,3.514767,0.0029,45.1332,54.8639,1.07e-13
262,15,15,6311528.4409,4441.3220,3.152317,0.043589,3.514767,0.0042,54.8630,45.1328,1.07e-13
263,15,15,6326969.8866,4441.3220,3.153379,0.022463,3.514760,0.0032,56.3439,43.6529,1.04e-13
264,15,15,6327411.6760,4441.3220,3.153409,0.046853,3.514766,0.0053,43.6530,56.3417,8.15e-14
265,15,15,6336578.8389,4441.3220,3.154038,0.047069,3.514768,0.0044,14.8484,85.1471,9.67e-14
266,15,15,6336661.0715,4441.3220,3.154044,0.057725,3.514753,0.0066,85.1466,14.8468,1.32e-13
267,15,15,6341163.6108,4441.3220,3.154352,0.043966,3.514767,0.0041,19.4766,80.5193,1.73e-13
268,15,15,6341552.3334,4441.3220,3.154379,0.078136,3.514752,0.0086,80.5285,19.4630,9.40e-14
269,15,15,6343463.5266,4441.3220,3.154510,0.031212,3.514767,0.0036,88.6733,11.3231,1.21e-13
270,15,15,6343703.1651,4441.3220,3.154526,0.039369,3.514760,0.0063,11.3081,88.6856,1.05e-13
271,15,15,6348445.3831,4441.3220,3.154851,0.045039,3.514761,0.0062,3.4005,96.5933,1.04e-13
272,15,15,6348575.9034,4441.3220,3.154860,0.070521,3.514762,0.0075,96.5823,3.4102,1.29e-13
273,15,15,6352442.7661,4441.3220,3.155125,0.024558,3.514769,0.0036,8.8504,91.1460,1.16e-13
274,15,15,6352740.6382,4441.3220,3.155145,0.034098,3.514762,0.0044,91.1568,8.8388,1.40e-13
275,15,15,6362095.3544,4441.3220,3.155785,0.052561,3.514771,0.0047,0.3224,99.6729,1.28e-13
276,15,15,6362179.3888,4441.3220,3.155790,0.047924,3.514761,0.0055,99.7051,0.2894,1.11e-13
277,15,15,6362390.8252,4441.3220,3.155805,0.041159,3.514760,0.0049,86.6413,13.3538,1.17e-13
278,15,15,6362586.4955,4441.3220,3.155818,0.042030,3.514768,0.0046,13.3163,86.6791,1.36e-13
279,15,15,6368622.9652,4441.3220,3.156230,0.038381,3.514769,0.0035,22.6185,77.3779,1.51e-13
280,15,15,6368755.8867,4441.3220,3.156239,0.037811,3.514764,0.0044,77.3764,22.6192,1.04e-13
281,15,15,6372224.1718,4441.3220,3.156476,0.028528,3.514767,0.0036,5.5140,94.4824,1.16e-13
282,15,15,6372428.9464,4441.3220,3.156490,0.034056,3.514759,0.0055,94.4988,5.4957,1.10e-13
283,15,15,6374096.7803,4441.3220,3.156604,0.035095,3.514761,0.0048,8.4921,91.5031,1.32e-13
284,15,15,6374271.5392,4441.3220,3.156616,0.064792,3.514765,0.0067,91.4876,8.5057,1.31e-13
285,15,15,6378640.1876,4441.3220,3.156913,0.031148,3.514763,0.0039,25.3687,74.6273,1.38e-13
286,15,15,6378806.8474,4441.3220,3.156925,0.039797,3.514764,0.0050,74.6083,25.3867,1.23e-13
287,15,15,6379502.7183,4441.3220,3.156972,0.020705,3.514764,0.0034,0.5867,99.4099,1.19e-13
288,15,15,6379671.4020,4441.3220,3.156984,0.040257,3.514758,0.0050,99.4183,0.5766,1.12e-13
289,15,15,6384105.5616,4441.3220,3.157286,0.032171,3.514773,0.0038,1.2591,98.7371,1.01e-13
290,15,15,6384427.4732,4441.3220,3.157307,0.032245,3.514754,0.0061,98.7414,1.2524,8.45e-14
291,15,15,6388311.8013,4441.3220,3.157572,0.038711,3.514761,0.0053,0.6153,99.3794,1.13e-13
292,15,15,6388500.5608,4441.3220,3.157585,0.050455,3.514759,0.0061,99.3769,0.6170,1.00e-13
293,15,15,6393751.0203,4441.3220,3.157942,0.037947,3.514766,0.0042,0.1832,99.8126,1.35e-13
294,15,15,6393854.4639,4441.3220,3.157949,0.038905,3.514766,0.0044,99.8067,0.1890,1.07e-13
295,15,15,6396788.4582,4441.3220,3.158148,0.036998,3.514773,0.0040,42.8304,57.1656,1.48e-13
296,15,15,6397068.1538,4441.3220,3.158167,0.067769,3.514764,0.0064,57.1631,42.8305,1.08e-13
297,15,15,6398859.3408,4441.3220,3.158289,0.009944,3.514769,0.0015,92.5351,7.4634,1.72e-13
298,15,15,6399330.3019,4441.3220,3.158321,0.039261,3.514763,0.0044,7.4719,92.5237,1.16e-13
299,15,15,6400952.7904,4441.3220,3.158431,0.024287,3.514767,0.0029,13.4899,86.5072,1.41e-13
300,15,15,6401105.3861,4441.3220,3.158441,0.031366,3.514764,0.0040,86.5077,13.4882,1.13e-13
301,15,15,6403011.6577,4441.3220,3.158571,0.036130,3.514770,0.0038,99.2287,0.7675,1.19e-13
302,15,15,6403323.2396,4441.3220,3.158592,0.044284,3.514764,0.0053,0.7705,99.2243,1.24e-13
303,15,15,6406526.6614,4441.3220,3.158809,0.029158,3.514765,0.0032,99.6796,0.3171,1.01e-13
304,15,15,6406816.1374,4441.3220,3.158829,0.035271,3.514758,0.0053,0.3155,99.6793,1.26e-13
305,15,15,6410524.8090,4441.3220,3.159080,0.016270,3.514770,0.0020,4.7841,95.2139,1.77e-13
306,15,15,6410905.9692,4441.3220,3.159106,0.065200,3.514759,0.0063,95.1869,4.8069,1.17e-13
307,15,15,6413836.5982,4441.3220,3.159305,0.025237,3.514773,0.0024,25.5909,74.4067,1.23e-13
308,15,15,6414117.4988,4441.3220,3.159324,0.040588,3.514764,0.0043,74.4205,25.5752,1.08e-13
309,15,15,6415573.7890,4441.3220,3.159422,0.034418,3.514771,0.0027,84.3959,15.6015,1.42e-13
310,15,15,6415919.7756,4441.3220,3.159446,0.035392,3.514761,0.0047,15.6025,84.3929,1.25e-13
311,15,15,6417669.2572,4441.3220,3.159564,0.033134,3.514767,0.0036,62.8741,37.1223,1.30e-13
312,15,15,6417796.2328,4441.3220,3.159573,0.027073,3.514763,0.0039,37.1219,62.8741,1.37e-13
313,15,15,6418797.8860,4441.3220,3.159641,0.027589,3.514766,0.0035,20.2081,79.7884,1.19e-13
314,15,15,6418945.1418,4441.3220,3.159651,0.044883,3.514767,0.0047,79.7818,20.2134,9.66e-14
315,15,15,6420596.2307,4441.3220,3.159763,0.036857,3.514770,0.0037,0.6684,99.3279,1.45e-13
316,15,15,6420780.8208,4441.3220,3.159775,0.042604,3.514764,0.0045,99.3315,0.6640,1.30e-13
317,15,15,6423071.0159,4441.3220,3.159930,0.043530,3.514770,0.0038,99.8989,0.0974,1.17e-13
318,15,15,6423470.8364,4441.3220,3.159957,0.083248,3.514758,0.0084,0.1277,99.8639,1.36e-13
319,15,15,6424373.7379,4441.3220,3.160018,0.031737,3.514770,0.0030,16.8019,83.1951,1.77e-13
320,15,15,6424481.0987,4441.3220,3.160025,0.048525,3.514762,0.0057,83.1910,16.8033,1.30e-13
321,15,15,6425192.1676,4441.3220,3.160074,0.039185,3.514769,0.0035,99.0816,0.9149,1.41e-13
322,15,15,6425457.1677,4441.3220,3.160091,0.043086,3.514759,0.0066,0.8804,99.1130,1.19e-13
323,15,15,6426670.7480,4441.3220,3.160174,0.035365,3.514763,0.0045,56.2447,43.7509,1.47e-13
324,15,15,6426805.0013,4441.3220,3.160183,0.044159,3.514760,0.0054,43.7254,56.2691,1.36e-13
325,15,15,6427357.8241,4441.3220,3.160220,0.030568,3.514765,0.0038,90.3214,9.6748,1.36e-13
326,15,15,6427405.2574,4441.3220,3.160223,0.021932,3.514761,0.0044,9.7352,90.2605,1.25e-13
327,15,15,6428586.8098,4441.3220,3.160303,0.019233,3.514764,0.0037,91.9996,7.9967,1.21e-13
328,15,15,6428761.6836,4441.3220,3.160315,0.037547,3.514759,0.0054,7.9995,91.9951,1.24e-13
329,15,15,6430419.6365,4441.3220,3.160427,0.040468,3.514767,0.0042,2.2587,97.7371,1.36e-13
330,15,15,6430583.5892,4441.3220,3.160438,0.037821,3.514762,0.0050,97.6804,2.3146,1.31e-13
331,15,15,6431672.9812,4441.3220,3.160512,0.029006,3.514764,0.0042,38.6672,61.3286,1.31e-13
332,15,15,6431764.9808,4441.3220,3.160518,0.036526,3.514764,0.0043,54.4069,45.5888,1.46e-13
333,15,15,6431883.4608,4441.3220,3.160526,0.039366,3.514769,0.0035,45.4359,54.5605,1.62e-13
334,15,15,6431999.2723,4441.3220,3.160534,0.051666,3.514757,0.0071,61.5163,38.4766,1.17e-13
335,15,15,6433949.8703,4441.3220,3.160666,0.026820,3.514766,0.0033,61.4469,38.5498,1.60e-13
336,15,15,6433984.7037,4441.3220,3.160668,0.027692,3.514766,0.0035,42.5377,57.4587,1.38e-13
337,15,15,6434147.6178,4441.3220,3.160679,0.020501,3.514767,0.0035,85.7276,14.2689,1.46e-13
338,15,15,6434341.8388,4441.3220,3.160692,0.050875,3.514763,0.0053,10.3193,89.6755,1.08e-13
339,15,15,6435843.3226,4441.3220,3.160793,0.029215,3.514767,0.0035,92.0140,7.9825,1.20e-13
340,15,15,6435969.0298,4441.3220,3.160802,0.048353,3.514766,0.0053,8.0622,91.9324,1.26e-13
341,15,15,6436406.5329,4441.3220,3.160831,0.023275,3.514766,0.0035,8.3695,91.6270,1.82e-13
342,15,15,6436525.5864,4441.3220,3.160839,0.042952,3.514768,0.0039,91.5604,8.4358,1.49e-13
343,15,15,6438184.0027,4441.3220,3.160951,0.032689,3.514763,0.0039,87.2141,12.7820,1.47e-13
344,15,15,6438403.8714,4441.3220,3.160966,0.033473,3.514760,0.0047,13.0708,86.9245,1.08e-13
345,15,15,6439946.3981,4441.3220,3.161070,0.023192,3.514764,0.0044,95.7005,4.2951,1.83e-13
346,15,15,6440247.9037,4441.3220,3.161091,0.046511,3.514766,0.0045,3.9939,96.0016,1.47e-13
347,15,15,6441609.7288,4441.3220,3.161183,0.028411,3.514768,0.0034,30.6133,69.3832,1.43e-13
348,15,15,6441744.2125,4441.3220,3.161192,0.046670,3.514767,0.0041,69.6035,30.3924,1.36e-13
349,15,15,6442410.2156,4441.3220,3.161237,0.016704,3.514764,0.0033,90.7077,9.2890,1.52e-13
350,15,15,6442574.0333,4441.3220,3.161248,0.034825,3.514764,0.0038,9.0842,90.9120,1.31e-13
351,15,15,6443511.1492,4441.3220,3.161311,0.027434,3.514771,0.0024,91.2071,8.7905,1.22e-13
352,15,15,6443753.4054,4441.3220,3.161327,0.033606,3.514762,0.0045,8.8797,91.1158,1.13e-13
353,15,15,6444632.5002,4441.3220,3.161387,0.021736,3.514768,0.0028,83.1027,16.8945,1.33e-13
354,15,15,6444753.4509,4441.3220,3.161395,0.034447,3.514769,0.0036,16.9807,83.0157,2.26e-13
355,15,15,6445333.7866,4441.3220,3.161434,0.027372,3.514767,0.0029,92.7907,7.2064,1.48e-13
356,15,15,6445572.8125,4441.3220,3.161450,0.046173,3.514766,0.0045,6.9906,93.0049,1.10e-13
357,15,15,6446139.1784,4441.3220,3.161488,0.015295,3.514769,0.0022,1.6824,98.3154,1.55e-13
358,15,15,6446476.6986,4441.3220,3.161511,0.045738,3.514768,0.0043,98.2108,1.7849,1.37e-13
359,15,15,6447598.2997,4441.3220,3.161586,0.024589,3.514769,0.0036,40.6993,59.2972,1.41e-13
360,15,15,6447760.0201,4441.3220,3.161597,0.036814,3.514767,0.0042,59.0592,40.9366,1.40e-13
361,15,15,6448470.0370,4441.3220,3.161645,0.023509,3.514769,0.0026,8.2645,91.7329,1.52e-13
362,15,15,6448612.7840,4441.3220,3.161655,0.034043,3.514763,0.0046,92.0606,7.9348,1.49e-13
363,15,15,6450920.1647,4441.3220,3.161810,0.019085,3.514767,0.0029,27.2767,72.7204,1.25e-13
364,15,15,6451046.3418,4441.3220,3.161819,0.050762,3.514768,0.0045,72.5026,27.4929,1.28e-13
365,15,15,6451611.2080,4441.3220,3.161857,0.036145,3.514768,0.0038,70.6513,29.3449,1.41e-13
366,15,15,6451761.3913,4441.3220,3.161867,0.031943,3.514767,0.0042,29.5405,70.4553,1.30e-13
367,15,15,6452362.5264,4441.3220,3.161907,0.019168,3.514768,0.0021,95.5446,4.4533,1.94e-13
368,15,15,6452662.8712,4441.3220,3.161928,0.028471,3.514766,0.0033,4.4629,95.5338,1.49e-13
369,15,15,6454270.8727,4441.3220,3.162036,0.037095,3.514770,0.0029,70.3069,29.6902,1.93e-13
370,15,15,6454333.6746,4441.3220,3.162040,0.033850,3.514767,0.0030,30.0094,69.9876,1.65e-13
371,15,15,6454559.5398,4441.3220,3.162055,0.017110,3.514763,0.0035,98.3535,1.6430,1.49e-13
372,15,15,6454644.1639,4441.3220,3.162061,0.021932,3.514767,0.0030,1.3484,98.6485,1.13e-13
373,15,15,6455626.2725,4441.3220,3.162127,0.010054,3.514769,0.0022,99.4529,0.5450,1.87e-13
374,15,15,6455822.9886,4441.3220,3.162140,0.019232,3.514766,0.0028,11.6413,88.3559,1.97e-13
375,15,15,6455966.0081,4441.3220,3.162150,0.030299,3.514766,0.0031,88.2368,11.7601,1.51e-13
376,15,15,6456111.3764,4441.3220,3.162160,0.025941,3.514766,0.0037,0.7584,99.2379,1.39e-13
377,15,15,6456590.5716,4441.3220,3.162192,0.042066,3.514767,0.0037,25.0678,74.9285,1.91e-13
378,15,15,6456609.0448,4441.3220,3.162193,0.029640,3.514767,0.0033,74.7451,25.2516,1.30e-13
379,15,15,6457206.2951,4441.3220,3.162234,0.018529,3.514771,0.0022,98.7832,1.2146,1.57e-13
380,15,15,6457526.0610,4441.3220,3.162255,0.037060,3.514765,0.0041,1.2573,98.7386,1.31e-13
381,15,15,6458668.8998,4441.3220,3.162332,0.026371,3.514768,0.0025,94.0256,5.9719,1.57e-13
382,15,15,6458831.3920,4441.3220,3.162343,0.031122,3.514767,0.0034,5.6399,94.3567,1.32e-13
383,15,15,6458922.6496,4441.3220,3.162349,0.025470,3.514770,0.0024,97.1322,2.8654,2.01e-13
384,15,15,6459101.5447,4441.3220,3.162361,0.032243,3.514767,0.0033,3.1861,96.8106,1.33e-13
385,15,15,6459881.0521,4441.3220,3.162414,0.026874,3.514766,0.0034,18.0868,81.9098,1.66e-13
386,15,15,6459920.6691,4441.3220,3.162416,0.021415,3.514765,0.0031,81.9855,18.0114,1.36e-13
387,15,15,6460453.1074,4441.3220,3.162452,0.041799,3.514767,0.0032,74.6804,25.3164,1.49e-13
388,15,15,6460650.8476,4441.3220,3.162465,0.021323,3.514765,0.0034,23.9816,76.0150,1.53e-13
389,15,15,6460750.9821,4441.3220,3.162472,0.027572,3.514768,0.0029,72.3646,27.6325,1.91e-13
390,15,15,6460780.9529,4441.3220,3.162474,0.031079,3.514768,0.0030,29.0567,70.9403,1.84e-13
391,15,15,6461418.4121,4441.3220,3.162517,0.020431,3.514767,0.0030,98.3643,1.6327,1.71e-13
392,15,15,6461507.7486,4441.3220,3.162523,0.027438,3.514766,0.0040,2.6247,97.3713,1.06e-13
393,15,15,6461897.1068,4441.3220,3.162549,0.035514,3.514768,0.0032,87.3815,12.6152,1.57e-13
394,15,15,6462045.0027,4441.3220,3.162559,0.046661,3.514766,0.0047,11.4744,88.5210,1.13e-13
395,15,15,6462218.4368,4441.3220,3.162571,0.032503,3.514766,0.0034,22.0379,77.9588,1.50e-13
396,15,15,6462289.8849,4441.3220,3.162576,0.028646,3.514765,0.0039,78.1665,21.8296,1.53e-13
397,15,15,6462833.8005,4441.3220,3.162612,0.021287,3.514771,0.0028,21.7598,78.2374,1.68e-13
398,15,15,6462927.6629,4441.3220,3.162618,0.035966,3.514766,0.0038,77.9511,22.0451,1.11e-13
399,15,15,6463474.7083,4441.3220,3.162655,0.026143,3.514768,0.0029,99.3582,0.6389,1.49e-13
400,15,15,6463647.4201,4441.3220,3.162667,0.036855,3.514763,0.0052,0.9009,99.0939,1.10e-13
401,15,15,6464283.7944,4441.3220,3.162710,0.024914,3.514770,0.0026,98.7485,1.2488,1.48e-13
402,15,15,6464343.1704,4441.3220,3.162714,0.020553,3.514763,0.0030,3.8044,96.1926,1.50e-13
403,15,15,6464465.3702,4441.3220,3.162722,0.020572,3.514771,0.0025,97.1010,2.8965,1.93e-13
404,15,15,6464688.6835,4441.3220,3.162737,0.030469,3.514767,0.0038,0.6372,99.3590,1.31e-13
405,15,15,6464993.3178,4441.3220,3.162757,0.026980,3.514768,0.0033,93.5134,6.4833,1.64e-13
406,15,15,6465011.2565,4441.3220,3.162759,0.038663,3.514767,0.0039,7.1062,92.8899,1.46e-13
407,15,15,6465287.4604,4441.3220,3.162777,0.025464,3.514767,0.0034,98.0863,1.9103,1.48e-13
408,15,15,6465345.6453,4441.3220,3.162781,0.057299,3.514769,0.0052,0.8161,99.1787,1.27e-13
409,15,15,6465895.6949,4441.3220,3.162818,0.031795,3.514770,0.0027,93.5265,6.4707,1.97e-13
410,15,15,6465921.1284,4441.3220,3.162820,0.028319,3.514766,0.0029,8.2257,91.7715,1.68e-13
411,15,15,6466078.9965,4441.3220,3.162830,0.021793,3.514766,0.0027,96.9638,3.0335,1.23e-13
412,15,15,6466265.4799,4441.3220,3.162843,0.040084,3.514768,0.0036,1.4261,98.5702,1.21e-13
413,15,15,6467044.5425,4441.3220,3.162895,0.027857,3.514772,0.0022,0.5997,99.3980,1.41e-13
414,15,15,6467203.7108,4441.3220,3.162906,0.032543,3.514764,0.0040,99.3468,0.6492,1.41e-13
415,15,15,6467394.4122,4441.3220,3.162919,0.020671,3.514767,0.0030,93.4667,6.5303,1.57e-13
416,15,15,6467476.2886,4441.3220,3.162924,0.033312,3.514762,0.0053,7.0043,92.9903,1.18e-13
417,15,15,6467557.3255,4441.3220,3.162930,0.023030,3.514766,0.0025,94.2251,5.7724,1.85e-13
418,15,15,6467675.2521,4441.3220,3.162938,0.037438,3.514769,0.0034,5.7315,94.2651,1.52e-13
419,15,15,6468048.5498,4441.3220,3.162963,0.019546,3.514770,0.0019,99.2181,0.7801,1.55e-13
420,15,15,6468216.8847,4441.3220,3.162974,0.029293,3.514766,0.0029,0.3803,99.6169,1.58e-13
421,15,15,6468862.5061,4441.3220,3.163017,0.012500,3.514770,0.0017,98.8077,1.1906,2.10e-13
422,15,15,6469148.3190,4441.3220,3.163037,0.033429,3.514766,0.0036,1.9031,98.0934,9.68e-14
423,15,15,6469572.1761,4441.3220,3.163065,0.014776,3.514771,0.0021,97.1328,2.8651,2.00e-13
424,15,15,6469625.1237,4441.3220,3.163069,0.017939,3.514769,0.0024,2.4785,97.5191,1.64e-13
425,15,15,6469930.1783,4441.3220,3.163089,0.027421,3.514770,0.0025,22.2193,77.7782,1.54e-13
426,15,15,6469944.1839,4441.3220,3.163090,0.036731,3.514767,0.0031,77.1066,22.8904,1.41e-13
427,15,15,6470145.2615,4441.3220,3.163104,0.017689,3.514767,0.0027,4.3868,95.6106,1.50e-13
428,15,15,6470298.6369,4441.3220,3.163114,0.024730,3.514767,0.0028,96.0021,3.9951,1.38e-13
429,15,15,6470771.1056,4441.3220,3.163146,0.038601,3.514766,0.0035,95.8219,4.1746,1.50e-13
430,15,15,6470907.3734,4441.3220,3.163155,0.032747,3.514764,0.0038,4.3633,95.6329,1.06e-13
431,15,15,6471184.8500,4441.3220,3.163173,0.022801,3.514768,0.0027,92.6612,7.3361,1.93e-13
432,15,15,6471242.3356,4441.3220,3.163177,0.026043,3.514770,0.0026,94.7198,5.2776,1.62e-13
433,15,15,6471249.4927,4441.3220,3.163178,0.018279,3.514768,0.0023,8.9399,91.0578,2.39e-13
434,15,15,6471388.7983,4441.3220,3.163187,0.040221,3.514766,0.0041,2.5984,97.3976,1.51e-13
435,15,15,6471550.8730,4441.3220,3.163198,0.037324,3.514768,0.0034,2.1641,97.8325,1.45e-13
436,15,15,6471709.0308,4441.3220,3.163209,0.038445,3.514767,0.0041,88.3944,11.6015,1.23e-13
437,15,15,6471852.4296,4441.3220,3.163218,0.019216,3.514765,0.0034,24.6661,75.3305,1.39e-13
438,15,15,6471973.0799,4441.3220,3.163226,0.016057,3.514767,0.0026,33.8156,66.1818,1.92e-13
439,15,15,6472064.8812,4441.3220,3.163232,0.029237,3.514764,0.0040,56.9873,43.0087,1.13e-13
440,15,15,6472161.2572,4441.3220,3.163239,0.037886,3.514764,0.0043,94.1763,5.8194,1.06e-13
441,15,15,6472377.4608,4441.3220,3.163253,0.035903,3.514765,0.0051,1.6242,98.3708,1.57e-13
442,15,15,6472453.2585,4441.3220,3.163259,0.026298,3.514766,0.0031,98.1108,1.8861,1.33e-13
443,15,15,6472928.5209,4441.3220,3.163290,0.018836,3.514766,0.0031,64.1258,35.8711,2.18e-13
444,15,15,6472967.1174,4441.3220,3.163293,0.020877,3.514767,0.0028,35.4384,64.5588,1.49e-13
445,15,15,6473124.5073,4441.3220,3.163304,0.040573,3.514767,0.0044,4.5064,95.4893,1.27e-13
446,15,15,6473269.8855,4441.3220,3.163313,0.026111,3.514767,0.0035,89.7999,10.1966,1.74e-13
447,15,15,6473415.4158,4441.3220,3.163323,0.028853,3.514770,0.0031,77.7852,22.2117,1.58e-13
448,15,15,6473458.1219,4441.3220,3.163326,0.028690,3.514765,0.0034,26.6062,73.3904,1.32e-13
449,15,15,6473529.2636,4441.3220,3.163331,0.020092,3.514768,0.0026,41.1584,58.8390,1.96e-13
450,15,15,6473686.6632,4441.3220,3.163341,0.034864,3.514765,0.0046,60.0619,39.9336,1.22e-13
451,15,15,6473832.4211,4441.3220,3.163351,0.042318,3.514768,0.0036,7.8292,92.1672,1.52e-13
452,15,15,6473883.6447,4441.3220,3.163355,0.026450,3.514765,0.0032,93.2322,6.7646,1.39e-13
453,15,15,6474345.1360,4441.3220,3.163386,0.021599,3.514769,0.0036,1.0793,98.9171,1.34e-13
454,15,15,6474490.6040,4441.3220,3.163395,0.031686,3.514768,0.0033,97.4031,2.5937,1.78e-13
455,15,15,6474581.9604,4441.3220,3.163401,0.026832,3.514768,0.0031,15.4611,84.5358,1.70e-13
456,15,15,6474599.6671,4441.3220,3.163403,0.031453,3.514767,0.0031,81.9666,18.0303,1.86e-13
457,15,15,6474695.5252,4441.3220,3.163409,0.030794,3.514765,0.0038,8.5599,91.4363,1.59e-13
458,15,15,6474818.2308,4441.3220,3.163417,0.042556,3.514765,0.0043,96.1950,3.8007,1.24e-13
459,15,15,6474959.9309,4441.3220,3.163427,0.016780,3.514769,0.0025,71.7761,28.2214,1.69e-13
460,15,15,6475056.5667,4441.3220,3.163433,0.028154,3.514768,0.0033,28.5169,71.4798,1.27e-13
461,15,15,6475255.7332,4441.3220,3.163447,0.042109,3.514769,0.0032,24.2283,75.7685,1.27e-13
462,15,15,6475333.8618,4441.3220,3.163452,0.030592,3.514766,0.0034,76.0329,23.9638,1.14e-13
463,15,15,6475677.5280,4441.3220,3.163475,0.031325,3.514766,0.0033,79.9510,20.0457,1.10e-13
464,15,15,6475792.1176,4441.3220,3.163483,0.029429,3.514767,0.0032,43.9980,55.9988,1.62e-13
465,15,15,6475860.4121,4441.3220,3.163487,0.021625,3.514767,0.0029,73.2384,26.7587,1.34e-13
466,15,15,6475928.8514,4441.3220,3.163492,0.027209,3.514767,0.0030,1.5223,98.4748,1.60e-13
467,15,15,6476049.3649,4441.3220,3.163500,0.018329,3.514768,0.0024,74.0000,25.9976,2.03e-13
468,15,15,6476097.9471,4441.3220,3.163503,0.028342,3.514767,0.0036,27.5455,72.4509,1.74e-13
469,15,15,6476221.1450,4441.3220,3.163511,0.032350,3.514768,0.0033,83.8578,16.1390,1.35e-13
470,15,15,6476298.8542,4441.3220,3.163517,0.014131,3.514773,0.0017,15.0105,84.9878,2.09e-13
471,15,15,6476324.4932,4441.3220,3.163518,0.033764,3.514767,0.0035,20.7676,79.2288,1.50e-13
472,15,15,6476402.6750,4441.3220,3.163524,0.025282,3.514764,0.0031,78.4178,21.5791,1.83e-13
473,15,15,6476606.9876,4441.3220,3.163537,0.032103,3.514767,0.0037,45.5898,54.4065,1.23e-13
474,15,15,6476626.1936,4441.3220,3.163539,0.025618,3.514767,0.0036,56.5901,43.4063,1.21e-13
475,15,15,6476849.6884,4441.3220,3.163554,0.024396,3.514768,0.0025,96.6136,3.3839,1.60e-13
476,15,15,6476891.4500,4441.3220,3.163556,0.034071,3.514765,0.0038,3.9278,96.0684,1.43e-13
477,15,15,6477011.1363,4441.3220,3.163564,0.023709,3.514770,0.0025,70.4746,29.5229,1.34e-13
478,15,15,6477113.7628,4441.3220,3.163571,0.027202,3.514768,0.0027,34.9120,65.0853,1.71e-13
479,15,15,6477161.1000,4441.3220,3.163575,0.022494,3.514768,0.0028,23.1202,76.8770,1.17e-13
480,15,15,6477239.2997,4441.3220,3.163580,0.027640,3.514767,0.0031,76.5172,23.4797,1.74e-13
481,15,15,6477286.8565,4441.3220,3.163583,0.023284,3.514769,0.0030,53.5697,46.4273,1.65e-13
482,15,15,6477306.1099,4441.3220,3.163584,0.027806,3.514766,0.0028,47.9303,52.0669,1.99e-13
483,15,15,6477405.8858,4441.3220,3.163591,0.022521,3.514768,0.0025,86.8440,13.1535,1.39e-13
484,15,15,6477494.5337,4441.3220,3.163597,0.037680,3.514768,0.0038,3.3479,96.6483,1.28e-13
485,15,15,6477568.1907,4441.3220,3.163602,0.019197,3.514769,0.0026,65.2190,34.7784,1.67e-13
486,15,15,6477652.6598,4441.3220,3.163608,0.031789,3.514770,0.0028,34.1631,65.8341,1.25e-13
487,15,15,6477889.1002,4441.3220,3.163623,0.021602,3.514769,0.0023,48.6055,51.3922,2.01e-13
488,15,15,6477937.9387,4441.3220,3.163627,0.028502,3.514767,0.0027,12.7063,87.2910,1.65e-13
489,15,15,6477974.5568,4441.3220,3.163629,0.025691,3.514769,0.0030,62.3163,37.6807,1.55e-13
490,15,15,6478060.8601,4441.3220,3.163635,0.024782,3.514770,0.0026,53.2063,46.7911,1.65e-13
491,15,15,6478100.6487,4441.3220,3.163638,0.025247,3.514767,0.0029,63.3704,36.6267,1.52e-13
492,15,15,6478236.5556,4441.3220,3.163647,0.030061,3.514769,0.0031,49.2308,50.7660,1.28e-13
493,15,15,6478296.3839,4441.3220,3.163651,0.028631,3.514768,0.0029,57.5873,42.4098,1.55e-13
494,15,15,6478344.6209,4441.3220,3.163654,0.038557,3.514769,0.0035,46.0746,53.9219,1.85e-13
495,15,15,6478382.9899,4441.3220,3.163657,0.011846,3.514768,0.0025,76.3038,23.6937,1.32e-13
496,15,15,6478429.6083,4441.3220,3.163660,0.032247,3.514767,0.0033,72.6737,27.3230,1.71e-13
497,15,15,6478474.9690,4441.3220,3.163663,0.039876,3.514767,0.0034,20.5768,79.4198,1.42e-13
498,15,15,6478636.2572,4441.3220,3.163674,0.021066,3.514766,0.0033,39.9483,60.0484,1.25e-13
499,15,15,6478700.1617,4441.3220,3.163678,0.029487,3.514767,0.0033,34.0336,65.9631,1.77e-13
500,15,15,6478729.9579,4441.3220,3.163680,0.019032,3.514763,0.0034,29.7345,70.2620,1.96e-13
501,15,15,6478804.2050,4441.3220,3.163685,0.021775,3.514766,0.0029,81.1604,18.8367,1.23e-13
502,15,15,6478861.9175,4441.3220,3.163689,0.011524,3.514763,0.0031,56.4565,43.5404,1.87e-13
503,15,15,6478881.6014,4441.3220,3.163690,0.026038,3.514768,0.0029,21.0928,78.9043,1.60e-13
504,15,15,6478896.0180,4441.3220,3.163691,0.037624,3.514768,0.0033,63.4244,36.5723,1.27e-13
505,15,15,6478945.3241,4441.3220,3.163694,0.027484,3.514765,0.0038,32.2528,67.7435,1.51e-13
506,15,15,6478964.9912,4441.3220,3.163696,0.034940,3.514766,0.0036,84.5065,15.4899,2.37e-13
507,15,15,6479007.3450,4441.3220,3.163698,0.031858,3.514769,0.0029,58.3022,41.6950,1.78e-13
508,15,15,6479100.6741,4441.3220,3.163705,0.008506,3.514767,0.0023,24.2814,75.7164,2.02e-13
509,15,15,6479147.8607,4441.3220,3.163708,0.034906,3.514768,0.0035,24.4131,75.5834,1.67e-13
510,15,15,6479221.8683,4441.3220,3.163713,0.012971,3.514770,0.0019,84.8607,15.1374,1.80e-13
511,15,15,6479251.1926,4441.3220,3.163715,0.022791,3.514768,0.0025,85.8444,14.1531,1.79e-13
512,15,15,6479316.9435,4441.3220,3.163719,0.021180,3.514769,0.0026,28.1453,71.8522,1.63e-13
513,15,15,6479321.7911,4441.3220,3.163719,0.024597,3.514768,0.0025,41.2563,58.7411,2.04e-13
514,15,15,6479381.3714,4441.3220,3.163723,0.019710,3.514767,0.0027,24.3404,75.6568,1.24e-13
515,15,15,6479392.9918,4441.3220,3.163724,0.021399,3.514769,0.0023,50.9934,49.0043,1.81e-13
516,15,15,6479436.8031,4441.3220,3.163727,0.025006,3.514770,0.0023,86.1318,13.8659,1.52e-13
517,15,15,6479511.0988,4441.3220,3.163732,0.029645,3.514768,0.0030,71.8003,28.1967,1.46e-13
518,15,15,6479557.7824,4441.3220,3.163735,0.019503,3.514766,0.0031,59.2934,40.7035,1.49e-13
519,15,15,6479571.2335,4441.3220,3.163736,0.028447,3.514766,0.0035,41.0313,58.9652,1.65e-13
520,15,15,6479601.4496,4441.3220,3.163738,0.026169,3.514768,0.0029,45.5743,54.4228,1.60e-13
521,15,15,6479624.1903,4441.3220,3.163740,0.037197,3.514765,0.0039,13.7882,86.2079,1.14e-13
522,15,15,6479686.8058,4441.3220,3.163744,0.015736,3.514769,0.0024,41.7382,58.2594,1.68e-13
523,15,15,6479719.4844,4441.3220,3.163746,0.014479,3.514769,0.0020,77.8923,22.1057,1.48e-13
524,15,15,6479749.3167,4441.3220,3.163748,0.025210,3.514768,0.0029,49.5015,50.4956,1.50e-13
525,15,15,6479770.9027,4441.3220,3.163750,0.031509,3.514767,0.0031,61.0544,38.9424,1.48e-13
526,15,15,6479789.1332,4441.3220,3.163751,0.023006,3.514767,0.0028,66.8189,33.1783,1.78e-13
527,15,15,6479817.7046,4441.3220,3.163753,0.017580,3.514769,0.0020,80.3410,19.6571,2.31e-13
528,15,15,6479851.1307,4441.3220,3.163755,0.023319,3.514768,0.0027,33.6204,66.3769,1.62e-13
529,15,15,6479883.3763,4441.3220,3.163757,0.019747,3.514770,0.0023,8.7799,91.2178,1.48e-13
530,15,15,6479918.1200,4441.3220,3.163759,0.023821,3.514769,0.0023,73.3685,26.6292,1.59e-13
531,15,15,6479938.8692,4441.3220,3.163761,0.027257,3.514765,0.0037,38.8387,61.1576,1.51e-13
532,15,15,6479967.8673,4441.3220,3.163763,0.028265,3.514767,0.0028,43.5286,56.4686,1.09e-13
533,15,15,6479985.4504,4441.3220,3.163764,0.017073,3.514769,0.0020,86.2176,13.7804,2.07e-13
534,15,15,6480020.1981,4441.3220,3.163766,0.017148,3.514771,0.0020,47.5639,52.4341,2.08e-13
535,15,15,6480039.7943,4441.3220,3.163768,0.020495,3.514766,0.0032,35.6216,64.3751,1.52e-13
536,15,15,6480050.9548,4441.3220,3.163768,0.024822,3.514769,0.0026,45.3213,54.6761,1.45e-13
537,15,15,6480077.9013,4441.3220,3.163770,0.020273,3.514767,0.0030,42.1536,57.8433,2.20e-13
538,15,15,6480118.2772,4441.3220,3.163773,0.016773,3.514769,0.0021,65.8618,34.1361,2.03e-13
539,15,15,6480132.6984,4441.3220,3.163774,0.019574,3.514770,0.0023,58.0029,41.9948,1.79e-13
540,15,15,6480135.0490,4441.3220,3.163774,0.026308,3.514767,0.0028,28.5607,71.4365,1.88e-13
541,15,15,6480149.7321,4441.3220,3.163775,0.028612,3.514769,0.0025,48.1342,51.8633,1.32e-13
542,15,15,6480188.1884,4441.3220,3.163778,0.018887,3.514769,0.0025,20.2072,79.7903,1.47e-13
543,15,15,6480257.0414,4441.3220,3.163782,0.023542,3.514767,0.0029,84.8458,15.1513,1.01e-13
544,15,15,6480267.6876,4441.3220,3.163783,0.026463,3.514768,0.0029,31.5905,68.4066,1.65e-13
545,15,15,6480285.4084,4441.3220,3.163784,0.030373,3.514767,0.0031,41.9350,58.0619,1.39e-13
546,15,15,6480305.2972,4441.3220,3.163785,0.026671,3.514771,0.0023,53.4984,46.4992,1.92e-13
547,15,15,6480366.4022,4441.3220,3.163790,0.031579,3.514766,0.0034,45.2117,54.7849,1.25e-13
548,15,15,6480416.6859,4441.3220,3.163793,0.022020,3.514771,0.0024,78.5052,21.4924,1.56e-13
549,15,15,6480430.8149,4441.3220,3.163794,0.019854,3.514770,0.0021,59.5291,40.4688,1.70e-13
550,15,15,6480446.3051,4441.3220,3.163795,0.030291,3.514768,0.0029,70.0386,29.9585,1.94e-13
551,15,15,6480471.4147,4441.3220,3.163797,0.019629,3.514769,0.0023,36.2673,63.7304,1.32e-13
552,15,15,6480482.4901,4441.3220,3.163797,0.024897,3.514768,0.0026,53.4134,46.5841,1.63e-13
553,15,15,6480488.7739,4441.3220,3.163798,0.018639,3.514769,0.0021,24.8543,75.1436,2.07e-13
554,15,15,6480514.3327,4441.3220,3.163799,0.007817,3.514771,0.0011,44.4749,55.5240,2.45e-13
555,15,15,6480539.6889,4441.3220,3.163801,0.018148,3.514769,0.0019,39.9614,60.0367,1.84e-13
556,15,15,6480546.6365,4441.3220,3.163802,0.008493,3.514771,0.0014,46.3388,53.6597,1.95e-13
557,15,15,6480564.8116,4441.3220,3.163803,0.010873,3.514772,0.0014,41.8145,58.1841,2.53e-13
558,15,15,6480582.1009,4441.3220,3.163804,0.011876,3.514770,0.0013,72.2632,27.7355,1.60e-13
559,15,15,6480607.7101,4441.3220,3.163806,0.010453,3.514771,0.0011,35.4139,64.5850,1.88e-13
560,15,15,6480627.3656,4441.3220,3.163807,0.014409,3.514770,0.0017,57.4054,42.5929,2.08e-13
561,15,15,6480647.1416,4441.3220,3.163808,0.007150,3.514772,0.0010,67.6406,32.3584,2.15e-13
562,15,15,6480661.4035,4441.3220,3.163809,0.019521,3.514770,0.0021,28.6548,71.3431,1.80e-13
563,15,15,6480677.0839,4441.3220,3.163810,0.013835,3.514772,0.0018,38.5026,61.4957,1.88e-13
564,15,15,6480687.9404,4441.3220,3.163811,0.016677,3.514771,0.0019,66.4438,33.5543,1.99e-13
565,15,15,6480705.7938,4441.3220,3.163812,0.017532,3.514771,0.0017,41.8463,58.1520,1.79e-13
566,15,15,6480709.7481,4441.3220,3.163813,0.008500,3.514772,0.0012,65.3831,34.6158,2.66e-13
567,15,15,6480720.0648,4441.3220,3.163813,0.010821,3.514772,0.0011,50.7618,49.2370,2.66e-13
568,15,15,6480728.4039,4441.3220,3.163814,0.010744,3.514772,0.0012,54.3900,45.6088,2.39e-13
569,15,15,6480733.3219,4441.3220,3.163814,0.011991,3.514772,0.0010,63.3246,36.6743,2.57e-13
570,15,15,6480743.9579,4441.3220,3.163815,0.010785,3.514773,0.0011,42.3600,57.6389,1.99e-13
571,15,15,6480744.9994,4441.3220,3.163815,0.001427,3.514774,0.0002,48.7295,51.2703,5.41e-13
572,15,15,6480749.0892,4441.3220,3.163815,0.012844,3.514772,0.0012,45.2204,54.7785,2.74e-13
573,15,15,6480750.3965,4441.3220,3.163815,0.001269,3.514774,0.0002,93.7912,6.2086,5.29e-13
574,15,15,6480750.6284,4441.3220,3.163815,0.003740,3.514774,0.0003,12.4089,87.5908,4.68e-13
575,15,15,6480752.1544,4441.3220,3.163815,0.007742,3.514774,0.0007,35.3899,64.6093,2.71e-13
576,15,15,6480755.6923,4441.3220,3.163816,0.007689,3.514772,0.0008,52.0382,47.9611,3.37e-13
577,15,15,6480759.5342,4441.3220,3.163816,0.003338,3.514773,0.0004,45.8563,54.1432,4.25e-13
578,15,15,6480760.1203,4441.3220,3.163816,0.006524,3.514772,0.0008,57.9565,42.0427,3.59e-13
579,15,15,6480763.5620,4441.3220,3.163816,0.004797,3.514773,0.0006,45.2502,54.7493,3.15e-13
580,15,15,6480767.3934,4441.3220,3.163816,0.008428,3.514774,0.0010,38.5885,61.4105,2.68e-13
581,15,15,6480768.3972,4441.3220,3.163817,0.008145,3.514772,0.0009,52.3068,47.6922,2.90e-13
582,15,15,6480771.7460,4441.3220,3.163817,0.009162,3.514773,0.0009,45.2219,54.7772,2.59e-13
583,15,15,6480774.1449,4441.3220,3.163817,0.006797,3.514773,0.0006,56.6811,43.3183,2.45e-13
584,15,15,6480775.9926,4441.3220,3.163817,0.008797,3.514772,0.0008,34.4872,65.5121,2.75e-13
585,15,15,6480779.8480,4441.3220,3.163817,0.007111,3.514773,0.0007,41.1596,58.8397,2.77e-13
586,15,15,6480787.0958,4441.3220,3.163818,0.007909,3.514773,0.0008,45.4287,54.5705,2.42e-13
587,15,15,6480787.6025,4441.3220,3.163818,0.009408,3.514771,0.0012,46.3987,53.6001,1.63e-13
588,15,15,6480789.6352,4441.3220,3.163818,0.014803,3.514770,0.0018,52.0654,47.9328,2.08e-13
589,15,15,6480793.7946,4441.3220,3.163818,0.013047,3.514770,0.0016,63.0489,36.9495,1.80e-13
590,15,15,6480796.3808,4441.3220,3.163818,0.011208,3.514771,0.0014,32.9641,67.0345,1.69e-13
591,15,15,6480806.6667,4441.3220,3.163819,0.009705,3.514772,0.0012,61.8419,38.1569,1.45e-13
592,15,15,6480813.3704,4441.3220,3.163820,0.011933,3.514772,0.0013,11.6763,88.3225,1.97e-13
593,15,15,6480817.0141,4441.3220,3.163820,0.011249,3.514771,0.0012,42.3917,57.6071,1.56e-13
594,15,15,6480821.4513,4441.3220,3.163820,0.011054,3.514771,0.0013,80.6862,19.3125,1.76e-13
595,15,15,6480828.0477,4441.3220,3.163821,0.010057,3.514771,0.0013,51.0419,48.9569,1.65e-13
596,15,15,6480833.8644,4441.3220,3.163821,0.013266,3.514771,0.0014,67.6276,32.3711,1.73e-13
597,15,15,6480852.3861,4441.3220,3.163822,0.012604,3.514770,0.0018,47.9069,52.0914,1.24e-13
598,15,15,6480859.8007,4441.3220,3.163823,0.025141,3.514768,0.0026,41.6590,58.3383,1.21e-13
599,15,15,6480870.2823,4441.3220,3.163823,0.018195,3.514770,0.0020,73.0392,26.9587,1.56e-13
600,15,15,6480886.7917,4441.3220,3.163824,0.033523,3.514766,0.0040,50.5140,49.4820,1.45e-13
601,15,15,6480895.6535,4441.3220,3.163825,0.023972,3.514768,0.0030,37.2028,62.7942,1.32e-13
602,15,15,6480904.3450,4441.3220,3.163826,0.025019,3.514769,0.0024,20.8917,79.1059,1.38e-13
603,15,15,6480914.0711,4441.3220,3.163826,0.027756,3.514768,0.0029,58.7014,41.2957,1.10e-13
604,15,15,6480933.9750,4441.3220,3.163828,0.036544,3.514765,0.0042,68.5569,31.4389,8.40e-14
605,15,15,6480956.2718,4441.3220,3.163829,0.057465,3.514761,0.0061,51.5614,48.4326,9.32e-14
606,15,15,6480977.8038,4441.3220,3.163831,0.058721,3.514759,0.0066,44.0594,55.9340,6.94e-14
607,15,15,6481058.1838,4441.3220,3.163836,0.063046,3.514757,0.0079,84.6033,15.3888,6.36e-14
608,15,15,6481088.4862,4441.3220,3.163838,0.061944,3.514759,0.0071,82.4834,17.5095,6.86e-14
609,15,15,6481123.7866,4441.3220,3.163840,0.069396,3.514756,0.0084,63.5015,36.4902,6.29e-14
610,15,15,6481164.4325,4441.3220,3.163843,0.082391,3.514751,0.0106,39.5463,60.4431,7.93e-14
611,15,15,6481175.6291,4441.3220,3.163844,0.079812,3.514755,0.0090,53.8192,46.1718,7.53e-14
612,15,15,6481188.0749,4441.3220,3.163845,0.070445,3.514755,0.0089,26.0167,73.9744,7.61e-14
613,15,15,6481191.4578,4441.3220,3.163845,0.064050,3.514756,0.0084,39.7916,60.2001,9.71e-14
614,15,15,6481196.0752,4441.3220,3.163845,0.065240,3.514756,0.0084,19.5805,80.4111,9.43e-14
615,15,15,6481218.6642,4441.3220,3.163847,0.061579,3.514758,0.0076,33.5517,66.4407,7.29e-14
616,15,15,6481225.6841,4441.3220,3.163847,0.071854,3.514753,0.0096,13.2699,86.7205,6.43e-14
617,15,15,6481228.8553,4441.3220,3.163847,0.071377,3.514755,0.0087,91.3602,8.6311,7.22e-14
618,15,15,6481271.2475,4441.3220,3.163850,0.083293,3.514751,0.0107,3.7983,96.1910,5.44e-14
619,15,15,6481313.0347,4441.3220,3.163853,0.070635,3.514755,0.0087,97.5030,2.4883,5.05e-14
620,15,15,6481335.7792,4441.3220,3.163855,0.064316,3.514757,0.0082,95.3886,4.6033,5.71e-14
621,15,15,6481365.0978,4441.3220,3.163857,0.110494,3.514741,0.0152,55.8637,44.1211,6.73e-14
622,15,15,6481750.5008,4441.3220,3.163882,0.101685,3.514749,0.0122,19.0469,80.9409,8.68e-14
623,15,15,6481926.3865,4441.3220,3.163894,0.111936,3.514732,0.0182,46.5245,53.4574,6.74e-14
624,15,15,6481936.1349,4441.3220,3.163895,0.140312,3.514737,0.0182,46.4650,53.5168,5.70e-14
