mode_rank,matched_m,matched_n,Omega_FEM,Omega_exact,log10_Error_Omega,relative_residual
1,1,1,19.7233,19.7392,-3.093880,4.09e-09
2,1,1,49.8453,19.7392,-3.093880,5.69e-10
3,1,1,49.8453,19.7392,-3.093880,6.55e-10
4,1,1,79.6638,19.7392,-3.093880,2.35e-10
5,1,1,101.8162,19.7392,-3.093880,2.95e-10
6,1,1,101.8186,19.7392,-3.093880,1.48e-10
7,1,1,131.3017,19.7392,-3.093880,8.58e-11
8,1,1,131.3017,19.7392,-3.093880,9.56e-11
9,1,1,178.2784,19.7392,-3.093880,4.78e-11
10,1,1,178.2784,19.7392,-3.093880,6.54e-11
11,1,1,182.3911,19.7392,-3.093880,5.88e-11
12,1,1,207.3396,19.7392,-3.093880,4.59e-11
13,1,1,207.3504,19.7392,-3.093880,3.53e-11
14,1,1,257.6914,19.7392,-3.093880,2.56e-11
15,1,1,257.6914,19.7392,-3.093880,3.15e-11
16,1,1,283.3889,19.7392,-3.093880,2.51e-11
17,1,1,283.3917,19.7392,-3.093880,2.70e-11
18,1,1,311.9912,19.7392,-3.093880,1.83e-11
19,1,1,311.9912,19.7392,-3.093880,2.22e-11
20,1,1,331.9286,19.7392,-3.093880,1.82e-11
21,1,1,361.4524,19.7392,-3.093880,2.44e-11
22,1,1,361.4730,19.7392,-3.093880,1.66e-11
23,1,1,423.1149,19.7392,-3.093880,8.96e-12
24,1,1,423.1149,19.7392,-3.093880,1.73e-11
25,1,1,434.3645,19.7392,-3.093880,1.42e-11
26,1,1,434.3645,19.7392,-3.093880,1.22e-11
27,1,1,451.0653,19.7392,-3.093880,8.12e-12
28,1,1,451.0789,19.7392,-3.093880,2.01e-11
29,1,1,499.3883,19.7392,-3.093880,7.22e-12
30,1,1,499.3883,19.7392,-3.093880,2.03e-11
31,1,1,534.9830,19.7392,-3.093880,6.66e-12
32,1,1,570.5388,19.7392,-3.093880,5.40e-12
33,1,1,570.5835,19.7392,-3.093880,5.66e-12
34,1,1,606.0172,19.7392,-3.093880,5.40e-12
35,1,1,606.0204,19.7392,-3.093880,4.75e-12
36,1,1,633.2184,19.7392,-3.093880,4.24e-12
37,1,1,633.2184,19.7392,-3.093880,7.33e-12
38,1,1,668.7837,19.7392,-3.093880,4.34e-12
39,1,1,668.7837,19.7392,-3.093880,3.42e-12
40,1,1,680.1471,19.7392,-3.093880,3.50e-12
41,1,1,680.1730,19.7392,-3.093880,3.67e-12
42,1,1,749.2319,19.7392,-3.093880,2.73e-12
43,1,1,749.2319,19.7392,-3.093880,3.55e-12
44,1,1,799.4196,19.7392,-3.093880,3.11e-12
45,1,1,844.0999,19.7392,-3.093880,2.53e-12
46,1,1,844.0999,19.7392,-3.093880,2.13e-12
47,1,1,844.4098,19.7392,-3.093880,2.37e-12
48,1,1,844.4712,19.7392,-3.093880,2.80e-12
49,1,1,870.2464,19.7392,-3.093880,2.14e-12
50,1,1,870.2610,19.7392,-3.093880,2.54e-12
51,1,1,915.3505,19.7392,-3.093880,2.66e-12
52,1,1,915.3505,19.7392,-3.093880,2.32e-12
53,1,1,970.9958,19.7392,-3.093880,1.84e-12
54,1,1,970.9958,19.7392,-3.093880,2.44e-12
55,1,1,981.6394,19.7392,-3.093880,1.86e-12
56,1,1,981.6905,19.7392,-3.093880,2.65e-12
57,1,1,1072.9640,19.7392,-3.093880,1.94e-12
58,1,1,1072.9640,19.7392,-3.093880,2.61e-12
59,1,1,1137.1432,19.7392,-3.093880,1.95e-12
60,1,1,1154.4770,19.7392,-3.093880,1.89e-12
61,1,1,1154.4795,19.7392,-3.093880,1.32e-12
62,1,1,1179.3618,19.7392,-3.093880,1.45e-12
63,1,1,1179.3618,19.7392,-3.093880,1.38e-12
64,1,1,1194.1989,19.7392,-3.093880,1.42e-12
65,1,1,1194.2877,19.7392,-3.093880,1.41e-12
66,1,1,1222.1915,19.7392,-3.093880,1.42e-12
67,1,1,1222.2121,19.7392,-3.093880,1.38e-12
68,1,1,1285.0968,19.7392,-3.093880,1.15e-12
69,1,1,1285.0968,19.7392,-3.093880,1.34e-12
70,1,1,1353.3038,19.7392,-3.093880,1.29e-12
71,1,1,1353.3038,19.7392,-3.093880,1.17e-12
72,1,1,1371.4546,19.7392,-3.093880,9.49e-13
73,1,1,1371.4982,19.7392,-3.093880,1.04e-12
74,1,1,1485.9947,19.7392,-3.093880,9.20e-13
75,1,1,1485.9947,19.7392,-3.093880,8.95e-13
76,1,1,1560.1412,19.7392,-3.093880,8.65e-13
77,1,1,1561.5050,19.7392,-3.093880,7.94e-13
78,1,1,1561.5050,19.7392,-3.093880,7.98e-13
79,1,1,1584.6256,19.7392,-3.093880,1.20e-12
80,1,1,1584.6294,19.7392,-3.093880,8.07e-13
81,1,1,1624.3876,19.7392,-3.093880,8.37e-13
82,1,1,1624.3876,19.7392,-3.093880,8.03e-13
83,1,1,1635.7947,19.7392,-3.093880,1.21e-12
84,1,1,1635.8186,19.7392,-3.093880,8.88e-13
85,1,1,1682.6800,19.7392,-3.093880,7.44e-13
86,1,1,1682.6822,19.7392,-3.093880,6.72e-13
87,1,1,1762.5429,19.7392,-3.093880,7.95e-13
88,1,1,1762.5429,19.7392,-3.093880,6.58e-13
89,1,1,1830.2718,19.7392,-3.093880,6.36e-13
90,1,1,1830.2718,19.7392,-3.093880,6.75e-13
91,1,1,1868.1326,19.7392,-3.093880,6.07e-13
92,1,1,1868.1892,19.7392,-3.093880,9.26e-13
93,1,1,2005.8274,19.7392,-3.093880,6.69e-13
94,1,1,2005.8274,19.7392,-3.093880,5.60e-13
95,1,1,2083.7113,19.7392,-3.093880,6.22e-13
96,1,1,2100.5838,19.7392,-3.093880,5.33e-13
97,1,1,2100.5913,19.7392,-3.093880,4.29e-13
98,1,1,2121.4646,19.7392,-3.093880,4.46e-13
99,1,1,2121.4646,19.7392,-3.093880,4.68e-13
100,1,1,2157.2377,19.7392,-3.093880,3.99e-13
101,1,1,2157.3138,19.7392,-3.093880,4.56e-13
102,1,1,2183.7562,19.7392,-3.093880,5.19e-13
103,1,1,2184.1043,19.7392,-3.093880,4.90e-13
104,1,1,2209.6096,19.7392,-3.093880,4.70e-13
105,1,1,2209.6096,19.7392,-3.093880,3.89e-13
106,1,1,2280.8309,19.7392,-3.093880,4.32e-13
107,1,1,2281.0970,19.7392,-3.093880,3.73e-13
108,1,1,2374.8273,19.7392,-3.093880,3.76e-13
109,1,1,2374.8273,19.7392,-3.093880,3.78e-13
110,1,1,2377.8449,19.7392,-3.093880,7.16e-13
111,1,1,2415.0581,19.7392,-3.093880,4.61e-13
112,1,1,2415.0581,19.7392,-3.093880,5.82e-13
113,1,1,2495.9506,19.7392,-3.093880,4.00e-13
114,1,1,2496.7052,19.7392,-3.093880,4.11e-13
115,1,1,2652.3862,19.7392,-3.093880,4.93e-13
116,1,1,2652.3862,19.7392,-3.093880,3.70e-13
117,1,1,2716.1279,19.7392,-3.093880,3.77e-13
118,1,1,2823.5539,19.7392,-3.093880,2.95e-13
119,1,1,2823.5539,19.7392,-3.093880,5.97e-13
120,1,1,2841.0708,19.7392,-3.093880,2.58e-13
121,1,1,2841.2257,19.7392,-3.093880,2.77e-13
122,1,1,2852.0832,19.7392,-3.093880,3.62e-13
123,1,1,2854.2568,19.7392,-3.093880,3.26e-13
124,1,1,2871.2474,19.7392,-3.093880,2.61e-13
125,1,1,2871.2474,19.7392,-3.093880,5.30e-13
126,1,1,2914.7144,19.7392,-3.093880,3.15e-13
127,1,1,2915.3997,19.7392,-3.093880,5.47e-13
128,1,1,2974.4193,19.7392,-3.093880,2.45e-13
129,1,1,2974.4193,19.7392,-3.093880,3.55e-13
130,1,1,3050.9934,19.7392,-3.093880,2.50e-13
131,1,1,3052.8199,19.7392,-3.093880,3.24e-13
132,1,1,3112.4843,19.7392,-3.093880,2.65e-13
133,1,1,3112.4843,19.7392,-3.093880,3.25e-13
134,1,1,3151.1872,19.7392,-3.093880,3.00e-13
135,1,1,3151.1872,19.7392,-3.093880,2.39e-13
136,1,1,3274.8387,19.7392,-3.093880,2.80e-13
137,1,1,3279.0346,19.7392,-3.093880,2.30e-13
138,1,1,3436.1200,19.7392,-3.093880,2.16e-13
139,1,1,3436.1200,19.7392,-3.093880,2.40e-13
140,1,1,3450.9113,19.7392,-3.093880,2.62e-13
141,1,1,3586.0870,19.7392,-3.093880,3.94e-13
142,1,1,3586.0870,19.7392,-3.093880,2.78e-13
143,1,1,3633.3553,19.7392,-3.093880,2.38e-13
144,1,1,3643.1054,19.7392,-3.093880,2.18e-13
145,1,1,3807.1013,19.7392,-3.093880,1.63e-13
146,1,1,3807.4971,19.7392,-3.093880,2.34e-13
147,1,1,3819.5940,19.7392,-3.093880,1.71e-13
148,1,1,3819.5940,19.7392,-3.093880,1.59e-13
149,1,1,3838.8105,19.7392,-3.093880,1.56e-13
150,1,1,3842.1603,19.7392,-3.093880,1.84e-13
151,1,1,3870.4284,19.7392,-3.093880,3.93e-13
152,1,1,3870.4284,19.7392,-3.093880,1.78e-13
153,1,1,3896.4739,19.7392,-3.093880,2.80e-13
154,1,1,3896.4739,19.7392,-3.093880,1.93e-13
155,1,1,3907.4676,19.7392,-3.093880,1.99e-13
156,1,1,3916.0037,19.7392,-3.093880,2.01e-13
157,1,1,3965.5353,19.7392,-3.093880,1.54e-13
158,1,1,3965.5353,19.7392,-3.093880,2.02e-13
159,1,1,4022.2050,19.7392,-3.093880,1.92e-13
160,1,1,4038.7701,19.7392,-3.093880,2.38e-13
161,1,1,4103.0946,19.7392,-3.093880,2.23e-13
162,1,1,4114.0695,19.7392,-3.093880,1.63e-13
163,1,1,4114.0695,19.7392,-3.093880,2.02e-13
164,1,1,4208.4173,19.7392,-3.093880,2.95e-13
165,1,1,4226.9822,19.7392,-3.093880,3.31e-13
166,1,1,4228.6884,19.7392,-3.093880,3.01e-13
167,1,1,4337.1387,19.7392,-3.093880,1.59e-13
168,1,1,4337.1387,19.7392,-3.093880,1.96e-13
169,1,1,4476.5740,19.7392,-3.093880,1.61e-13
170,1,1,4507.3449,19.7392,-3.093880,1.41e-13
171,1,1,4580.6748,19.7392,-3.093880,2.12e-13
172,1,1,4626.7283,19.7392,-3.093880,1.74e-13
173,1,1,4626.7283,19.7392,-3.093880,1.94e-13
174,1,1,4713.6685,19.7392,-3.093880,1.74e-13
175,1,1,4713.6685,19.7392,-3.093880,1.33e-13
176,1,1,4777.8273,19.7392,-3.093880,1.76e-13
177,1,1,4909.9225,19.7392,-3.093880,1.33e-13
178,1,1,4952.2511,19.7392,-3.093880,1.73e-13
179,1,1,5103.1757,19.7392,-3.093880,1.10e-13
180,1,1,5114.5437,19.7392,-3.093880,1.46e-13
181,1,1,5114.5437,19.7392,-3.093880,1.66e-13
182,1,1,5166.1319,19.7392,-3.093880,1.16e-13
183,1,1,5166.1319,19.7392,-3.093880,9.28e-14
184,1,1,5174.4177,19.7392,-3.093880,9.58e-14
185,1,1,5176.2278,19.7392,-3.093880,1.14e-13
186,1,1,5190.7019,19.7392,-3.093880,9.77e-14
187,1,1,5190.7019,19.7392,-3.093880,9.60e-14
188,1,1,5208.7571,19.7392,-3.093880,1.04e-13
189,1,1,5214.3276,19.7392,-3.093880,1.01e-13
190,1,1,5237.2333,19.7392,-3.093880,9.37e-14
191,1,1,5237.2333,19.7392,-3.093880,1.14e-13
192,1,1,5264.4928,19.7392,-3.093880,1.01e-13
193,1,1,5273.4177,19.7392,-3.093880,1.14e-13
194,1,1,5299.6233,19.7392,-3.093880,8.81e-14
195,1,1,5299.6233,19.7392,-3.093880,1.09e-13
196,1,1,5332.8000,19.7392,-3.093880,1.26e-13
197,1,1,5342.3727,19.7392,-3.093880,1.13e-13
198,1,1,5356.7012,19.7392,-3.093880,9.29e-14
199,1,1,5356.7012,19.7392,-3.093880,1.25e-13
200,1,1,5374.0333,19.7392,-3.093880,1.25e-13
201,1,1,5390.5212,19.7392,-3.093880,1.13e-13
202,1,1,5390.5212,19.7392,-3.093880,1.58e-13
203,1,1,5391.7000,19.7392,-3.093880,1.01e-13
204,1,1,5393.8483,19.7392,-3.093880,1.01e-13
205,1,1,5444.0439,19.7392,-3.093880,1.09e-13
206,1,1,5534.7098,19.7392,-3.093880,1.36e-13
207,1,1,5912.0661,19.7392,-3.093880,1.16e-13
208,1,1,5912.0661,19.7392,-3.093880,9.10e-14
209,1,1,5979.1574,19.7392,-3.093880,8.30e-14
210,1,1,5979.1574,19.7392,-3.093880,1.08e-13
211,1,1,6329.4954,19.7392,-3.093880,7.97e-14
212,1,1,6345.9865,19.7392,-3.093880,9.34e-14
213,1,1,6586.3118,19.7392,-3.093880,8.79e-14
214,1,1,6586.3118,19.7392,-3.093880,6.96e-14
215,1,1,6748.9484,19.7392,-3.093880,1.14e-13
216,1,1,6754.1541,19.7392,-3.093880,1.27e-13
217,1,1,6774.1742,19.7392,-3.093880,7.07e-14
218,1,1,6783.5022,19.7392,-3.093880,8.28e-14
219,1,1,6859.0515,19.7392,-3.093880,5.73e-14
220,1,1,6859.0515,19.7392,-3.093880,6.76e-14
221,1,1,6927.3356,19.7392,-3.093880,5.98e-14
222,1,1,6928.9061,19.7392,-3.093880,6.59e-14
223,1,1,6971.9837,19.7392,-3.093880,5.81e-14
224,1,1,6971.9837,19.7392,-3.093880,5.80e-14
225,1,1,6999.3708,19.7392,-3.093880,4.74e-14
226,1,1,6999.7996,19.7392,-3.093880,5.26e-14
227,1,1,7016.6907,19.7392,-3.093880,4.39e-14
228,1,1,7016.6907,19.7392,-3.093880,5.22e-14
229,1,1,7027.0217,19.7392,-3.093880,4.69e-14
230,1,1,7027.1144,19.7392,-3.093880,5.35e-14
231,1,1,7033.0790,19.7392,-3.093880,4.88e-14
232,1,1,7033.0790,19.7392,-3.093880,5.27e-14
233,1,1,7036.1686,19.7392,-3.093880,4.80e-14
234,1,1,7036.1761,19.7392,-3.093880,5.34e-14
235,1,1,7461.6308,19.7392,-3.093880,6.29e-14
236,1,1,7461.6308,19.7392,-3.093880,7.22e-14
237,1,1,7982.5603,19.7392,-3.093880,4.60e-14
238,1,1,7988.0198,19.7392,-3.093880,5.68e-14
239,1,1,8381.3015,19.7392,-3.093880,4.64e-14
240,1,1,8381.3015,19.7392,-3.093880,5.00e-14
241,1,1,8677.2682,19.7392,-3.093880,4.06e-14
242,1,1,8680.1171,19.7392,-3.093880,4.57e-14
243,1,1,8901.3391,19.7392,-3.093880,4.30e-14
244,1,1,8901.3391,19.7392,-3.093880,3.45e-14
245,1,1,9066.9642,19.7392,-3.093880,3.48e-14
246,1,1,9068.2662,19.7392,-3.093880,3.96e-14
247,1,1,9191.1200,19.7392,-3.093880,3.58e-14
248,1,1,9191.1200,19.7392,-3.093880,3.61e-14
249,1,1,9281.4253,19.7392,-3.093880,2.75e-14
250,1,1,9281.9214,19.7392,-3.093880,3.41e-14
251,1,1,9346.1727,19.7392,-3.093880,2.99e-14
252,1,1,9346.1727,19.7392,-3.093880,3.13e-14
253,1,1,9389.2591,19.7392,-3.093880,2.48e-14
254,1,1,9389.3737,19.7392,-3.093880,2.71e-14
255,1,1,9414.1017,19.7392,-3.093880,2.79e-14
256,1,1,9414.1017,19.7392,-3.093880,2.81e-14
257,1,1,12028.8362,19.7392,-3.093880,1.85e-12
258,1,1,12082.1473,19.7392,-3.093880,3.08e-12
259,1,1,12104.9479,19.7392,-3.093880,1.94e-12
260,1,1,12104.9479,19.7392,-3.093880,1.25e-12
261,1,1,12214.2189,19.7392,-3.093880,7.61e-13
262,1,1,12298.2200,19.7392,-3.093880,1.27e-12
263,1,1,12499.6477,19.7392,-3.093880,9.73e-13
264,1,1,12499.6477,19.7392,-3.093880,5.80e-13
265,1,1,12810.0174,19.7392,-3.093880,4.45e-13
266,1,1,12896.7039,19.7392,-3.093880,6.71e-13
267,1,1,13301.8709,19.7392,-3.093880,6.01e-13
268,1,1,13301.8709,19.7392,-3.093880,4.17e-13
269,1,1,13826.0257,19.7392,-3.093880,3.62e-13
270,1,1,13916.1205,19.7392,-3.093880,5.30e-13
271,1,1,14536.8672,19.7392,-3.093880,3.58e-13
272,1,1,14536.8672,19.7392,-3.093880,4.99e-13
273,1,1,15291.4923,19.7392,-3.093880,3.42e-13
274,1,1,15386.7648,19.7392,-3.093880,4.99e-13
275,1,1,15612.2336,19.7392,-3.093880,1.12e-12
276,1,1,15718.3268,19.7392,-3.093880,1.04e-12
277,1,1,15718.3268,19.7392,-3.093880,1.64e-12
278,1,1,15792.7846,19.7392,-3.093880,1.60e-12
279,1,1,15820.4000,19.7392,-3.093880,1.20e-12
280,1,1,15820.4000,19.7392,-3.093880,9.44e-13
281,1,1,15913.9688,19.7392,-3.093880,1.44e-12
282,1,1,16030.8167,19.7392,-3.093880,1.31e-12
283,1,1,16139.3556,19.7392,-3.093880,8.76e-13
284,1,1,16139.3556,19.7392,-3.093880,5.67e-13
285,1,1,16277.2594,19.7392,-3.093880,5.52e-13
286,1,1,16277.2594,19.7392,-3.093880,4.07e-13
287,1,1,16373.3211,19.7392,-3.093880,1.13e-12
288,1,1,16505.8032,19.7392,-3.093880,1.11e-12
289,1,1,16776.2638,19.7392,-3.093880,1.19e-12
290,1,1,16776.2638,19.7392,-3.093880,8.22e-13
291,1,1,17116.1332,19.7392,-3.093880,1.01e-12
292,1,1,17215.3760,19.7392,-3.093880,3.72e-13
293,1,1,17264.4399,19.7392,-3.093880,9.84e-13
294,1,1,17318.1569,19.7392,-3.093880,5.16e-13
295,1,1,17675.3759,19.7392,-3.093880,7.44e-13
296,1,1,17675.3759,19.7392,-3.093880,1.17e-12
297,1,1,18185.1187,19.7392,-3.093880,9.21e-13
298,1,1,18354.4085,19.7392,-3.093880,7.87e-13
299,1,1,18384.6299,19.7392,-3.093880,7.17e-13
300,1,1,18384.6299,19.7392,-3.093880,3.54e-13
301,1,1,18935.9758,19.7392,-3.093880,1.00e-12
302,1,1,18935.9758,19.7392,-3.093880,7.00e-13
303,1,1,19503.2548,19.7392,-3.093880,3.66e-13
304,1,1,19587.2664,19.7392,-3.093880,7.56e-13
305,1,1,19617.0184,19.7392,-3.093880,6.11e-13
306,1,1,19787.5448,19.7392,-3.093880,1.37e-12
307,1,1,20367.1048,19.7392,-3.093880,7.79e-13
308,1,1,20367.1048,19.7392,-3.093880,4.94e-13
309,1,1,20368.7487,19.7392,-3.093880,1.02e-12
310,1,1,20405.0969,19.7392,-3.093880,1.08e-12
311,1,1,20421.1097,19.7392,-3.093880,1.11e-12
312,1,1,20448.9822,19.7392,-3.093880,7.99e-13
313,1,1,20448.9822,19.7392,-3.093880,1.14e-12
314,1,1,20456.8950,19.7392,-3.093880,1.33e-12
315,1,1,20521.4529,19.7392,-3.093880,9.24e-13
316,1,1,20521.4529,19.7392,-3.093880,7.75e-13
317,1,1,20545.3835,19.7392,-3.093880,1.67e-12
318,1,1,20588.5152,19.7392,-3.093880,1.12e-12
319,1,1,20675.7745,19.7392,-3.093880,7.50e-13
320,1,1,20675.7745,19.7392,-3.093880,6.41e-13
321,1,1,20771.8156,19.7392,-3.093880,1.20e-12
322,1,1,20780.4538,19.7392,-3.093880,6.42e-13
323,1,1,20780.4538,19.7392,-3.093880,4.51e-13
324,1,1,20822.0681,19.7392,-3.093880,1.16e-12
325,1,1,20962.0537,19.7392,-3.093880,9.37e-13
326,1,1,20962.0537,19.7392,-3.093880,6.40e-13
327,1,1,21107.8808,19.7392,-3.093880,1.22e-12
328,1,1,21179.9954,19.7392,-3.093880,1.34e-12
329,1,1,21266.1290,19.7392,-3.093880,3.05e-12
330,1,1,21389.3366,19.7392,-3.093880,6.79e-13
331,1,1,21389.3366,19.7392,-3.093880,3.63e-13
332,1,1,21455.5095,19.7392,-3.093880,6.37e-13
333,1,1,21656.8576,19.7392,-3.093880,2.85e-12
334,1,1,21707.0373,19.7392,-3.093880,3.72e-13
335,1,1,21723.3427,19.7392,-3.093880,8.27e-13
336,1,1,21894.9789,19.7392,-3.093880,3.52e-13
337,1,1,21919.1902,19.7392,-3.093880,2.38e-13
338,1,1,21919.1902,19.7392,-3.093880,1.51e-13
339,1,1,22076.8954,19.7392,-3.093880,5.52e-13
340,1,1,22076.8954,19.7392,-3.093880,3.01e-13
341,1,1,22151.0446,19.7392,-3.093880,4.38e-14
342,1,1,22309.5799,19.7392,-3.093880,9.71e-13
343,1,1,22387.0966,19.7392,-3.093880,7.00e-13
344,1,1,22527.6757,19.7392,-3.093880,7.70e-14
345,1,1,22527.6757,19.7392,-3.093880,4.63e-14
346,1,1,22571.5336,19.7392,-3.093880,6.80e-14
347,1,1,22664.5751,19.7392,-3.093880,4.89e-14
348,1,1,22671.3375,19.7392,-3.093880,3.83e-14
349,1,1,22672.4555,19.7392,-3.093880,5.35e-14
350,1,1,22672.4555,19.7392,-3.093880,7.21e-14
351,1,1,22683.2858,19.7392,-3.093880,8.87e-14
352,1,1,22683.2858,19.7392,-3.093880,2.47e-13
353,1,1,22685.3477,19.7392,-3.093880,5.09e-14
354,1,1,22718.4918,19.7392,-3.093880,7.10e-13
355,1,1,22721.4600,19.7392,-3.093880,1.06e-13
356,1,1,22723.5562,19.7392,-3.093880,4.21e-14
357,1,1,22740.8923,19.7392,-3.093880,7.52e-14
358,1,1,22740.8923,19.7392,-3.093880,4.38e-14
359,1,1,22748.5519,19.7392,-3.093880,6.08e-14
360,1,1,22748.5519,19.7392,-3.093880,5.85e-14
361,1,1,22766.0520,19.7392,-3.093880,4.55e-14
362,1,1,22781.8460,19.7392,-3.093880,4.60e-14
363,1,1,22817.0355,19.7392,-3.093880,3.23e-14
364,1,1,22817.0355,19.7392,-3.093880,3.27e-14
365,1,1,22826.7767,19.7392,-3.093880,6.59e-14
366,1,1,22839.8167,19.7392,-3.093880,6.98e-14
367,1,1,22839.8167,19.7392,-3.093880,7.51e-14
368,1,1,22840.3801,19.7392,-3.093880,3.30e-14
369,1,1,22880.3532,19.7392,-3.093880,9.30e-14
370,1,1,22880.3532,19.7392,-3.093880,3.60e-14
371,1,1,22916.5090,19.7392,-3.093880,2.19e-14
372,1,1,22931.2253,19.7392,-3.093880,3.14e-14
373,1,1,22963.7781,19.7392,-3.093880,3.30e-14
374,1,1,22963.7781,19.7392,-3.093880,1.15e-13
375,1,1,23000.0597,19.7392,-3.093880,3.22e-14
376,1,1,23010.1207,19.7392,-3.093880,3.19e-12
377,1,1,23013.1050,19.7392,-3.093880,4.86e-14
378,1,1,23038.4453,19.7392,-3.093880,9.79e-14
379,1,1,23042.8440,19.7392,-3.093880,9.25e-13
380,1,1,23046.4361,19.7392,-3.093880,6.74e-14
381,1,1,23046.4361,19.7392,-3.093880,6.92e-14
382,1,1,23131.0842,19.7392,-3.093880,2.80e-14
383,1,1,23264.8533,19.7392,-3.093880,1.19e-14
384,1,1,23264.8533,19.7392,-3.093880,1.19e-14
385,1,1,23289.3732,19.7392,-3.093880,1.18e-14
386,1,1,23300.5662,19.7392,-3.093880,1.23e-14
387,1,1,23330.6230,19.7392,-3.093880,1.74e-14
388,1,1,23330.6230,19.7392,-3.093880,4.51e-14
389,1,1,23342.7162,19.7392,-3.093880,3.72e-13
390,1,1,23349.9397,19.7392,-3.093880,1.23e-13
391,1,1,23349.9397,19.7392,-3.093880,1.65e-13
392,1,1,23355.5593,19.7392,-3.093880,1.49e-14
393,1,1,23384.2923,19.7392,-3.093880,1.38e-14
394,1,1,23400.1806,19.7392,-3.093880,2.22e-14
395,1,1,23411.1845,19.7392,-3.093880,6.78e-14
396,1,1,23411.1845,19.7392,-3.093880,7.74e-14
397,1,1,23454.0342,19.7392,-3.093880,1.80e-14
398,1,1,23470.6534,19.7392,-3.093880,2.84e-14
399,1,1,23483.5222,19.7392,-3.093880,1.11e-13
400,1,1,23483.5222,19.7392,-3.093880,2.91e-14
401,1,1,23508.0208,19.7392,-3.093880,3.32e-14
402,1,1,23530.2286,19.7392,-3.093880,4.14e-14
403,1,1,23535.2225,19.7392,-3.093880,2.69e-14
404,1,1,23535.2225,19.7392,-3.093880,3.20e-14
405,1,1,23540.4905,19.7392,-3.093880,4.60e-14
406,1,1,23548.1087,19.7392,-3.093880,2.52e-13
407,1,1,23558.4069,19.7392,-3.093880,4.49e-14
408,1,1,23582.8069,19.7392,-3.093880,3.71e-14
409,1,1,23582.8069,19.7392,-3.093880,1.36e-13
410,1,1,23586.4946,19.7392,-3.093880,3.11e-14
411,1,1,23604.1832,19.7392,-3.093880,6.92e-14
412,1,1,23604.1832,19.7392,-3.093880,1.40e-13
413,1,1,23613.9112,19.7392,-3.093880,4.10e-14
414,1,1,23624.1364,19.7392,-3.093880,4.42e-14
415,1,1,23628.3813,19.7392,-3.093880,4.39e-14
416,1,1,23628.3813,19.7392,-3.093880,6.66e-14
417,1,1,23632.7736,19.7392,-3.093880,7.67e-14
418,1,1,23648.9787,19.7392,-3.093880,1.41e-13
419,1,1,23689.7217,19.7392,-3.093880,1.60e-12
420,1,1,23702.6581,19.7392,-3.093880,1.49e-12
421,1,1,23702.6581,19.7392,-3.093880,1.65e-12
422,1,1,23786.0692,19.7392,-3.093880,4.71e-14
423,1,1,23786.0692,19.7392,-3.093880,6.98e-14
424,1,1,23799.2435,19.7392,-3.093880,1.39e-13
425,1,1,24248.1814,19.7392,-3.093880,6.04e-14
426,1,1,24262.8430,19.7392,-3.093880,7.79e-14
427,1,1,24365.5169,19.7392,-3.093880,7.46e-14
428,1,1,24365.5169,19.7392,-3.093880,7.05e-14
429,1,1,24720.7018,19.7392,-3.093880,5.19e-14
430,1,1,25184.7914,19.7392,-3.093880,4.51e-14
431,1,1,25198.4320,19.7392,-3.093880,4.57e-14
432,1,1,25198.4320,19.7392,-3.093880,3.41e-14
433,1,1,25589.4681,19.7392,-3.093880,2.40e-14
434,1,1,25704.3842,19.7392,-3.093880,3.67e-14
435,1,1,25704.3842,19.7392,-3.093880,2.60e-14
436,1,1,25990.2722,19.7392,-3.093880,3.84e-14
437,1,1,26229.8120,19.7392,-3.093880,2.43e-14
438,1,1,26254.4063,19.7392,-3.093880,1.96e-14
439,1,1,26571.5986,19.7392,-3.093880,2.17e-14
440,1,1,26576.3576,19.7392,-3.093880,2.68e-14
441,1,1,26576.3576,19.7392,-3.093880,1.94e-14
442,1,1,26987.5074,19.7392,-3.093880,2.89e-14
443,1,1,27003.7911,19.7392,-3.093880,1.51e-14
444,1,1,27003.7911,19.7392,-3.093880,1.65e-14
445,1,1,27127.7098,19.7392,-3.093880,1.48e-14
446,1,1,27285.6420,19.7392,-3.093880,1.95e-14
447,1,1,27583.8368,19.7392,-3.093880,1.54e-14
448,1,1,27585.9949,19.7392,-3.093880,2.53e-14
449,1,1,27585.9949,19.7392,-3.093880,1.69e-14
450,1,1,27716.6749,19.7392,-3.093880,1.31e-14
451,1,1,27716.6749,19.7392,-3.093880,1.80e-14
452,1,1,27768.7981,19.7392,-3.093880,1.90e-14
453,1,1,27966.1041,19.7392,-3.093880,1.10e-14
454,1,1,28066.1759,19.7392,-3.093880,1.44e-14
455,1,1,28191.5760,19.7392,-3.093880,1.44e-14
456,1,1,28191.5760,19.7392,-3.093880,1.13e-14
457,1,1,28343.7254,19.7392,-3.093880,1.69e-14
458,1,1,28343.7254,19.7392,-3.093880,1.24e-14
459,1,1,28427.3781,19.7392,-3.093880,8.32e-15
460,1,1,28482.7990,19.7392,-3.093880,1.05e-14
461,1,1,28627.9582,19.7392,-3.093880,9.07e-15
462,1,1,28627.9582,19.7392,-3.093880,1.13e-14
463,1,1,28724.2460,19.7392,-3.093880,8.87e-15
464,1,1,28752.4532,19.7392,-3.093880,8.70e-15
465,1,1,28826.2240,19.7392,-3.093880,1.34e-14
466,1,1,28826.2240,19.7392,-3.093880,9.00e-15
467,1,1,28835.4580,19.7392,-3.093880,2.72e-14
468,1,1,28835.9008,19.7392,-3.093880,1.30e-14
469,1,1,28840.3351,19.7392,-3.093880,8.08e-15
470,1,1,28840.3351,19.7392,-3.093880,1.50e-14
471,1,1,28883.8432,19.7392,-3.093880,7.57e-15
472,1,1,28887.0346,19.7392,-3.093880,1.62e-14
473,1,1,28957.8792,19.7392,-3.093880,2.17e-14
474,1,1,29263.6262,19.7392,-3.093880,2.54e-14
475,1,1,29353.2553,19.7392,-3.093880,2.32e-14
476,1,1,29353.2553,19.7392,-3.093880,2.02e-14
477,1,1,29611.9697,19.7392,-3.093880,1.76e-14
478,1,1,29712.8217,19.7392,-3.093880,2.64e-14
479,1,1,29937.1305,19.7392,-3.093880,1.54e-14
480,1,1,29963.0449,19.7392,-3.093880,2.62e-14
481,1,1,29963.0449,19.7392,-3.093880,6.51e-14
482,1,1,30082.3324,19.7392,-3.093880,2.29e-14
483,1,1,30206.3501,19.7392,-3.093880,2.83e-14
484,1,1,30272.7770,19.7392,-3.093880,2.15e-14
485,1,1,30332.5305,19.7392,-3.093880,2.31e-14
486,1,1,30332.5305,19.7392,-3.093880,2.00e-14
487,1,1,30365.1757,19.7392,-3.093880,2.29e-14
488,1,1,30365.1757,19.7392,-3.093880,3.15e-14
489,1,1,30471.2086,19.7392,-3.093880,2.80e-14
490,1,1,30494.7388,19.7392,-3.093880,3.04e-14
491,1,1,30557.0963,19.7392,-3.093880,7.31e-14
492,1,1,30557.0963,19.7392,-3.093880,5.61e-14
493,1,1,30597.4179,19.7392,-3.093880,7.21e-14
494,1,1,30623.7172,19.7392,-3.093880,1.51e-13
495,1,1,30623.7172,19.7392,-3.093880,2.07e-13
496,1,1,30633.1592,19.7392,-3.093880,6.66e-14
497,1,1,30795.1939,19.7392,-3.093880,1.59e-14
498,1,1,31363.3319,19.7392,-3.093880,1.10e-14
499,1,1,31398.1586,19.7392,-3.093880,1.38e-14
500,1,1,31523.5385,19.7392,-3.093880,1.67e-14
501,1,1,31629.4675,19.7392,-3.093880,1.60e-14
502,1,1,31629.4675,19.7392,-3.093880,1.82e-14
503,1,1,32342.6630,19.7392,-3.093880,1.26e-14
504,1,1,32342.6630,19.7392,-3.093880,1.01e-14
505,1,1,32495.8476,19.7392,-3.093880,2.02e-14
506,1,1,32495.8476,19.7392,-3.093880,1.55e-14
507,1,1,32740.5694,19.7392,-3.093880,1.60e-14
508,1,1,32890.0186,19.7392,-3.093880,1.51e-14
509,1,1,33137.8022,19.7392,-3.093880,1.92e-14
510,1,1,33265.3281,19.7392,-3.093880,1.24e-14
511,1,1,33513.2606,19.7392,-3.093880,1.02e-14
512,1,1,33513.2606,19.7392,-3.093880,7.97e-15
513,1,1,33653.5773,19.7392,-3.093880,1.30e-14
514,1,1,33653.5773,19.7392,-3.093880,1.01e-14
515,1,1,33958.1395,19.7392,-3.093880,7.47e-15
516,1,1,34027.1079,19.7392,-3.093880,8.84e-15
517,1,1,34070.0228,19.7392,-3.093880,1.40e-14
518,1,1,34146.2956,19.7392,-3.093880,9.18e-15
519,1,1,34146.2956,19.7392,-3.093880,1.05e-14
520,1,1,34389.5588,19.7392,-3.093880,7.21e-15
521,1,1,34389.5588,19.7392,-3.093880,8.67e-15
522,1,1,34448.2090,19.7392,-3.093880,1.18e-14
523,1,1,34561.6213,19.7392,-3.093880,5.94e-15
524,1,1,34610.7170,19.7392,-3.093880,8.01e-15
525,1,1,34794.4527,19.7392,-3.093880,6.72e-15
526,1,1,34794.4527,19.7392,-3.093880,5.08e-15
527,1,1,34868.7570,19.7392,-3.093880,6.12e-15
528,1,1,34908.0545,19.7392,-3.093880,5.91e-15
529,1,1,34958.8216,19.7392,-3.093880,7.37e-15
530,1,1,34987.5055,19.7392,-3.093880,5.33e-15
531,1,1,34987.5055,19.7392,-3.093880,5.68e-15
532,1,1,35043.2230,19.7392,-3.093880,1.36e-14
533,1,1,35212.4303,19.7392,-3.093880,1.09e-14
534,1,1,35408.5348,19.7392,-3.093880,1.46e-14
535,1,1,35658.6616,19.7392,-3.093880,1.50e-14
536,1,1,35658.6616,19.7392,-3.093880,2.03e-14
537,1,1,35800.4970,19.7392,-3.093880,1.26e-14
538,1,1,35800.4970,19.7392,-3.093880,1.24e-14
539,1,1,36032.5070,19.7392,-3.093880,1.22e-14
540,1,1,36175.6285,19.7392,-3.093880,1.66e-14
541,1,1,36189.8866,19.7392,-3.093880,1.93e-14
542,1,1,36529.1194,19.7392,-3.093880,9.02e-15
543,1,1,36607.1921,19.7392,-3.093880,2.21e-14
544,1,1,36607.1921,19.7392,-3.093880,2.67e-14
545,1,1,36916.1984,19.7392,-3.093880,2.34e-14
546,1,1,36973.5370,19.7392,-3.093880,2.19e-14
547,1,1,36984.7027,19.7392,-3.093880,9.05e-15
548,1,1,37102.0870,19.7392,-3.093880,1.20e-14
549,1,1,37102.0870,19.7392,-3.093880,1.48e-14
550,1,1,37110.3388,19.7392,-3.093880,1.12e-14
551,1,1,37203.1048,19.7392,-3.093880,2.16e-14
552,1,1,37203.1048,19.7392,-3.093880,2.01e-14
553,1,1,37320.8984,19.7392,-3.093880,4.19e-14
554,1,1,37366.1245,19.7392,-3.093880,3.98e-14
555,1,1,37437.7734,19.7392,-3.093880,4.67e-14
556,1,1,37437.7734,19.7392,-3.093880,5.87e-14
557,1,1,37464.6006,19.7392,-3.093880,1.79e-13
558,1,1,37485.1050,19.7392,-3.093880,9.04e-14
559,1,1,37834.0101,19.7392,-3.093880,1.43e-14
560,1,1,37834.0101,19.7392,-3.093880,1.09e-14
561,1,1,38047.7741,19.7392,-3.093880,6.49e-15
562,1,1,38047.7741,19.7392,-3.093880,1.07e-14
563,1,1,38483.9180,19.7392,-3.093880,8.57e-15
564,1,1,38615.8408,19.7392,-3.093880,1.10e-14
565,1,1,38875.6597,19.7392,-3.093880,8.55e-15
566,1,1,38944.8719,19.7392,-3.093880,9.72e-15
567,1,1,38944.8719,19.7392,-3.093880,7.82e-15
568,1,1,38962.2192,19.7392,-3.093880,8.32e-15
569,1,1,39356.2790,19.7392,-3.093880,8.54e-15
570,1,1,39356.2790,19.7392,-3.093880,6.64e-15
571,1,1,39495.4218,19.7392,-3.093880,1.15e-14
572,1,1,39814.4390,19.7392,-3.093880,1.13e-14
573,1,1,39829.6571,19.7392,-3.093880,6.79e-15
574,1,1,39887.0461,19.7392,-3.093880,6.36e-15
575,1,1,39898.0212,19.7392,-3.093880,9.25e-15
576,1,1,39898.0212,19.7392,-3.093880,8.54e-15
577,1,1,40237.5687,19.7392,-3.093880,6.49e-15
578,1,1,40237.5687,19.7392,-3.093880,5.92e-15
579,1,1,40411.9702,19.7392,-3.093880,7.37e-15
580,1,1,40460.0823,19.7392,-3.093880,8.08e-15
581,1,1,40560.8780,19.7392,-3.093880,9.71e-15
582,1,1,40597.5363,19.7392,-3.093880,8.51e-15
583,1,1,40614.1242,19.7392,-3.093880,4.82e-15
584,1,1,40614.1242,19.7392,-3.093880,5.59e-15
585,1,1,40692.0720,19.7392,-3.093880,4.89e-15
586,1,1,40695.8948,19.7392,-3.093880,4.72e-15
587,1,1,40852.8210,19.7392,-3.093880,1.39e-14
588,1,1,40869.7549,19.7392,-3.093880,1.05e-14
589,1,1,41199.9313,19.7392,-3.093880,8.11e-15
590,1,1,41199.9313,19.7392,-3.093880,9.15e-15
591,1,1,41268.4024,19.7392,-3.093880,7.49e-15
592,1,1,41549.8844,19.7392,-3.093880,1.39e-14
593,1,1,41549.8844,19.7392,-3.093880,1.36e-14
594,1,1,41661.6072,19.7392,-3.093880,7.94e-15
595,1,1,42107.4426,19.7392,-3.093880,1.42e-14
596,1,1,42157.8752,19.7392,-3.093880,1.65e-14
597,1,1,42375.9368,19.7392,-3.093880,7.38e-15
598,1,1,42431.3391,19.7392,-3.093880,9.52e-15
599,1,1,42431.3391,19.7392,-3.093880,9.38e-15
600,1,1,42482.0370,19.7392,-3.093880,7.91e-15
601,1,1,42573.0444,19.7392,-3.093880,1.39e-14
602,1,1,42573.0444,19.7392,-3.093880,1.75e-14
603,1,1,42873.5267,19.7392,-3.093880,2.57e-14
604,1,1,42909.0694,19.7392,-3.093880,2.45e-14
605,1,1,42974.5071,19.7392,-3.093880,8.95e-15
606,1,1,42974.5071,19.7392,-3.093880,9.63e-15
607,1,1,43122.0057,19.7392,-3.093880,2.93e-14
608,1,1,43122.0057,19.7392,-3.093880,2.65e-14
609,1,1,43231.8963,19.7392,-3.093880,5.79e-14
610,1,1,43259.8769,19.7392,-3.093880,4.58e-14
611,1,1,43296.3081,19.7392,-3.093880,9.55e-14
612,1,1,43296.3081,19.7392,-3.093880,7.21e-14
613,1,1,43397.6152,19.7392,-3.093880,6.23e-15
614,1,1,43397.6152,19.7392,-3.093880,6.23e-15
615,1,1,43800.8755,19.7392,-3.093880,1.36e-14
616,1,1,43904.2279,19.7392,-3.093880,9.04e-15
617,1,1,43963.2488,19.7392,-3.093880,6.77e-15
618,1,1,43963.2488,19.7392,-3.093880,7.06e-15
619,1,1,44174.8092,19.7392,-3.093880,6.51e-15
620,1,1,44242.1469,19.7392,-3.093880,6.51e-15
621,1,1,44563.8815,19.7392,-3.093880,7.71e-15
622,1,1,44651.6106,19.7392,-3.093880,7.25e-15
623,1,1,44651.6106,19.7392,-3.093880,6.65e-15
624,1,1,44825.8414,19.7392,-3.093880,8.14e-15
625,1,1,45079.1656,19.7392,-3.093880,5.36e-15
626,1,1,45109.6885,19.7392,-3.093880,7.33e-15
627,1,1,45109.6885,19.7392,-3.093880,8.83e-15
628,1,1,45129.5482,19.7392,-3.093880,5.76e-15
629,1,1,45423.7838,19.7392,-3.093880,4.86e-15
630,1,1,45423.7838,19.7392,-3.093880,6.70e-15
631,1,1,45499.9578,19.7392,-3.093880,8.70e-15
632,1,1,45506.0989,19.7392,-3.093880,7.01e-15
633,1,1,45583.9465,19.7392,-3.093880,6.04e-15
634,1,1,45586.2105,19.7392,-3.093880,5.07e-15
635,1,1,45672.4140,19.7392,-3.093880,5.82e-15
636,1,1,45672.4140,19.7392,-3.093880,4.95e-15
637,1,1,45999.5002,19.7392,-3.093880,1.24e-14
638,1,1,46000.6132,19.7392,-3.093880,1.15e-14
639,1,1,46075.5852,19.7392,-3.093880,6.54e-15
640,1,1,46116.1312,19.7392,-3.093880,7.75e-15
641,1,1,46116.1312,19.7392,-3.093880,6.67e-15
642,1,1,46416.1353,19.7392,-3.093880,6.40e-15
643,1,1,46680.7701,19.7392,-3.093880,1.20e-14
644,1,1,46680.7701,19.7392,-3.093880,1.86e-14
645,1,1,47187.0560,19.7392,-3.093880,7.10e-15
646,1,1,47200.1325,19.7392,-3.093880,1.93e-14
647,1,1,47211.6794,19.7392,-3.093880,8.99e-15
648,1,1,47211.6794,19.7392,-3.093880,1.59e-14
649,1,1,47232.1060,19.7392,-3.093880,1.54e-14
650,1,1,47279.2895,19.7392,-3.093880,6.54e-15
651,1,1,47581.9111,19.7392,-3.093880,1.05e-14
652,1,1,47581.9111,19.7392,-3.093880,1.02e-14
653,1,1,47639.6106,19.7392,-3.093880,9.75e-15
654,1,1,47639.6106,19.7392,-3.093880,1.01e-14
655,1,1,47862.5511,19.7392,-3.093880,2.76e-14
656,1,1,47886.8279,19.7392,-3.093880,3.05e-14
657,1,1,48034.0871,19.7392,-3.093880,3.94e-14
658,1,1,48034.0871,19.7392,-3.093880,3.58e-14
659,1,1,48093.2601,19.7392,-3.093880,8.86e-14
660,1,1,48098.1977,19.7392,-3.093880,5.53e-15
661,1,1,48098.1977,19.7392,-3.093880,6.15e-15
662,1,1,48101.7351,19.7392,-3.093880,6.03e-14
663,1,1,48443.7981,19.7392,-3.093880,6.39e-15
664,1,1,48443.7981,19.7392,-3.093880,6.71e-15
665,1,1,48452.6225,19.7392,-3.093880,7.06e-15
666,1,1,48526.6943,19.7392,-3.093880,7.82e-15
667,1,1,48777.2851,19.7392,-3.093880,6.71e-15
668,1,1,48835.4520,19.7392,-3.093880,6.80e-15
669,1,1,49032.4038,19.7392,-3.093880,9.10e-15
670,1,1,49188.6488,19.7392,-3.093880,5.46e-15
671,1,1,49188.6488,19.7392,-3.093880,5.74e-15
672,1,1,49243.5180,19.7392,-3.093880,7.95e-15
673,1,1,49524.2508,19.7392,-3.093880,6.10e-15
674,1,1,49568.4925,19.7392,-3.093880,6.49e-15
675,1,1,49590.8507,19.7392,-3.093880,6.42e-15
676,1,1,49590.8507,19.7392,-3.093880,8.45e-15
677,1,1,49779.4272,19.7392,-3.093880,4.77e-15
678,1,1,49779.4272,19.7392,-3.093880,5.48e-15
679,1,1,49818.2475,19.7392,-3.093880,5.08e-15
680,1,1,49826.6885,19.7392,-3.093880,7.34e-15
681,1,1,49844.5925,19.7392,-3.093880,5.21e-15
682,1,1,49851.9941,19.7392,-3.093880,5.21e-15
683,1,1,50276.1590,19.7392,-3.093880,7.06e-15
684,1,1,50371.4811,19.7392,-3.093880,8.56e-15
685,1,1,50377.1675,19.7392,-3.093880,6.44e-15
686,1,1,50377.1675,19.7392,-3.093880,7.46e-15
687,1,1,50380.6340,19.7392,-3.093880,1.15e-14
688,1,1,50569.9312,19.7392,-3.093880,6.49e-15
689,1,1,50980.4970,19.7392,-3.093880,1.28e-14
690,1,1,50980.4970,19.7392,-3.093880,1.32e-14
691,1,1,51297.3533,19.7392,-3.093880,1.04e-14
692,1,1,51314.7875,19.7392,-3.093880,8.77e-15
693,1,1,51314.7875,19.7392,-3.093880,9.21e-15
694,1,1,51378.9265,19.7392,-3.093880,5.84e-15
695,1,1,51415.9710,19.7392,-3.093880,2.37e-14
696,1,1,51437.9756,19.7392,-3.093880,1.48e-14
697,1,1,51612.4043,19.7392,-3.093880,8.13e-15
698,1,1,51612.4043,19.7392,-3.093880,8.46e-15
699,1,1,51733.4999,19.7392,-3.093880,2.01e-14
700,1,1,51733.4999,19.7392,-3.093880,1.82e-14
701,1,1,51905.2838,19.7392,-3.093880,3.05e-14
702,1,1,51919.7401,19.7392,-3.093880,2.60e-14
703,1,1,51988.6846,19.7392,-3.093880,5.74e-14
704,1,1,51988.6846,19.7392,-3.093880,4.45e-14
705,1,1,52063.9402,19.7392,-3.093880,5.32e-15
706,1,1,52063.9402,19.7392,-3.093880,5.65e-15
707,1,1,52292.8987,19.7392,-3.093880,6.05e-15
708,1,1,52292.8987,19.7392,-3.093880,6.83e-15
709,1,1,52378.8550,19.7392,-3.093880,7.43e-15
710,1,1,52428.1616,19.7392,-3.093880,7.45e-15
711,1,1,52624.3992,19.7392,-3.093880,4.57e-15
712,1,1,52677.0049,19.7392,-3.093880,5.59e-15
713,1,1,52833.1195,19.7392,-3.093880,8.18e-15
714,1,1,52930.2258,19.7392,-3.093880,5.28e-15
715,1,1,52930.2258,19.7392,-3.093880,5.31e-15
716,1,1,53000.3452,19.7392,-3.093880,7.04e-15
717,1,1,53147.8941,19.7392,-3.093880,4.33e-15
718,1,1,53184.3683,19.7392,-3.093880,4.96e-15
719,1,1,53240.9020,19.7392,-3.093880,5.59e-15
720,1,1,53240.9020,19.7392,-3.093880,4.72e-15
721,1,1,53383.1624,19.7392,-3.093880,7.80e-15
722,1,1,53383.1624,19.7392,-3.093880,8.11e-15
723,1,1,53492.0147,19.7392,-3.093880,8.79e-15
724,1,1,53493.8726,19.7392,-3.093880,7.03e-15
725,1,1,53832.5891,19.7392,-3.093880,7.01e-15
726,1,1,53953.7773,19.7392,-3.093880,6.66e-15
727,1,1,53953.7773,19.7392,-3.093880,6.94e-15
728,1,1,53981.6252,19.7392,-3.093880,8.62e-15
729,1,1,54001.2873,19.7392,-3.093880,1.53e-14
730,1,1,54086.6337,19.7392,-3.093880,7.80e-15
731,1,1,54488.7578,19.7392,-3.093880,1.60e-14
732,1,1,54488.7578,19.7392,-3.093880,1.43e-14
733,1,1,54704.8309,19.7392,-3.093880,7.95e-15
734,1,1,54744.8971,19.7392,-3.093880,8.20e-15
735,1,1,54744.8971,19.7392,-3.093880,8.52e-15
736,1,1,54778.0435,19.7392,-3.093880,4.91e-15
737,1,1,54816.1553,19.7392,-3.093880,1.90e-14
738,1,1,54831.0260,19.7392,-3.093880,1.80e-14
739,1,1,54967.6158,19.7392,-3.093880,7.84e-15
740,1,1,54967.6158,19.7392,-3.093880,7.64e-15
741,1,1,55023.4825,19.7392,-3.093880,2.28e-14
742,1,1,55023.4825,19.7392,-3.093880,1.94e-14
743,1,1,55108.6635,19.7392,-3.093880,4.69e-14
744,1,1,55112.8772,19.7392,-3.093880,3.46e-14
745,1,1,55314.9663,19.7392,-3.093880,4.98e-15
746,1,1,55314.9663,19.7392,-3.093880,5.87e-15
747,1,1,55511.3563,19.7392,-3.093880,5.55e-15
748,1,1,55511.3563,19.7392,-3.093880,7.00e-15
749,1,1,55591.0391,19.7392,-3.093880,7.49e-15
750,1,1,55624.8503,19.7392,-3.093880,6.63e-15
751,1,1,55765.9058,19.7392,-3.093880,5.98e-15
752,1,1,55809.8692,19.7392,-3.093880,6.15e-15
753,1,1,55918.8133,19.7392,-3.093880,5.11e-15
754,1,1,55918.8133,19.7392,-3.093880,5.11e-15
755,1,1,55983.4509,19.7392,-3.093880,6.80e-15
756,1,1,56013.5056,19.7392,-3.093880,4.81e-15
757,1,1,56034.1982,19.7392,-3.093880,4.88e-15
758,1,1,56113.9609,19.7392,-3.093880,7.29e-15
759,1,1,56423.9895,19.7392,-3.093880,9.46e-15
760,1,1,56423.9895,19.7392,-3.093880,9.24e-15
761,1,1,56523.8909,19.7392,-3.093880,1.37e-14
762,1,1,56529.0698,19.7392,-3.093880,7.65e-15
763,1,1,56774.4871,19.7392,-3.093880,6.77e-15
764,1,1,56882.2499,19.7392,-3.093880,5.81e-15
765,1,1,56882.2499,19.7392,-3.093880,5.81e-15
766,1,1,56914.1496,19.7392,-3.093880,7.60e-15
767,1,1,56925.0474,19.7392,-3.093880,1.16e-14
768,1,1,56978.2539,19.7392,-3.093880,7.67e-15
769,1,1,57286.1707,19.7392,-3.093880,1.68e-14
770,1,1,57286.1707,19.7392,-3.093880,1.42e-14
771,1,1,57459.5346,19.7392,-3.093880,8.36e-15
772,1,1,57497.3326,19.7392,-3.093880,1.72e-14
773,1,1,57505.7911,19.7392,-3.093880,1.83e-14
774,1,1,57526.3788,19.7392,-3.093880,5.23e-15
775,1,1,57548.3893,19.7392,-3.093880,8.55e-15
776,1,1,57548.3893,19.7392,-3.093880,8.84e-15
777,1,1,57599.9755,19.7392,-3.093880,3.41e-14
778,1,1,57599.9755,19.7392,-3.093880,3.43e-14
779,1,1,57719.1687,19.7392,-3.093880,7.04e-15
780,1,1,57719.1687,19.7392,-3.093880,7.48e-15
781,1,1,57912.9959,19.7392,-3.093880,6.85e-15
782,1,1,57912.9959,19.7392,-3.093880,5.22e-15
783,1,1,58097.4250,19.7392,-3.093880,8.60e-15
784,1,1,58131.0991,19.7392,-3.093880,5.30e-15
785,1,1,58142.5304,19.7392,-3.093880,6.26e-15
786,1,1,58142.5304,19.7392,-3.093880,5.67e-15
787,1,1,58234.2102,19.7392,-3.093880,5.49e-15
788,1,1,58234.2102,19.7392,-3.093880,5.91e-15
789,1,1,58329.8004,19.7392,-3.093880,1.15e-14
790,1,1,58361.3053,19.7392,-3.093880,8.09e-15
791,1,1,58535.2927,19.7392,-3.093880,6.38e-15
792,1,1,58636.5950,19.7392,-3.093880,7.13e-15
793,1,1,58866.3939,19.7392,-3.093880,1.14e-14
794,1,1,58866.3939,19.7392,-3.093880,1.12e-14
795,1,1,58986.0222,19.7392,-3.093880,1.22e-14
796,1,1,58989.2246,19.7392,-3.093880,1.19e-14
797,1,1,59157.4129,19.7392,-3.093880,6.54e-15
798,1,1,59222.6301,19.7392,-3.093880,5.69e-15
799,1,1,59222.6301,19.7392,-3.093880,5.34e-15
800,1,1,59233.2710,19.7392,-3.093880,1.48e-14
801,1,1,59239.0049,19.7392,-3.093880,1.20e-14
802,1,1,59310.5217,19.7392,-3.093880,6.49e-15
803,1,1,59465.8527,19.7392,-3.093880,1.58e-14
804,1,1,59465.8527,19.7392,-3.093880,1.85e-14
805,1,1,59572.7953,19.7392,-3.093880,2.96e-14
806,1,1,59575.2046,19.7392,-3.093880,3.00e-14
807,1,1,59627.6726,19.7392,-3.093880,5.73e-15
808,1,1,59690.2280,19.7392,-3.093880,5.60e-15
809,1,1,59777.8965,19.7392,-3.093880,7.53e-15
810,1,1,59777.8965,19.7392,-3.093880,7.47e-15
811,1,1,59917.7652,19.7392,-3.093880,6.56e-15
812,1,1,59917.7652,19.7392,-3.093880,5.94e-15
813,1,1,59947.4152,19.7392,-3.093880,5.62e-15
814,1,1,59947.4152,19.7392,-3.093880,6.24e-15
815,1,1,59978.6657,19.7392,-3.093880,5.00e-15
816,1,1,59999.7863,19.7392,-3.093880,5.25e-15
817,1,1,60256.9065,19.7392,-3.093880,6.29e-15
818,1,1,60256.9065,19.7392,-3.093880,6.53e-15
819,1,1,60380.8199,19.7392,-3.093880,9.23e-15
820,1,1,60395.6556,19.7392,-3.093880,8.50e-15
821,1,1,60549.3011,19.7392,-3.093880,6.58e-15
822,1,1,60628.9247,19.7392,-3.093880,6.26e-15
823,1,1,60773.2481,19.7392,-3.093880,1.29e-14
824,1,1,60773.2481,19.7392,-3.093880,9.26e-15
825,1,1,60937.1352,19.7392,-3.093880,8.95e-15
826,1,1,60937.5692,19.7392,-3.093880,7.99e-15
827,1,1,61009.4676,19.7392,-3.093880,1.22e-14
828,1,1,61014.3678,19.7392,-3.093880,1.53e-14
829,1,1,61037.8027,19.7392,-3.093880,5.56e-15
830,1,1,61037.8027,19.7392,-3.093880,5.15e-15
831,1,1,61040.8684,19.7392,-3.093880,6.54e-15
832,1,1,61128.6574,19.7392,-3.093880,2.65e-14
833,1,1,61128.6574,19.7392,-3.093880,2.32e-14
834,1,1,61167.0808,19.7392,-3.093880,5.93e-15
835,1,1,61274.9856,19.7392,-3.093880,5.65e-15
836,1,1,61338.0786,19.7392,-3.093880,6.42e-15
837,1,1,61374.0896,19.7392,-3.093880,5.88e-15
838,1,1,61374.0896,19.7392,-3.093880,5.36e-15
839,1,1,61572.2302,19.7392,-3.093880,7.14e-15
840,1,1,61572.2302,19.7392,-3.093880,1.01e-14
841,1,1,61652.8308,19.7392,-3.093880,7.45e-15
842,1,1,61652.8308,19.7392,-3.093880,7.50e-15
843,1,1,61902.2255,19.7392,-3.093880,8.43e-15
844,1,1,61902.2255,19.7392,-3.093880,6.66e-15
845,1,1,61963.3246,19.7392,-3.093880,8.20e-15
846,1,1,61970.6706,19.7392,-3.093880,9.80e-15
847,1,1,62082.9961,19.7392,-3.093880,5.46e-15
848,1,1,62147.6012,19.7392,-3.093880,7.02e-15
849,1,1,62214.6492,19.7392,-3.093880,1.19e-14
850,1,1,62214.6492,19.7392,-3.093880,2.04e-14
851,1,1,62337.8725,19.7392,-3.093880,2.55e-14
852,1,1,62339.5810,19.7392,-3.093880,2.20e-14
853,1,1,62384.3041,19.7392,-3.093880,9.72e-15
854,1,1,62384.3041,19.7392,-3.093880,6.11e-15
855,1,1,62419.9207,19.7392,-3.093880,7.14e-15
856,1,1,62434.5502,19.7392,-3.093880,6.05e-15
857,1,1,62448.4278,19.7392,-3.093880,6.83e-15
858,1,1,62476.0047,19.7392,-3.093880,5.39e-15
859,1,1,62541.0231,19.7392,-3.093880,7.05e-15
860,1,1,62588.3369,19.7392,-3.093880,6.25e-15
861,1,1,62875.7473,19.7392,-3.093880,8.45e-15
862,1,1,62875.7473,19.7392,-3.093880,6.89e-15
863,1,1,62939.0553,19.7392,-3.093880,5.89e-15
864,1,1,62939.0553,19.7392,-3.093880,7.58e-15
865,1,1,63129.9678,19.7392,-3.093880,1.14e-14
866,1,1,63133.3864,19.7392,-3.093880,1.12e-14
867,1,1,63135.3200,19.7392,-3.093880,7.42e-15
868,1,1,63135.3200,19.7392,-3.093880,6.45e-15
869,1,1,63186.2514,19.7392,-3.093880,6.83e-15
870,1,1,63241.2253,19.7392,-3.093880,6.13e-15
871,1,1,63261.8471,19.7392,-3.093880,1.86e-14
872,1,1,63261.8471,19.7392,-3.093880,1.81e-14
873,1,1,63306.0063,19.7392,-3.093880,5.00e-15
874,1,1,63306.0063,19.7392,-3.093880,6.33e-15
875,1,1,63521.9694,19.7392,-3.093880,8.16e-15
876,1,1,63530.0518,19.7392,-3.093880,1.05e-14
877,1,1,63562.9155,19.7392,-3.093880,7.45e-15
878,1,1,63616.8985,19.7392,-3.093880,6.15e-15
879,1,1,63804.3643,19.7392,-3.093880,1.09e-14
880,1,1,63804.3643,19.7392,-3.093880,8.76e-15
881,1,1,63828.2725,19.7392,-3.093880,6.39e-15
882,1,1,63828.2725,19.7392,-3.093880,6.74e-15
883,1,1,63905.6190,19.7392,-3.093880,5.81e-15
884,1,1,63930.9850,19.7392,-3.093880,6.32e-15
885,1,1,63939.9522,19.7392,-3.093880,1.94e-14
886,1,1,63940.9713,19.7392,-3.093880,1.97e-14
887,1,1,64005.1237,19.7392,-3.093880,7.49e-15
888,1,1,64005.1237,19.7392,-3.093880,6.58e-15
889,1,1,64237.6172,19.7392,-3.093880,7.21e-15
890,1,1,64261.4789,19.7392,-3.093880,1.01e-14
891,1,1,64271.9860,19.7392,-3.093880,8.44e-15
892,1,1,64290.4245,19.7392,-3.093880,6.87e-15
893,1,1,64347.9927,19.7392,-3.093880,6.38e-15
894,1,1,64347.9927,19.7392,-3.093880,7.63e-15
895,1,1,64405.0514,19.7392,-3.093880,1.43e-14
896,1,1,64405.0514,19.7392,-3.093880,1.54e-14
897,1,1,64535.6551,19.7392,-3.093880,1.06e-14
898,1,1,64535.6551,19.7392,-3.093880,9.58e-15
899,1,1,64614.7932,19.7392,-3.093880,1.04e-14
900,1,1,64627.5667,19.7392,-3.093880,7.75e-15
901,1,1,64675.0353,19.7392,-3.093880,1.90e-14
902,1,1,64676.8425,19.7392,-3.093880,1.40e-14
903,1,1,64764.3185,19.7392,-3.093880,1.42e-14
904,1,1,64764.3185,19.7392,-3.093880,2.60e-14
905,1,1,77064.2482,19.7392,-3.093880,1.22e-15
906,1,1,77064.2741,19.7392,-3.093880,1.16e-15
907,1,1,77064.2741,19.7392,-3.093880,1.15e-15
908,1,1,77064.3000,19.7392,-3.093880,9.70e-16
909,1,1,77144.3890,19.7392,-3.093880,1.30e-15
910,1,1,77145.5096,19.7392,-3.093880,1.65e-15
911,1,1,77145.5096,19.7392,-3.093880,1.20e-15
912,1,1,77146.8444,19.7392,-3.093880,1.08e-15
913,1,1,77167.8729,19.7392,-3.093880,1.26e-15
914,1,1,77171.3255,19.7392,-3.093880,1.40e-15
915,1,1,77171.3255,19.7392,-3.093880,1.16e-15
916,1,1,77175.1815,19.7392,-3.093880,1.06e-15
917,1,1,77203.3069,19.7392,-3.093880,1.23e-15
918,1,1,77208.9830,19.7392,-3.093880,1.35e-15
919,1,1,77208.9830,19.7392,-3.093880,1.14e-15
920,1,1,77215.0429,19.7392,-3.093880,1.00e-15
921,1,1,77247.2892,19.7392,-3.093880,1.21e-15
922,1,1,77254.6283,19.7392,-3.093880,1.37e-15
923,1,1,77254.6283,19.7392,-3.093880,1.00e-15
924,1,1,77262.2497,19.7392,-3.093880,9.64e-16
925,1,1,77296.9050,19.7392,-3.093880,1.13e-15
926,1,1,77305.3067,19.7392,-3.093880,1.52e-15
927,1,1,77305.3067,19.7392,-3.093880,9.59e-16
928,1,1,77313.8718,19.7392,-3.093880,8.81e-16
929,1,1,77349.7181,19.7392,-3.093880,1.10e-15
930,1,1,77358.6227,19.7392,-3.093880,1.42e-15
931,1,1,77358.6227,19.7392,-3.093880,8.73e-16
932,1,1,77367.5709,19.7392,-3.093880,8.90e-16
933,1,1,77403.6215,19.7392,-3.093880,1.00e-15
934,1,1,77412.5093,19.7392,-3.093880,1.25e-15
935,1,1,77412.5093,19.7392,-3.093880,8.48e-16
936,1,1,77421.3273,19.7392,-3.093880,8.04e-16
937,1,1,77456.7236,19.7392,-3.093880,9.76e-16
938,1,1,77465.1140,19.7392,-3.093880,1.23e-15
939,1,1,77465.1140,19.7392,-3.093880,8.02e-16
940,1,1,77473.3333,19.7392,-3.093880,8.47e-16
941,1,1,77507.2883,19.7392,-3.093880,9.87e-16
942,1,1,77514.7483,19.7392,-3.093880,1.28e-15
943,1,1,77514.7483,19.7392,-3.093880,8.97e-16
944,1,1,77521.9586,19.7392,-3.093880,7.94e-16
945,1,1,77553.7043,19.7392,-3.093880,8.29e-16
946,1,1,77559.8714,19.7392,-3.093880,9.72e-16
947,1,1,77559.8714,19.7392,-3.093880,7.35e-16
948,1,1,77565.7447,19.7392,-3.093880,8.03e-16
949,1,1,77594.4671,19.7392,-3.093880,9.30e-16
950,1,1,77599.0863,19.7392,-3.093880,1.14e-15
951,1,1,77599.0863,19.7392,-3.093880,7.43e-16
952,1,1,77603.4146,19.7392,-3.093880,7.70e-16
953,1,1,77628.1648,19.7392,-3.093880,8.69e-16
954,1,1,77631.1436,19.7392,-3.093880,1.10e-15
955,1,1,77631.1436,19.7392,-3.093880,7.50e-16
956,1,1,77633.8872,19.7392,-3.093880,7.54e-16
957,1,1,77653.4803,19.7392,-3.093880,8.92e-16
958,1,1,77654.9567,19.7392,-3.093880,1.04e-15
959,1,1,77654.9567,19.7392,-3.093880,8.49e-16
960,1,1,77656.2946,19.7392,-3.093880,6.26e-16
961,1,1,77669.2480,19.7392,-3.093880,7.93e-16
962,1,1,77669.6446,19.7392,-3.093880,1.14e-15
963,1,1,77669.6446,19.7392,-3.093880,8.10e-16
964,1,1,77669.9996,19.7392,-3.093880,7.55e-16
965,1,1,77844.8032,19.7392,-3.093880,8.94e-16
966,1,1,77844.8032,19.7392,-3.093880,8.46e-16
967,1,1,77844.8032,19.7392,-3.093880,6.34e-16
968,1,1,77844.8032,19.7392,-3.093880,9.53e-16
969,1,1,108881.4461,19.7392,-3.093880,8.69e-16
970,1,1,108881.4461,19.7392,-3.093880,1.06e-15
971,1,1,108881.4461,19.7392,-3.093880,9.82e-16
972,1,1,108881.4461,19.7392,-3.093880,8.90e-16
