mode_rank,omega_num,freq_num_hz,m,n,omega_exact,freq_exact_hz,Omega_num,Omega_exact,rel_error_percent,abs_rel_error_percent,relative_residual,residual_within_tolerance,boundary_max_abs_w,vector_norm,w_norm
1,10031.528592606306,1596.5673622809777,1,1,5769.321520089672,918.2160382087188,33.14961085253813,19.064967169121854,73.87709382593721,73.87709382593721,7.214244925062248e-06,0,3.0971174902267427e-10,10.582945223531338,2.0185777428593754
2,24816.67969328341,3949.697244314316,1,2,13763.685069037629,2190.5585138974534,82.00776849609647,45.48267990501187,80.30548918261916,80.30548918261916,1.5368290116639857e-06,0,9.090204733254667e-10,15.314572999773514,2.1439682877633257
3,27693.5728961126,4407.569018292056,2,1,13763.685069037629,2190.5585138974534,91.51458385905025,45.48267990501187,101.20754548802651,101.20754548802651,1.044936996624212e-06,0,1.012439167072056e-09,13.190209171584591,1.7882176932535232
4,38741.15965998216,6165.847060998492,2,2,21120.735623820692,3361.469476268149,128.02180194661568,69.79436487526272,83.4271322268176,83.4271322268176,8.847557014454186e-07,1,1.2133020265054923e-09,15.370736572344518,1.859439045873967
5,56531.5291110864,8997.272298572781,3,1,25733.673489295496,4095.6413397342403,186.81083083515978,85.03801330987261,119.67920411596882,119.67920411596882,1.6151616677591878e-07,1,1.6067314674331947e-09,13.445676655550235,1.999999671865524
6,56994.66373149568,9070.982462727909,1,3,25733.67348929564,4095.6413397342635,188.34127879203658,85.0380133098731,121.47892626058064,121.47892626058064,3.11349734292295e-07,1,9.74322993800497e-10,10.68259994353353,1.5107806036853335
7,61588.122414491285,9802.054118015045,2,3,32283.93410886528,5138.147695878953,203.5205574436219,106.68362678910695,90.77018992421674,90.77018992421674,3.617829761253048e-07,1,2.0585657312983064e-09,15.434330129840106,1.9368316745845304
8,66316.33238221408,10554.5721063545,3,2,32283.93410886528,5138.147695878953,219.1451274193907,106.68362678910695,105.41589559248725,105.41589559248725,1.411168514274495e-07,1,1.540336851617169e-09,16.7232835470802,2.1441925758302363
9,80917.19237877139,12878.371148199309,1,4,40435.63918572103,6435.531853487844,267.3942873086428,133.62128126397894,100.11354836538737,100.11354836538737,1.4726203247544806e-07,1,1.5909260501282612e-09,15.293957311812028,1.912005158868221
10,196116.1350590963,31212.85231473293,4,1,40435.63918572103,6435.531853487844,648.0740695794372,133.62128126397894,385.00812404209614,385.00812404209614,7.837711887635707e-08,1,1.0,11668795774.146286,2.2983157182495595
11,196116.13508605733,31212.852319023918,3,3,42383.20988535649,6745.497357355768,648.074069668531,140.05711107842072,362.72128896451517,362.72128896451517,6.345129263916388e-08,1,1.0,15445692925.09822,2.336129626953474
12,196116.1351041116,31212.85232189734,2,4,46181.48317046337,7350.01132589442,648.0740697281922,152.60866592377968,324.6640030598737,324.6640030598737,1.0526049342215233e-07,1,0.5243136273605203,6619472404.515932,1.981393417050544
13,197823.83947587275,31484.64191400277,4,2,46181.48317046337,7350.01132589442,653.7172511090222,152.60866592377968,328.36181494144046,328.36181494144046,9.575154989710625e-08,1,5.675356647763517e-07,9742.092909844596,1.8164874561528483
14,198162.8441125039,31538.59617765369,4,3,55173.682376701785,8781.164278834282,654.8375062802841,182.32376882594457,259.1618967165081,259.1618967165081,9.932387527268129e-08,1,2.65787087644516e-07,4118.474765934068,2.3209944534316254
15,198187.8223953944,31542.57159484566,3,4,55173.68237670185,8781.164278834292,654.9200480733858,182.3237688259448,259.2071688133019,259.2071688133019,1.065955444778034e-07,1,2.540381176296491e-07,3607.639259837406,2.229060383805965
16,198197.16416883573,31544.05838426609,1,5,56894.84205927859,9055.095350166857,654.9509183591447,188.01141385090637,248.35699862271275,248.35699862271275,2.2467381169976814e-07,1,6.694352508473285e-07,8566.32767518806,1.999994291416401
17,199151.1072240988,31695.8831369394,5,1,56894.84205927866,9055.095350166868,658.1032635641178,188.0114138509066,250.03367619265657,250.03367619265657,3.432494561592401e-07,1,1.196827452255463e-07,3087.8393888396818,1.999999133561742
18,200840.53956298315,31964.76464469214,2,5,61920.728574696885,9854.99003251458,663.6860642388809,204.61966857869848,224.35106011503564,224.35106011503564,6.25864029349477e-08,1,8.096641309662609e-08,1237.105601265013,2.884831009973438
19,201211.00731046184,32023.72641795949,5,2,61920.728574696885,9854.99003251458,664.9102905917208,204.61966857869848,224.94935370105475,224.94935370105475,4.75260936445314e-08,1,2.346378208879207e-07,3804.168634351377,1.4421656925608095
20,201212.02907436385,32023.88903673517,4,4,66756.69035149952,10624.657253896185,664.9136670537846,220.60030896853021,201.41103163578887,201.41103163578887,1.6668348750447713e-07,1,2.2195277083565014e-07,3297.074136271255,1.4170563261630431
21,203761.3839836324,32429.63147224085,3,5,69884.34945913962,11122.439661183493,673.3381182615046,230.93579087844404,191.5694079727662,191.5694079727662,3.1523343376491613e-07,1,4.166784952093828e-07,12363.553340420056,1.999998460409764
22,206253.80429888843,32826.312485676506,5,3,69884.34945913962,11122.439661183493,681.5744266933616,230.93579087844404,195.13590080634876,195.13590080634876,7.914737458469049e-08,1,1.378960327574582e-07,5647.455138421421,2.3118224162007643
23,206362.0220896112,32843.53588200052,6,1,74443.24920110803,11848.011090178132,681.9320369634878,246.0008680465813,177.2071669415252,177.2071669415252,1.357560155827959e-07,1,1.0879657815568253e-07,2994.856121212774,2.317389034283902
24,206409.8044885571,32851.14068698555,1,6,74443.24920110813,11848.011090178148,682.0899359233557,246.00086804658164,177.27135328408602,177.27135328408602,4.028188855093395e-08,1,1.210561710740489e-07,1625.7716269142552,1.567647813050166
25,207235.3815624153,32982.535359193425,2,6,78855.43433539786,12550.232164136936,684.8180903092534,260.58112058345426,162.80418503685578,162.80418503685578,7.375306366646277e-08,1,6.553174057864268e-06,94937.6026524018,1.9999918943328847
26,208301.127556202,33152.15410218496,6,2,78855.43433539795,12550.23216413695,688.339893057014,260.58112058345455,164.155703803785,164.155703803785,1.1372872241053648e-07,1,1.5013659123120433e-08,1583.4676288471348,1.862813298078388
27,210962.82564269347,33575.77650966832,5,4,80295.71783734502,12779.460402925532,697.135587049171,265.340598380494,162.73234902767882,162.73234902767882,1.9449776252019493e-08,1,4.671779640140176e-08,617.8856295415303,1.6456328121398154
28,211053.0045130874,33590.12892265395,4,5,80295.71783734512,12779.460402925548,697.4335869435124,265.3405983804943,162.84465747054787,162.84465747054787,4.4196899526256256e-08,1,4.5032478297726505e-08,596.245775577768,1.5786879509103486
29,213200.8711454741,33931.97251430045,3,6,85915.4831162536,13673.873826080036,704.5313031459315,283.91135062016076,148.1518620537682,148.1518620537682,1.2374403010029752e-07,1,2.8592492499856537e-07,30325.592132088863,1.9999946596084344
30,213870.31322947907,34038.51753108357,6,3,85915.4831162536,13673.873826080036,706.7435028489192,283.91135062016076,148.93104883096308,148.93104883096308,3.205132146229364e-08,1,4.166750123505836e-08,2307.6195631681253,2.079738963847849
31,214031.87006678543,34064.23010033117,1,7,92648.6154110613,14745.485113290359,707.2773742562359,306.16127129087903,131.01464508365683,131.01464508365683,3.3847902274490855e-08,1,5.150733806380204e-08,1923.9937302010887,2.1796781813064405
32,214929.70711503064,34207.125304650435,5,5,92648.6154110613,14745.485113290359,710.2443147861425,306.16127129087903,131.98372275876474,131.98372275876474,1.6291057964277577e-07,1,3.382188723472967e-07,11493.30262320935,1.999999293151808
33,216496.8528731349,34456.54429859822,7,1,92648.6154110613,14745.485113290359,715.423014278526,306.16127129087903,133.67521674510354,133.67521674510354,3.7311267116410343e-08,1,7.699476936013484e-08,1560.4498639043377,1.813115764162584
34,216521.6624156624,34460.49285992732,6,4,95259.16266436674,15160.96661282889,715.5049984619558,314.78793518964125,127.29746552418091,127.29746552418091,4.0290672015004144e-08,1,4.4496184494135214e-08,648.9412241150168,1.9220417802230123
35,216621.47811388547,34476.37902169769,4,6,95259.16266436681,15160.9666128289,715.8348436617698,314.7879351896415,127.40224882841231,127.40224882841231,3.6363510325377e-08,1,8.905339587448625e-08,1715.9086584614158,2.403559500157376
36,218939.11874232447,34845.24298402437,7,2,96547.8184360837,15366.062548841546,723.4935852204004,319.04635273398037,126.76754616394146,126.76754616394146,1.653601364579485e-07,1,3.551618131461776e-08,1980.227659198638,1.4742430214118365
37,225324.16313365227,35861.45436076537,2,7,96547.81843608378,15366.062548841557,744.5932346800752,319.04635273398065,133.38089537757966,133.38089537757966,1.3057849184886746e-07,1,8.05026905617569e-08,8613.148820004086,1.605630528527065
38,225335.91127260524,35863.324135151866,7,3,102834.68041805105,16366.64770980816,744.6320569025248,339.8215542660221,119.12443385495362,119.12443385495362,3.195257953588536e-08,1,1.0684987778795197e-07,2324.89845456258,1.999999824466845
39,225384.4337203693,35871.04672256443,3,7,102834.68041805121,16366.647709808185,744.7924013850375,339.8215542660226,119.17161876141367,119.17161876141367,1.0569039706994629e-07,1,1.2044019427330336e-07,5232.15878989443,2.050658388818596
40,228149.81079156365,36311.170152958,6,5,106489.6197884536,16948.349377308903,753.9307069707075,351.8994561231493,114.24605632435674,114.24605632435674,5.968812603381577e-08,1,4.871360782821041e-08,1748.032200331685,1.79416882657799
41,231412.67411735115,36830.47097989034,5,6,106489.61978845367,16948.349377308914,764.7129769424639,351.89945612314955,117.31007639717623,117.31007639717623,1.7172526031584034e-08,1,4.1561130281195416e-08,876.2680446701681,1.7244356170842492
42,231984.45290144268,36921.47239973358,1,8,111237.22265879717,17703.953841961353,766.6024441369593,367.58811076649846,108.54930333258932,108.54930333258932,5.46388584207206e-08,1,2.697634774307333e-08,499.6781787677949,1.706106431886478
43,232322.7463085724,36975.31346769368,4,7,111237.22265879717,17703.953841961353,767.7203490202285,367.58811076649846,108.85342222287065,108.85342222287065,7.297047995453506e-08,1,6.321662173777769e-08,962.5643757692086,2.410574260138864
44,232419.5559616704,36990.72120252324,7,4,111237.22265879724,17703.953841961367,768.0402606166858,367.5881107664987,108.94045213137062,108.94045213137062,2.2588136409232306e-08,1,2.2421186523806808e-08,698.6696891760691,1.999999784695028
45,239552.9984638189,38126.04383800199,8,1,111237.22265879724,17703.953841961367,791.6130233120409,367.5881107664987,115.35327180777443,115.35327180777443,8.981769656459326e-08,1,5.310702755980147e-08,2309.6380960584265,1.7123713897387112
46,239850.1510291228,38173.33713762254,2,8,114709.78150400179,18256.628747353152,792.5949765420719,379.0633284582385,109.09302405109658,109.09302405109658,5.4426841347073054e-08,1,5.304366635325965e-08,1844.1667833609656,2.373860051018057
47,240658.0810176561,38301.9231889698,8,2,114709.78150400179,18256.628747353152,795.264815387541,379.0633284582385,109.79734933002246,109.79734933002246,1.3604657357213009e-07,1,6.490860560019252e-08,14687.991525255353,1.999997590560229
48,241607.37084793832,38453.00735788608,6,6,119230.33221895191,18976.096739135068,798.4017838136014,394.00167964334196,102.63918279138564,102.63918279138564,8.481105783695668e-08,1,5.9028506757583634e-08,887.5288076912846,1.982764639528129
49,242868.51285591017,38653.72434239564,3,8,120341.85801586579,19153.00156408807,802.5692809610321,397.6747636883209,101.81549201599545,101.81549201599545,4.6956835098742884e-08,1,1.204246838889589e-07,2532.915996858382,1.99999991918866
50,244717.86010813763,38948.05709908105,8,3,120341.85801586584,19153.001564088077,808.6805272358755,397.67476368832115,103.3522368217666,103.3522368217666,1.522424424699606e-07,1,1.889305866642601e-07,4451.301571914135,1.834645822936502
51,244730.333526553,38950.04230527911,5,7,121446.20454378017,19328.763772892016,808.7217461750085,401.3241235350043,101.5133650704828,101.5133650704828,6.504895152216092e-08,1,1.1226284898524832e-07,4020.922305853792,1.856820395285518
52,247168.4125982279,39338.07464118507,7,5,121446.20454378023,19328.763772892024,816.7784816672754,401.3241235350045,103.52090337176901,103.52090337176901,6.96798001462664e-08,1,5.856639656744309e-08,878.9477823765095,1.2335864318527376
53,249179.6880090115,39658.17906473046,4,8,127928.34042864678,20360.427740761894,823.4248263962229,422.7446159448029,94.78067734959306,94.78067734959306,4.782265956314452e-07,1,6.620372134468122e-08,15199.044140039685,1.7021728678625163
54,251225.24977799685,39983.74033166428,8,4,127928.34042864678,20360.427740761894,830.1844718471338,422.7446159448029,96.37966766099031,96.37966766099031,5.76737550951483e-08,1,1.3800949396883654e-07,4828.788123667881,1.999999731201884
55,251686.53302376,40057.15584039295,9,1,130036.94439953807,20696.02248575244,831.7088018581268,429.71258702038574,93.55002086980295,93.55002086980295,9.66800587861111e-08,1,9.030278060067813e-08,1042.417349444923,1.887040149721448
56,251777.60739243103,40071.65077635593,1,9,130036.94439953813,20696.022485752448,832.0097609644299,429.7125870203859,93.62005817273365,93.62005817273365,2.26050413921363e-08,1,7.47823329036554e-08,1015.6928139688343,1.839976476129184
57,258737.42469055537,41179.3401023689,2,9,133153.88030371806,21192.098242203294,855.0087718238151,440.0126336505699,94.3145960901679,94.3145960901679,9.62735100177655e-08,1,5.641867206468925e-08,25579442859.646755,2.202714143949171
58,258737.42469483404,41179.34010304987,6,7,133153.88030371806,21192.098242203294,855.0087718379541,440.0126336505699,94.31459609338121,94.31459609338121,2.068679719790977e-07,1,8.64773506257374e-08,82301711151.26347,1.9054375006987625
59,259990.6691865342,41378.80015880664,7,6,133153.88030371806,21192.098242203294,859.150171308576,440.0126336505699,95.25579622126452,95.25579622126452,6.07929062691532e-08,1,4.9057263435867e-08,951.1349439664664,2.317868560243292
60,1171080088.8998675,186383184.90491012,9,2,133153.88030371812,21192.0982422033,3869883.72368286,440.0126336505701,879393.7753437494,879393.7753437494,5.626660139637528e-16,1,1.0,2.9145877243221245,2.914587724322065
61,1171080088.8998675,186383184.90491012,8,5,137227.97021242074,21840.509789774133,3869883.72368286,453.4756362034697,853282.9416022879,853282.9416022879,9.0587594284487e-16,1,1.0,2.914586439112815,2.914586439112753
62,1171080089.4145873,186383184.98683035,5,8,137227.9702124208,21840.50978977414,3869883.725383773,453.47563620346995,853282.9419773712,853282.9419773712,9.810010453326845e-16,1,1.0,2.8281647883841448,2.828164788384063
63,1171080089.4145875,186383184.9868304,3,9,138232.47483721378,22000.381666168614,3869883.7253837734,456.7950642551434,847081.5980967442,847081.5980967442,7.12258636068377e-16,1,1.0,2.999761457208241,2.999761457208156
64,1171080090.4923267,186383185.15835792,9,3,138232.47483721378,22000.381666168614,3869883.7289452087,456.7950642551434,847081.5988764014,847081.5988764014,1.593459157853614e-15,1,1.0,2.91497674618662,2.914976746186494
65,1171080090.492327,186383185.15835795,9,4,145116.1058334765,23095.945565644415,3869883.728945209,479.54231425518475,806895.256499071,806895.256499071,1.0031675805479336e-15,1,1.0,2.914976170409889,2.914976170409811
66,1183215958.153325,188314668.48531488,4,9,145116.10583347655,23095.945565644422,3909987.2173224944,479.542314255185,815258.124005262,815258.124005262,8.227614460088897e-16,1,1.0,2.9312621145199707,2.931262114519908
67,1183215958.153325,188314668.48531488,7,7,146079.25477793632,23249.235481088937,3909987.2173224944,482.72508071067875,809882.1976446973,809882.1976446973,5.740075394509949e-16,1,1.0,2.977418381581401,2.9774183815813338
68,1183215958.6627655,188314668.56639484,6,8,147991.08738764893,23553.513091288976,3909987.219005962,489.0428124942353,799418.3896199379,799418.3896199379,1.2283628254320962e-15,1,1.0,2.955211671300147,2.955211671300048
69,1183215958.6627662,188314668.56639493,8,6,147991.08738764893,23553.513091288976,3909987.219005964,489.0428124942353,799418.3896199382,799418.3896199382,6.827996333797498e-16,1,1.0,2.9552117363935007,2.955211736393413
70,1183215959.7294512,188314668.73616317,1,10,148939.90339629748,23704.521849150115,3909987.2225308698,492.1782151566511,794325.0887427827,794325.0887427827,7.70662438457509e-16,1,1.0,3.054639991026323,3.0546399910261792
71,1183215959.7294514,188314668.7361632,10,1,148939.90339629748,23704.521849150115,3909987.2225308707,492.1782151566511,794325.088742783,794325.088742783,1.3997529549164373e-15,1,1.0,2.852125474757813,2.8521254747577305
72,1656157344.1462722,263585627.8588245,10,2,151758.71409850894,24153.149506047404,5472842.046174948,501.4930944377759,1091209.5527886688,1091209.5527886688,1.02396270582574e-15,1,1.0,2.125000000764399,2.125000000764388
73,1664760816.9285471,264954913.0798801,2,10,151758.714098509,24153.149506047415,5501272.586154969,501.4930944377761,1096878.7315461335,1096878.7315461335,9.58430552626337e-16,1,1.0,1.5232048660436754,1.5232048660436714
74,1664760816.9285474,264954913.07988012,5,9,153615.49945040984,24448.666073063057,5501272.58615497,507.6289202278329,1083619.3010370452,1083619.3010370452,1.0675459436910645e-15,1,1.0,1.523204866044258,1.523204866044244
75,1673320055.0377607,266317158.134062,9,5,153615.49945040984,24448.666073063057,5529556.950785478,507.6289202278329,1089191.1594366438,1089191.1594366438,1.1227631478318333e-15,1,1.0,2.183673470997984,2.1836734709979693
