mode_rank,eigen_index,omega_sq_real,omega_real,Omega_FEM,Omega_exact,matched_m,matched_n,W_energy_pct,Phi1_energy_pct,Phi2_energy_pct,relative_residual
1,1,3.401893e+01,5.832575e+00,19.2740,19.7392,1,1,99.9998,0.0001,0.0001,2.78e-05
2,2,2.132934e+02,1.460457e+01,48.2614,49.3480,1,2,99.9996,0.0002,0.0002,5.96e-06
3,3,2.166070e+02,1.471758e+01,48.6349,49.3480,1,2,99.9996,0.0002,0.0002,4.15e-06
4,4,5.332419e+02,2.309203e+01,76.3086,78.9568,2,2,99.9994,0.0003,0.0003,1.88e-06
5,5,8.667403e+02,2.944045e+01,97.2872,98.6960,1,3,99.9992,0.0004,0.0004,2.00e-06
6,6,8.708355e+02,2.950992e+01,97.5168,98.6960,1,3,99.9992,0.0004,0.0004,1.04e-06
7,7,1.376201e+03,3.709718e+01,122.5892,128.3049,2,3,99.9990,0.0005,0.0005,1.06e-06
8,8,1.426650e+03,3.777101e+01,124.8159,128.3049,2,3,99.9990,0.0005,0.0005,6.72e-07
9,9,2.517813e+03,5.017782e+01,165.8147,167.7833,1,4,99.9986,0.0007,0.0007,5.87e-07
10,10,2.527566e+03,5.027490e+01,166.1355,167.7833,1,4,99.9986,0.0007,0.0007,3.93e-07
11,11,2.585526e+03,5.084807e+01,168.0296,167.7833,1,4,99.9986,0.0007,0.0007,4.09e-07
12,12,3.310719e+03,5.753885e+01,190.1396,197.3921,2,4,99.9984,0.0008,0.0008,4.83e-07
13,13,3.354429e+03,5.791743e+01,191.3906,197.3921,2,4,99.9984,0.0008,0.0008,2.99e-07
14,14,4.755311e+03,6.895876e+01,227.8771,246.7401,3,4,99.9982,0.0009,0.0009,3.89e-07
15,15,5.091773e+03,7.135666e+01,235.8011,246.7401,3,4,99.9981,0.0010,0.0010,1.86e-07
16,16,5.891280e+03,7.675467e+01,253.6391,256.6097,1,5,99.9979,0.0011,0.0011,2.43e-07
17,17,5.904034e+03,7.683771e+01,253.9135,256.6097,1,5,99.9979,0.0011,0.0011,1.80e-07
18,18,6.809792e+03,8.252146e+01,272.6957,286.2185,2,5,99.9994,0.0003,0.0003,4.79e-07
19,19,6.831353e+03,8.265200e+01,273.1270,286.2185,2,5,99.9997,0.0002,0.0002,1.07e-06
20,20,6.972157e+03,8.349944e+01,275.9274,286.2185,2,5,99.9980,0.0010,0.0010,2.88e-07
21,21,7.035354e+03,8.387702e+01,277.1752,286.2185,2,5,99.9977,0.0011,0.0011,1.55e-07
22,22,7.595987e+03,8.715496e+01,288.0073,286.2185,2,5,99.9977,0.0011,0.0011,1.68e-07
23,23,8.915700e+03,9.442299e+01,312.0248,315.8273,4,4,99.9975,0.0013,0.0013,2.12e-07
24,24,9.234756e+03,9.609764e+01,317.5587,315.8273,4,4,99.9974,0.0013,0.0013,1.05e-07
25,25,1.038368e+04,1.019003e+02,336.7340,335.5665,3,5,99.9995,0.0003,0.0003,5.20e-07
26,26,1.038619e+04,1.019126e+02,336.7747,335.5665,3,5,99.9995,0.0003,0.0003,4.97e-07
27,27,1.143445e+04,1.069320e+02,353.3612,365.1754,1,6,99.9973,0.0013,0.0013,1.63e-07
28,28,1.189799e+04,1.090779e+02,360.4525,365.1754,1,6,99.9970,0.0015,0.0015,1.12e-07
29,29,1.190191e+04,1.090959e+02,360.5120,365.1754,1,6,99.9970,0.0015,0.0015,1.41e-07
30,30,1.257983e+04,1.121599e+02,370.6370,365.1754,1,6,99.9990,0.0005,0.0005,2.21e-07
31,31,1.267936e+04,1.126027e+02,372.1002,365.1754,1,6,99.9993,0.0003,0.0003,3.26e-07
32,32,1.285730e+04,1.133900e+02,374.7022,365.1754,1,6,99.9970,0.0015,0.0015,9.40e-08
33,33,1.315460e+04,1.146935e+02,379.0096,365.1754,1,6,99.9970,0.0015,0.0015,1.40e-07
34,34,1.338555e+04,1.156959e+02,382.3221,394.7842,2,6,99.9972,0.0014,0.0014,1.01e-07
35,35,1.548812e+04,1.244513e+02,411.2545,404.6538,4,5,99.9967,0.0016,0.0016,1.67e-07
36,36,1.574814e+04,1.254916e+02,414.6922,404.6538,4,5,99.9990,0.0005,0.0005,2.39e-07
37,37,1.583564e+04,1.258397e+02,415.8427,404.6538,4,5,99.9981,0.0009,0.0009,1.02e-07
38,38,1.600415e+04,1.265075e+02,418.0494,404.6538,4,5,99.9977,0.0012,0.0012,9.66e-08
39,39,1.633803e+04,1.278203e+02,422.3876,404.6538,4,5,99.9969,0.0015,0.0015,9.97e-08
40,40,1.833106e+04,1.353923e+02,447.4094,444.1322,3,6,99.9989,0.0006,0.0006,1.64e-07
41,41,1.836297e+04,1.355100e+02,447.7986,444.1322,3,6,99.9988,0.0006,0.0006,2.02e-07
42,42,1.859427e+04,1.363608e+02,450.6101,444.1322,3,6,99.9971,0.0014,0.0014,1.15e-07
43,43,1.990219e+04,1.410751e+02,466.1888,444.1322,3,6,99.9967,0.0017,0.0017,5.33e-08
44,44,2.080245e+04,1.442306e+02,476.6160,493.4802,1,7,99.9987,0.0007,0.0007,2.18e-07
45,45,2.131331e+04,1.459908e+02,482.4328,493.4802,1,7,99.9961,0.0019,0.0019,8.53e-08
46,46,2.140507e+04,1.463047e+02,483.4701,493.4802,1,7,99.9961,0.0019,0.0019,6.85e-08
47,47,2.206876e+04,1.485556e+02,490.9082,493.4802,1,7,99.9967,0.0016,0.0016,9.74e-08
48,48,2.210096e+04,1.486639e+02,491.2663,493.4802,1,7,99.9984,0.0008,0.0008,1.52e-07
49,49,2.258523e+04,1.502838e+02,496.6192,493.4802,1,7,99.9973,0.0014,0.0014,9.56e-08
50,50,2.266797e+04,1.505589e+02,497.5282,493.4802,1,7,99.9964,0.0018,0.0018,7.78e-08
51,51,2.290388e+04,1.513403e+02,500.1103,493.4802,1,7,99.9986,0.0007,0.0007,1.83e-07
52,52,2.310995e+04,1.520196e+02,502.3551,493.4802,1,7,99.9981,0.0010,0.0010,1.24e-07
53,53,2.416329e+04,1.554455e+02,513.6761,513.2194,4,6,99.9984,0.0008,0.0008,1.04e-07
54,54,2.431209e+04,1.559233e+02,515.2553,513.2194,4,6,99.9983,0.0009,0.0009,1.45e-07
55,55,2.451075e+04,1.565591e+02,517.3562,513.2194,4,6,99.9970,0.0015,0.0015,9.32e-08
56,56,2.543510e+04,1.594839e+02,527.0212,523.0890,2,7,99.9970,0.0015,0.0015,1.09e-07
57,57,2.573595e+04,1.604243e+02,530.1288,523.0890,2,7,99.9977,0.0012,0.0012,1.28e-07
58,58,2.594411e+04,1.610717e+02,532.2684,523.0890,2,7,99.9962,0.0019,0.0019,6.01e-08
59,59,2.650557e+04,1.628053e+02,537.9970,523.0890,2,7,99.9978,0.0011,0.0011,1.10e-07
60,60,2.679274e+04,1.636849e+02,540.9036,523.0890,2,7,99.9984,0.0008,0.0008,1.41e-07
61,61,2.730156e+04,1.652318e+02,546.0156,523.0890,2,7,99.9980,0.0010,0.0010,1.15e-07
62,62,2.757394e+04,1.660540e+02,548.7326,572.4371,3,7,99.9983,0.0008,0.0008,1.62e-07
63,63,2.811642e+04,1.676795e+02,554.1040,572.4371,3,7,99.9964,0.0018,0.0018,5.99e-08
64,64,2.883740e+04,1.698158e+02,561.1635,572.4371,3,7,99.9964,0.0018,0.0018,7.84e-08
65,65,3.037224e+04,1.742763e+02,575.9035,572.4371,3,7,99.9958,0.0021,0.0021,4.49e-08
66,66,3.198185e+04,1.788347e+02,590.9669,602.0459,5,6,99.9980,0.0010,0.0010,1.08e-07
67,67,3.206092e+04,1.790556e+02,591.6969,602.0459,5,6,99.9971,0.0014,0.0014,8.33e-08
68,68,3.249765e+04,1.802710e+02,595.7133,602.0459,5,6,99.9979,0.0010,0.0010,8.91e-08
69,69,3.258065e+04,1.805011e+02,596.4736,602.0459,5,6,99.9968,0.0016,0.0016,7.33e-08
70,70,3.351200e+04,1.830628e+02,604.9389,602.0459,5,6,99.9963,0.0018,0.0018,6.31e-08
71,71,3.364650e+04,1.834298e+02,606.1516,602.0459,5,6,99.9977,0.0011,0.0011,1.20e-07
72,72,3.492837e+04,1.868913e+02,617.5903,602.0459,5,6,99.9959,0.0021,0.0021,7.34e-08
73,73,3.538210e+04,1.881013e+02,621.5888,641.5243,1,8,99.9952,0.0024,0.0024,5.81e-08
74,74,3.565045e+04,1.888133e+02,623.9414,641.5243,1,8,99.9949,0.0025,0.0025,3.85e-08
75,75,3.618816e+04,1.902319e+02,628.6293,641.5243,1,8,99.9974,0.0013,0.0013,9.86e-08
76,76,3.631030e+04,1.905526e+02,629.6892,641.5243,1,8,99.9954,0.0023,0.0023,6.14e-08
77,77,3.639017e+04,1.907621e+02,630.3814,641.5243,1,8,99.9974,0.0013,0.0013,8.80e-08
78,78,3.741645e+04,1.934333e+02,639.2086,641.5243,1,8,99.9967,0.0017,0.0017,9.51e-08
79,79,3.765587e+04,1.940512e+02,641.2504,641.5243,1,8,99.9954,0.0023,0.0023,4.65e-08
80,80,3.834329e+04,1.958144e+02,647.0771,641.5243,1,8,99.9967,0.0016,0.0016,6.60e-08
81,81,3.859344e+04,1.964521e+02,649.1843,641.5243,1,8,99.9962,0.0019,0.0019,5.95e-08
82,82,3.911808e+04,1.977829e+02,653.5820,641.5243,1,8,99.9960,0.0020,0.0020,6.20e-08
83,83,3.961194e+04,1.990275e+02,657.6947,671.1331,2,8,99.9959,0.0021,0.0021,6.84e-08
84,84,4.029641e+04,2.007397e+02,663.3527,671.1331,2,8,99.9952,0.0024,0.0024,3.71e-08
85,85,4.081655e+04,2.020311e+02,667.6202,671.1331,2,8,99.9967,0.0016,0.0016,6.27e-08
86,86,4.256408e+04,2.063106e+02,681.7623,671.1331,2,8,99.9961,0.0020,0.0020,5.35e-08
87,87,4.285141e+04,2.070058e+02,684.0595,671.1331,2,8,99.9959,0.0020,0.0020,6.16e-08
88,88,4.436322e+04,2.106258e+02,696.0218,710.6115,6,6,99.9951,0.0025,0.0025,2.67e-08
89,89,4.509570e+04,2.123575e+02,701.7443,710.6115,6,6,99.9968,0.0016,0.0016,8.03e-08
90,90,4.557106e+04,2.134738e+02,705.4332,710.6115,6,6,99.9961,0.0019,0.0019,5.90e-08
91,91,4.607715e+04,2.146559e+02,709.3395,710.6115,6,6,99.9964,0.0018,0.0018,7.68e-08
92,92,4.696033e+04,2.167033e+02,716.1053,720.4811,3,8,99.9963,0.0019,0.0019,5.38e-08
93,93,4.724910e+04,2.173686e+02,718.3036,720.4811,3,8,99.9967,0.0017,0.0017,6.49e-08
94,94,4.875597e+04,2.208075e+02,729.6679,730.3507,5,7,99.9966,0.0017,0.0017,7.89e-08
95,95,4.980254e+04,2.231648e+02,737.4576,730.3507,5,7,99.9964,0.0018,0.0018,6.20e-08
96,96,5.117733e+04,2.262241e+02,747.5670,730.3507,5,7,99.9954,0.0023,0.0023,3.48e-08
97,97,5.223413e+04,2.285479e+02,755.2462,730.3507,5,7,99.9960,0.0020,0.0020,7.34e-08
98,98,5.398252e+04,2.323414e+02,767.7819,789.5684,4,8,99.9966,0.0017,0.0017,7.39e-08
99,99,5.460529e+04,2.336778e+02,772.1980,789.5684,4,8,99.9939,0.0030,0.0030,4.59e-08
100,100,5.460729e+04,2.336820e+02,772.2121,789.5684,4,8,99.9939,0.0031,0.0031,3.28e-08
101,101,5.518209e+04,2.349087e+02,776.2657,789.5684,4,8,99.9942,0.0029,0.0029,3.34e-08
102,102,5.535013e+04,2.352661e+02,777.4467,789.5684,4,8,99.9943,0.0028,0.0028,4.19e-08
103,103,5.669032e+04,2.380973e+02,786.8026,789.5684,4,8,99.9943,0.0028,0.0028,3.12e-08
104,104,5.756872e+04,2.399348e+02,792.8748,789.5684,4,8,99.9946,0.0027,0.0027,4.02e-08
105,105,5.913151e+04,2.431697e+02,803.5646,809.3076,1,9,99.9949,0.0025,0.0025,3.18e-08
106,106,5.914306e+04,2.431935e+02,803.6431,809.3076,1,9,99.9952,0.0024,0.0024,4.25e-08
107,107,6.038314e+04,2.457298e+02,812.0246,809.3076,1,9,99.9948,0.0026,0.0026,3.61e-08
108,108,6.059644e+04,2.461634e+02,813.4575,809.3076,1,9,99.9957,0.0022,0.0022,5.56e-08
109,109,6.167124e+04,2.483369e+02,820.6400,809.3076,1,9,99.9961,0.0020,0.0020,4.72e-08
110,110,6.192400e+04,2.488453e+02,822.3199,809.3076,1,9,99.9972,0.0014,0.0014,9.18e-08
111,111,6.228868e+04,2.495770e+02,824.7378,838.9164,2,9,99.9956,0.0022,0.0022,3.51e-08
112,112,6.680037e+04,2.584577e+02,854.0843,838.9164,2,9,99.9954,0.0023,0.0023,3.34e-08
113,113,6.709863e+04,2.590340e+02,855.9889,838.9164,2,9,99.9959,0.0020,0.0020,6.07e-08
114,114,7.187132e+04,2.680883e+02,885.9090,888.2644,3,9,99.9953,0.0024,0.0024,3.02e-08
115,115,7.242510e+04,2.691191e+02,889.3155,888.2644,3,9,99.9947,0.0027,0.0027,3.94e-08
116,116,7.243902e+04,2.691450e+02,889.4010,888.2644,3,9,99.9946,0.0027,0.0027,5.26e-08
117,117,7.333281e+04,2.708003e+02,894.8711,888.2644,3,9,99.9945,0.0027,0.0027,3.22e-08
118,118,7.367513e+04,2.714316e+02,896.9573,888.2644,3,9,99.9942,0.0029,0.0029,3.63e-08
119,119,7.578225e+04,2.752858e+02,909.6934,888.2644,3,9,99.9938,0.0031,0.0031,2.70e-08
120,120,7.614324e+04,2.759407e+02,911.8576,888.2644,3,9,99.9950,0.0025,0.0025,3.49e-08
121,121,7.624802e+04,2.761304e+02,912.4847,888.2644,3,9,99.9942,0.0029,0.0029,3.01e-08
122,122,7.667668e+04,2.769055e+02,915.0461,888.2644,3,9,99.9942,0.0029,0.0029,5.39e-08
123,123,7.683741e+04,2.771956e+02,916.0046,888.2644,3,9,99.9937,0.0031,0.0031,3.03e-08
124,124,7.847074e+04,2.801263e+02,925.6892,957.3516,4,9,99.9946,0.0027,0.0027,2.65e-08
125,125,7.917656e+04,2.813833e+02,929.8430,957.3516,4,9,99.9945,0.0027,0.0027,4.97e-08
126,126,8.138251e+04,2.852762e+02,942.7073,957.3516,4,9,99.9938,0.0031,0.0031,4.82e-08
127,127,8.289869e+04,2.879213e+02,951.4482,957.3516,4,9,99.9943,0.0029,0.0029,3.46e-08
128,128,8.569792e+04,2.927421e+02,967.3786,967.2212,7,7,99.9940,0.0030,0.0030,2.01e-08
129,129,8.572560e+04,2.927894e+02,967.5348,967.2212,7,7,99.9945,0.0028,0.0028,3.66e-08
130,130,8.653665e+04,2.941711e+02,972.1009,967.2212,7,7,99.9950,0.0025,0.0025,4.35e-08
131,131,9.013341e+04,3.002223e+02,992.0972,996.8300,1,10,99.9945,0.0028,0.0028,2.43e-08
132,132,9.041603e+04,3.006926e+02,993.6514,996.8300,1,10,99.9935,0.0033,0.0033,3.16e-08
133,133,9.562429e+04,3.092318e+02,1021.8695,1026.4389,2,10,99.9931,0.0034,0.0034,1.81e-08
134,134,9.890642e+04,3.144939e+02,1039.2585,1046.1781,5,9,99.9928,0.0036,0.0036,3.24e-08
135,135,1.007595e+05,3.174264e+02,1048.9491,1046.1781,5,9,99.9940,0.0030,0.0030,3.36e-08
136,136,1.012915e+05,3.182633e+02,1051.7144,1046.1781,5,9,99.9929,0.0035,0.0035,2.02e-08
137,137,1.021081e+05,3.195435e+02,1055.9451,1046.1781,5,9,99.9933,0.0033,0.0033,2.26e-08
138,138,1.037170e+05,3.220513e+02,1064.2320,1075.7869,3,10,99.9932,0.0034,0.0034,1.91e-08
139,139,1.049293e+05,3.239279e+02,1070.4336,1075.7869,3,10,99.9935,0.0033,0.0033,3.45e-08
140,140,1.066223e+05,3.265307e+02,1079.0346,1075.7869,3,10,99.9941,0.0030,0.0030,3.61e-08
141,141,1.066402e+05,3.265581e+02,1079.1251,1075.7869,3,10,99.9938,0.0031,0.0031,2.11e-08
142,142,1.081878e+05,3.289191e+02,1086.9271,1075.7869,3,10,99.9938,0.0031,0.0031,3.55e-08
143,143,1.094847e+05,3.308848e+02,1093.4227,1075.7869,3,10,99.9928,0.0036,0.0036,1.82e-08
144,144,1.118915e+05,3.345018e+02,1105.3755,1115.2653,7,8,99.9931,0.0035,0.0035,3.00e-08
145,145,1.144317e+05,3.382775e+02,1117.8522,1115.2653,7,8,99.9923,0.0039,0.0039,1.85e-08
146,146,1.197061e+05,3.459857e+02,1143.3245,1144.8741,4,10,99.9931,0.0035,0.0035,2.56e-08
147,147,1.213543e+05,3.483595e+02,1151.1686,1154.7437,6,9,99.9937,0.0031,0.0031,2.38e-08
148,148,1.221997e+05,3.495707e+02,1155.1711,1154.7437,6,9,99.9925,0.0038,0.0038,1.50e-08
149,149,1.227047e+05,3.502923e+02,1157.5556,1154.7437,6,9,99.9933,0.0033,0.0033,3.36e-08
150,150,1.252391e+05,3.538913e+02,1169.4489,1154.7437,6,9,99.9932,0.0034,0.0034,3.54e-08
151,151,1.266557e+05,3.558873e+02,1176.0445,1154.7437,6,9,99.9933,0.0033,0.0033,2.44e-08
152,152,1.282895e+05,3.581753e+02,1183.6053,1204.0917,1,11,99.9930,0.0035,0.0035,2.66e-08
153,153,1.289987e+05,3.591639e+02,1186.8722,1204.0917,1,11,99.9929,0.0036,0.0036,1.34e-08
154,154,1.298380e+05,3.603304e+02,1190.7272,1204.0917,1,11,99.9933,0.0033,0.0033,3.07e-08
155,155,1.307981e+05,3.616603e+02,1195.1216,1204.0917,1,11,99.9933,0.0034,0.0034,2.24e-08
156,156,1.308601e+05,3.617460e+02,1195.4049,1204.0917,1,11,99.9924,0.0038,0.0038,2.53e-08
157,157,1.342477e+05,3.663982e+02,1210.7785,1204.0917,1,11,99.9926,0.0037,0.0037,2.03e-08
158,158,1.360658e+05,3.688709e+02,1218.9496,1233.7006,2,11,99.9925,0.0038,0.0038,2.00e-08
159,159,1.387387e+05,3.724764e+02,1230.8642,1233.7006,2,11,99.9922,0.0039,0.0039,2.20e-08
160,160,1.387827e+05,3.725354e+02,1231.0591,1233.7006,2,11,99.9918,0.0041,0.0041,1.46e-08
161,161,1.393319e+05,3.732719e+02,1233.4926,1233.7006,2,11,99.9921,0.0039,0.0039,2.43e-08
162,162,1.394710e+05,3.734581e+02,1234.1081,1233.7006,2,11,99.9924,0.0038,0.0038,1.79e-08
163,163,1.417398e+05,3.764835e+02,1244.1056,1233.7006,2,11,99.9920,0.0040,0.0040,2.45e-08
164,164,1.430591e+05,3.782315e+02,1249.8821,1263.3094,8,8,99.9923,0.0038,0.0038,1.71e-08
165,165,1.447629e+05,3.804772e+02,1257.3029,1263.3094,8,8,99.9918,0.0041,0.0041,1.48e-08
166,166,1.455356e+05,3.814913e+02,1260.6543,1263.3094,8,8,99.9923,0.0038,0.0038,1.99e-08
167,167,1.484990e+05,3.853557e+02,1273.4243,1283.0486,3,11,99.9915,0.0043,0.0043,1.50e-08
168,168,1.496589e+05,3.868577e+02,1278.3878,1283.0486,3,11,99.9918,0.0041,0.0041,2.22e-08
169,169,1.508528e+05,3.883977e+02,1283.4767,1283.0486,3,11,99.9917,0.0042,0.0042,1.85e-08
170,170,1.514383e+05,3.891507e+02,1285.9651,1283.0486,3,11,99.9914,0.0043,0.0043,1.43e-08
171,171,1.611245e+05,4.014032e+02,1326.4539,1342.2662,6,10,99.9912,0.0044,0.0044,2.15e-08
172,172,1.616807e+05,4.020954e+02,1328.7411,1342.2662,6,10,99.9909,0.0046,0.0046,2.01e-08
173,173,1.626412e+05,4.032880e+02,1332.6823,1342.2662,6,10,99.9913,0.0044,0.0044,1.67e-08
174,174,1.652162e+05,4.064680e+02,1343.1907,1342.2662,6,10,99.9906,0.0047,0.0047,1.30e-08
175,175,1.659664e+05,4.073898e+02,1346.2367,1342.2662,6,10,99.9906,0.0047,0.0047,1.59e-08
176,176,1.702947e+05,4.126678e+02,1363.6782,1352.1358,4,11,99.9909,0.0045,0.0045,1.67e-08
177,177,1.713646e+05,4.139621e+02,1367.9554,1352.1358,4,11,99.9908,0.0046,0.0046,1.64e-08
178,178,1.768667e+05,4.205552e+02,1389.7426,1352.1358,4,11,99.9909,0.0046,0.0046,2.26e-08
179,179,1.800344e+05,4.243047e+02,1402.1327,1431.0926,1,12,99.9907,0.0047,0.0047,1.46e-08
180,180,1.802332e+05,4.245388e+02,1402.9064,1431.0926,1,12,99.9907,0.0047,0.0047,1.58e-08
181,181,1.810334e+05,4.254802e+02,1406.0174,1431.0926,1,12,99.9906,0.0047,0.0047,1.90e-08
182,182,1.870284e+05,4.324678e+02,1429.1080,1431.0926,1,12,99.9893,0.0054,0.0054,7.21e-09
183,183,1.872099e+05,4.326775e+02,1429.8012,1431.0926,1,12,99.9902,0.0049,0.0049,1.65e-08
184,184,1.888864e+05,4.346107e+02,1436.1893,1440.9622,5,11,99.9901,0.0050,0.0050,1.81e-08
185,185,1.918928e+05,4.380557e+02,1447.5735,1440.9622,5,11,99.9901,0.0050,0.0050,1.62e-08
186,186,1.963091e+05,4.430678e+02,1464.1365,1460.7015,2,12,99.9896,0.0052,0.0052,2.05e-08
187,187,1.990096e+05,4.461050e+02,1474.1727,1470.5711,7,10,99.9902,0.0049,0.0049,1.11e-08
188,188,2.004800e+05,4.477500e+02,1479.6087,1470.5711,7,10,99.9899,0.0051,0.0051,1.61e-08
189,189,2.064025e+05,4.543154e+02,1501.3044,1510.0495,3,12,99.9901,0.0049,0.0049,1.25e-08
190,190,2.092071e+05,4.573916e+02,1511.4701,1510.0495,3,12,99.9896,0.0052,0.0052,1.59e-08
191,191,2.147881e+05,4.634523e+02,1531.4978,1549.5279,6,11,99.9893,0.0054,0.0054,1.50e-08
192,192,2.166747e+05,4.654833e+02,1538.2094,1549.5279,6,11,99.9886,0.0057,0.0057,8.47e-09
193,193,2.188812e+05,4.678474e+02,1546.0215,1549.5279,6,11,99.9893,0.0053,0.0053,1.35e-08
194,194,2.213577e+05,4.704866e+02,1554.7430,1549.5279,6,11,99.9893,0.0054,0.0054,1.67e-08
195,195,2.287445e+05,4.782725e+02,1580.4716,1579.1367,4,12,99.9884,0.0058,0.0058,1.70e-08
196,196,2.306467e+05,4.802569e+02,1587.0293,1579.1367,4,12,99.9886,0.0057,0.0057,1.51e-08
197,197,2.325350e+05,4.822189e+02,1593.5127,1598.8759,9,9,99.9890,0.0055,0.0055,1.16e-08
198,198,2.349162e+05,4.846816e+02,1601.6508,1598.8759,9,9,99.9888,0.0056,0.0056,2.00e-08
199,199,2.349826e+05,4.847500e+02,1601.8771,1598.8759,9,9,99.9886,0.0057,0.0057,9.11e-09
200,200,2.431860e+05,4.931389e+02,1629.5984,1618.6151,8,10,99.9876,0.0062,0.0062,7.31e-09
201,201,2.515452e+05,5.015428e+02,1657.3694,1667.9631,5,12,99.9881,0.0060,0.0060,1.60e-08
202,202,2.516901e+05,5.016872e+02,1657.8466,1667.9631,5,12,99.9881,0.0060,0.0060,1.12e-08
203,203,2.613562e+05,5.112301e+02,1689.3816,1677.8327,1,13,99.9879,0.0060,0.0060,1.25e-08
204,204,2.643805e+05,5.141795e+02,1699.1278,1707.4416,2,13,99.9888,0.0056,0.0056,1.27e-08
205,205,2.683480e+05,5.180232e+02,1711.8295,1707.4416,2,13,99.9874,0.0063,0.0063,1.16e-08
206,206,2.689187e+05,5.185737e+02,1713.6486,1707.4416,2,13,99.9873,0.0064,0.0064,8.59e-09
207,207,2.707308e+05,5.203180e+02,1719.4128,1707.4416,2,13,99.9872,0.0064,0.0064,1.29e-08
208,208,2.761784e+05,5.255268e+02,1736.6254,1756.7896,3,13,99.9869,0.0065,0.0065,7.72e-09
209,209,2.824373e+05,5.314483e+02,1756.1934,1756.7896,3,13,99.9872,0.0064,0.0064,1.35e-08
210,210,2.856974e+05,5.345067e+02,1766.3001,1756.7896,3,13,99.9872,0.0064,0.0064,8.75e-09
211,211,2.972399e+05,5.451971e+02,1801.6269,1786.3984,9,10,99.9867,0.0066,0.0066,1.99e-08
212,212,3.057129e+05,5.529131e+02,1827.1249,1825.8768,4,13,99.9860,0.0070,0.0070,6.77e-09
213,213,3.072738e+05,5.543229e+02,1831.7833,1825.8768,4,13,99.9864,0.0068,0.0068,1.41e-08
214,214,3.086562e+05,5.555683e+02,1835.8990,1825.8768,4,13,99.9869,0.0065,0.0065,9.22e-09
215,215,3.115482e+05,5.581650e+02,1844.4798,1825.8768,4,13,99.9861,0.0069,0.0069,1.30e-08
216,216,3.122788e+05,5.588191e+02,1846.6414,1825.8768,4,13,99.9869,0.0065,0.0065,8.71e-09
217,217,3.258566e+05,5.708385e+02,1886.3600,1904.8336,7,12,99.9858,0.0071,0.0071,9.11e-09
218,218,3.354751e+05,5.792022e+02,1913.9981,1914.7033,5,13,99.9861,0.0069,0.0069,1.03e-08
219,219,3.375938e+05,5.810282e+02,1920.0323,1914.7033,5,13,99.9854,0.0073,0.0073,7.07e-09
220,220,3.422613e+05,5.850310e+02,1933.2597,1944.3121,1,14,99.9858,0.0071,0.0071,1.13e-08
221,221,3.471145e+05,5.891642e+02,1946.9181,1944.3121,1,14,99.9852,0.0074,0.0074,1.49e-08
222,222,3.521599e+05,5.934306e+02,1961.0165,1973.9209,2,14,99.9865,0.0067,0.0067,7.11e-09
223,223,3.584432e+05,5.987013e+02,1978.4338,1973.9209,2,14,99.9862,0.0069,0.0069,9.44e-09
224,224,3.635610e+05,6.029602e+02,1992.5075,1993.6601,9,11,99.9848,0.0076,0.0076,7.98e-09
225,225,3.660632e+05,6.050316e+02,1999.3525,1993.6601,9,11,99.9851,0.0075,0.0075,7.47e-09
226,226,5.672027e+08,2.381602e+04,78701.0382,4441.3220,15,15,99.9874,0.0063,0.0063,2.13e-12
227,227,5.672037e+08,2.381604e+04,78701.1081,4441.3220,15,15,99.9867,0.0067,0.0067,2.89e-12
228,228,5.672038e+08,2.381604e+04,78701.1184,4441.3220,15,15,99.9879,0.0060,0.0060,2.72e-12
229,229,5.672067e+08,2.381610e+04,78701.3162,4441.3220,15,15,99.9867,0.0066,0.0066,2.87e-12
230,230,5.672069e+08,2.381611e+04,78701.3313,4441.3220,15,15,99.9878,0.0061,0.0061,2.77e-12
231,231,5.672069e+08,2.381611e+04,78701.3320,4441.3220,15,15,99.9879,0.0060,0.0060,2.77e-12
232,232,5.672093e+08,2.381616e+04,78701.4982,4441.3220,15,15,99.9876,0.0062,0.0062,2.62e-12
233,233,5.672114e+08,2.381620e+04,78701.6434,4441.3220,15,15,99.9876,0.0062,0.0062,3.54e-12
234,234,5.672128e+08,2.381623e+04,78701.7419,4441.3220,15,15,99.9866,0.0067,0.0067,3.49e-12
235,235,5.672141e+08,2.381626e+04,78701.8321,4441.3220,15,15,99.9872,0.0064,0.0064,3.12e-12
236,236,5.672170e+08,2.381632e+04,78702.0316,4441.3220,15,15,99.9871,0.0065,0.0065,3.99e-12
237,237,5.672215e+08,2.381641e+04,78702.3429,4441.3220,15,15,99.9871,0.0065,0.0065,2.32e-12
238,238,5.672219e+08,2.381642e+04,78702.3738,4441.3220,15,15,99.9864,0.0068,0.0068,3.26e-12
239,239,5.672240e+08,2.381646e+04,78702.5150,4441.3220,15,15,99.9860,0.0070,0.0070,2.44e-12
240,240,5.672317e+08,2.381663e+04,78703.0496,4441.3220,15,15,99.9862,0.0069,0.0069,3.49e-12
241,241,5.672324e+08,2.381664e+04,78703.1004,4441.3220,15,15,99.9863,0.0069,0.0069,2.64e-12
242,242,5.672364e+08,2.381672e+04,78703.3749,4441.3220,15,15,99.9852,0.0074,0.0074,3.54e-12
243,243,5.672405e+08,2.381681e+04,78703.6580,4441.3220,15,15,99.9855,0.0072,0.0072,6.34e-12
244,244,5.672466e+08,2.381694e+04,78704.0823,4441.3220,15,15,99.9852,0.0074,0.0074,7.09e-12
245,245,5.672540e+08,2.381709e+04,78704.5972,4441.3220,15,15,99.9842,0.0079,0.0079,4.65e-12
246,246,5.672547e+08,2.381711e+04,78704.6475,4441.3220,15,15,99.9852,0.0074,0.0074,2.89e-12
247,247,5.672607e+08,2.381723e+04,78705.0595,4441.3220,15,15,99.9841,0.0080,0.0080,3.16e-12
248,248,5.672713e+08,2.381746e+04,78705.8003,4441.3220,15,15,99.9838,0.0081,0.0081,3.60e-12
249,249,5.672781e+08,2.381760e+04,78706.2668,4441.3220,15,15,99.9838,0.0081,0.0081,2.54e-12
250,250,5.672804e+08,2.381765e+04,78706.4309,4441.3220,15,15,99.9827,0.0087,0.0087,4.51e-12
251,251,5.672905e+08,2.381786e+04,78707.1294,4441.3220,15,15,99.9828,0.0086,0.0086,2.50e-12
252,252,5.673004e+08,2.381807e+04,78707.8157,4441.3220,15,15,99.9822,0.0089,0.0089,3.84e-12
253,253,5.673118e+08,2.381831e+04,78708.6085,4441.3220,15,15,99.9809,0.0096,0.0096,4.82e-12
254,254,5.673160e+08,2.381840e+04,78708.8962,4441.3220,15,15,99.9821,0.0090,0.0090,2.52e-12
255,255,5.673272e+08,2.381863e+04,78709.6742,4441.3220,15,15,99.9807,0.0096,0.0096,2.98e-12
256,256,5.673416e+08,2.381893e+04,78710.6774,4441.3220,15,15,99.9799,0.0100,0.0100,4.31e-12
257,257,5.673572e+08,2.381926e+04,78711.7552,4441.3220,15,15,99.9786,0.0107,0.0107,4.28e-12
258,258,5.673591e+08,2.381930e+04,78711.8918,4441.3220,15,15,99.9799,0.0100,0.0100,3.31e-12
259,259,5.673782e+08,2.381970e+04,78713.2119,4441.3220,15,15,99.9785,0.0108,0.0108,3.67e-12
260,260,5.673937e+08,2.382003e+04,78714.2890,4441.3220,15,15,99.9775,0.0112,0.0112,4.55e-12
261,261,5.674119e+08,2.382041e+04,78715.5492,4441.3220,15,15,99.9759,0.0121,0.0121,4.68e-12
262,262,5.674224e+08,2.382063e+04,78716.2774,4441.3220,15,15,99.9772,0.0114,0.0114,4.02e-12
263,263,5.674414e+08,2.382103e+04,78717.5967,4441.3220,15,15,99.9755,0.0122,0.0122,4.92e-12
264,264,5.674633e+08,2.382149e+04,78719.1181,4441.3220,15,15,99.9743,0.0128,0.0128,7.11e-12
265,265,5.674878e+08,2.382200e+04,78720.8133,4441.3220,15,15,99.9726,0.0137,0.0137,4.92e-12
266,266,5.674977e+08,2.382221e+04,78721.5048,4441.3220,15,15,99.9741,0.0130,0.0130,5.62e-12
267,267,5.675254e+08,2.382279e+04,78723.4207,4441.3220,15,15,99.9723,0.0138,0.0138,5.80e-12
268,268,5.675532e+08,2.382337e+04,78725.3508,4441.3220,15,15,99.9709,0.0146,0.0146,5.01e-12
269,269,5.675798e+08,2.382393e+04,78727.1940,4441.3220,15,15,99.9690,0.0155,0.0155,6.61e-12
270,270,5.676003e+08,2.382436e+04,78728.6186,4441.3220,15,15,99.9705,0.0148,0.0148,4.45e-12
271,271,5.676256e+08,2.382490e+04,78730.3758,4441.3220,15,15,99.9687,0.0157,0.0157,3.90e-12
272,272,5.676676e+08,2.382578e+04,78733.2829,4441.3220,15,15,99.9669,0.0166,0.0166,5.24e-12
273,273,5.676951e+08,2.382635e+04,78735.1906,4441.3220,15,15,99.9653,0.0173,0.0173,4.76e-12
274,274,5.677164e+08,2.382680e+04,78736.6673,4441.3220,15,15,99.9668,0.0166,0.0166,4.97e-12
275,275,5.677416e+08,2.382733e+04,78738.4162,4441.3220,15,15,99.9654,0.0173,0.0173,5.72e-12
276,276,5.677951e+08,2.382845e+04,78742.1266,4441.3220,15,15,99.9633,0.0183,0.0183,4.76e-12
277,277,5.678108e+08,2.382878e+04,78743.2163,4441.3220,15,15,99.9624,0.0188,0.0188,5.91e-12
278,278,5.678323e+08,2.382923e+04,78744.7039,4441.3220,15,15,99.9636,0.0182,0.0182,5.29e-12
279,279,5.678381e+08,2.382935e+04,78745.1092,4441.3220,15,15,99.9631,0.0185,0.0185,5.43e-12
280,280,5.679103e+08,2.383087e+04,78750.1149,4441.3220,15,15,99.9575,0.0213,0.0213,6.12e-12
281,281,5.679119e+08,2.383090e+04,78750.2241,4441.3220,15,15,99.9576,0.0212,0.0212,5.28e-12
282,282,5.726899e+08,2.393094e+04,79080.8047,4441.3220,15,15,99.9846,0.0077,0.0077,2.86e-12
283,283,5.726899e+08,2.393094e+04,79080.8057,4441.3220,15,15,99.9846,0.0077,0.0077,2.80e-12
284,284,5.728696e+08,2.393469e+04,79093.2103,4441.3220,15,15,99.9782,0.0109,0.0109,5.77e-12
285,285,5.728696e+08,2.393469e+04,79093.2112,4441.3220,15,15,99.9782,0.0109,0.0109,5.83e-12
286,286,1.098738e+09,3.314722e+04,109536.3869,4441.3220,15,15,99.9775,0.0113,0.0113,1.72e-12
287,287,1.098738e+09,3.314722e+04,109536.3873,4441.3220,15,15,99.9775,0.0113,0.0113,1.53e-12
288,288,1.099705e+09,3.316179e+04,109584.5535,4441.3220,15,15,99.9313,0.0344,0.0344,3.17e-12
289,289,1.099705e+09,3.316179e+04,109584.5538,4441.3220,15,15,99.9313,0.0344,0.0344,2.80e-12
290,290,3.750489e+12,1.936618e+06,6399636.1246,4441.3220,15,15,0.0019,49.9991,49.9991,3.81e-13
291,291,3.750503e+12,1.936622e+06,6399648.0244,4441.3220,15,15,0.0019,49.9991,49.9991,4.13e-13
292,292,3.750833e+12,1.936707e+06,6399929.6522,4441.3220,15,15,0.0001,49.9999,49.9999,9.80e-13
293,293,3.750892e+12,1.936722e+06,6399979.4207,4441.3220,15,15,0.0012,49.9994,49.9994,4.54e-13
294,294,3.752137e+12,1.937043e+06,6401041.6399,4441.3220,15,15,0.0020,49.9990,49.9990,3.52e-13
295,295,3.752538e+12,1.937147e+06,6401383.8229,4441.3220,15,15,0.0014,49.9993,49.9993,4.54e-13
296,296,3.752581e+12,1.937158e+06,6401420.7780,4441.3220,15,15,0.0138,49.9931,49.9931,1.04e-13
297,297,3.752919e+12,1.937245e+06,6401708.5734,4441.3220,15,15,0.0119,49.9940,49.9940,1.82e-13
298,298,3.763300e+12,1.939923e+06,6410556.6942,4441.3220,15,15,0.0033,49.9983,49.9983,2.78e-13
299,299,3.763306e+12,1.939924e+06,6410561.7808,4441.3220,15,15,0.0037,49.9982,49.9982,1.54e-13
300,300,3.763352e+12,1.939936e+06,6410601.2139,4441.3220,15,15,0.0037,49.9981,49.9981,1.89e-13
301,301,3.763356e+12,1.939937e+06,6410604.5534,4441.3220,15,15,0.0035,49.9982,49.9982,2.29e-13
302,302,3.763996e+12,1.940102e+06,6411149.0019,4441.3220,15,15,0.0023,49.9988,49.9988,2.61e-13
303,303,3.764009e+12,1.940105e+06,6411160.7309,4441.3220,15,15,0.0025,49.9987,49.9987,2.03e-13
304,304,3.764086e+12,1.940125e+06,6411226.1910,4441.3220,15,15,0.0026,49.9987,49.9987,2.95e-13
305,305,3.764092e+12,1.940127e+06,6411230.7500,4441.3220,15,15,0.0029,49.9986,49.9986,2.38e-13
306,306,3.766205e+12,1.940671e+06,6413030.1955,4441.3220,15,15,0.0020,49.9990,49.9990,2.24e-13
307,307,3.766213e+12,1.940673e+06,6413037.4998,4441.3220,15,15,0.0025,49.9988,49.9988,2.37e-13
308,308,3.766536e+12,1.940756e+06,6413311.8205,4441.3220,15,15,0.0108,49.9946,49.9946,9.47e-14
309,309,3.766543e+12,1.940758e+06,6413318.4325,4441.3220,15,15,0.0107,49.9946,49.9946,1.52e-13
310,310,3.766953e+12,1.940864e+06,6413667.1961,4441.3220,15,15,0.0015,49.9993,49.9993,3.49e-13
311,311,3.766984e+12,1.940872e+06,6413693.9628,4441.3220,15,15,0.0019,49.9991,49.9991,3.39e-13
312,312,3.767249e+12,1.940940e+06,6413919.4436,4441.3220,15,15,0.0093,49.9953,49.9953,1.52e-13
313,313,3.767272e+12,1.940946e+06,6413938.7575,4441.3220,15,15,0.0095,49.9953,49.9953,1.15e-13
314,314,3.776112e+12,1.943222e+06,6421459.1589,4441.3220,15,15,0.0040,49.9980,49.9980,2.21e-13
315,315,3.776144e+12,1.943230e+06,6421486.8717,4441.3220,15,15,0.0049,49.9976,49.9976,2.14e-13
316,316,3.778105e+12,1.943735e+06,6423154.1896,4441.3220,15,15,0.0006,49.9997,49.9997,7.53e-13
317,317,3.778259e+12,1.943774e+06,6423285.0307,4441.3220,15,15,0.0029,49.9985,49.9985,3.19e-13
318,318,3.778275e+12,1.943779e+06,6423298.6002,4441.3220,15,15,0.0033,49.9984,49.9984,2.04e-13
319,319,3.778321e+12,1.943790e+06,6423337.3243,4441.3220,15,15,0.0033,49.9983,49.9983,2.73e-13
320,320,3.778365e+12,1.943802e+06,6423374.9202,4441.3220,15,15,0.0038,49.9981,49.9981,3.17e-13
321,321,3.778379e+12,1.943805e+06,6423387.0215,4441.3220,15,15,0.0041,49.9979,49.9979,2.74e-13
322,322,3.778948e+12,1.943952e+06,6423870.7180,4441.3220,15,15,0.0018,49.9991,49.9991,4.34e-13
323,323,3.778962e+12,1.943955e+06,6423882.0777,4441.3220,15,15,0.0019,49.9991,49.9991,2.35e-13
324,324,3.779098e+12,1.943990e+06,6423997.5747,4441.3220,15,15,0.0035,49.9983,49.9983,3.23e-13
325,325,3.779105e+12,1.943992e+06,6424004.1601,4441.3220,15,15,0.0035,49.9983,49.9982,2.77e-13
326,326,3.779293e+12,1.944040e+06,6424163.8566,4441.3220,15,15,0.0031,49.9985,49.9985,2.10e-13
327,327,3.779669e+12,1.944137e+06,6424482.8942,4441.3220,15,15,0.0118,49.9941,49.9941,1.23e-13
328,328,3.780765e+12,1.944419e+06,6425414.6806,4441.3220,15,15,0.0038,49.9981,49.9981,2.80e-13
329,329,3.780769e+12,1.944420e+06,6425417.8735,4441.3220,15,15,0.0040,49.9980,49.9980,1.81e-13
330,330,3.781067e+12,1.944497e+06,6425671.2417,4441.3220,15,15,0.0096,49.9952,49.9952,1.28e-13
331,331,3.781070e+12,1.944497e+06,6425673.5199,4441.3220,15,15,0.0096,49.9952,49.9952,1.64e-13
332,332,3.781492e+12,1.944606e+06,6426032.5875,4441.3220,15,15,0.0022,49.9989,49.9989,2.88e-13
333,333,3.781536e+12,1.944617e+06,6426069.7511,4441.3220,15,15,0.0037,49.9981,49.9981,2.12e-13
334,334,3.781560e+12,1.944623e+06,6426090.4533,4441.3220,15,15,0.0034,49.9983,49.9983,2.88e-13
335,335,3.781733e+12,1.944668e+06,6426237.5605,4441.3220,15,15,0.0081,49.9960,49.9960,1.59e-13
336,336,3.781785e+12,1.944681e+06,6426281.0459,4441.3220,15,15,0.0083,49.9958,49.9958,1.65e-13
337,337,3.781805e+12,1.944686e+06,6426298.0753,4441.3220,15,15,0.0086,49.9957,49.9957,1.24e-13
338,338,3.789934e+12,1.946775e+06,6433201.3445,4441.3220,15,15,0.0035,49.9983,49.9983,2.11e-13
339,339,3.789942e+12,1.946777e+06,6433208.4426,4441.3220,15,15,0.0036,49.9982,49.9982,2.91e-13
340,340,3.790173e+12,1.946837e+06,6433404.4701,4441.3220,15,15,0.0050,49.9975,49.9975,1.36e-13
341,341,3.790187e+12,1.946840e+06,6433416.4227,4441.3220,15,15,0.0054,49.9973,49.9973,1.78e-13
342,342,3.790588e+12,1.946943e+06,6433756.3598,4441.3220,15,15,0.0015,49.9992,49.9992,3.84e-13
343,343,3.790595e+12,1.946945e+06,6433762.4695,4441.3220,15,15,0.0016,49.9992,49.9992,3.79e-13
344,344,3.790752e+12,1.946985e+06,6433895.3129,4441.3220,15,15,0.0048,49.9976,49.9976,1.96e-13
345,345,3.790767e+12,1.946989e+06,6433908.6686,4441.3220,15,15,0.0048,49.9976,49.9976,2.09e-13
346,346,3.791114e+12,1.947078e+06,6434202.3231,4441.3220,15,15,0.0033,49.9984,49.9984,2.19e-13
347,347,3.791156e+12,1.947089e+06,6434238.3668,4441.3220,15,15,0.0035,49.9983,49.9983,1.98e-13
348,348,3.791204e+12,1.947101e+06,6434279.1037,4441.3220,15,15,0.0044,49.9978,49.9978,2.62e-13
349,349,3.791213e+12,1.947104e+06,6434286.7582,4441.3220,15,15,0.0057,49.9972,49.9972,2.17e-13
350,350,3.791628e+12,1.947210e+06,6434638.7433,4441.3220,15,15,0.0022,49.9989,49.9989,3.04e-13
351,351,3.791637e+12,1.947213e+06,6434646.5044,4441.3220,15,15,0.0023,49.9989,49.9989,3.61e-13
352,352,3.791905e+12,1.947281e+06,6434873.6809,4441.3220,15,15,0.0096,49.9952,49.9952,1.14e-13
353,353,3.791917e+12,1.947285e+06,6434884.3596,4441.3220,15,15,0.0096,49.9952,49.9952,1.07e-13
354,354,3.792283e+12,1.947378e+06,6435194.6537,4441.3220,15,15,0.0021,49.9989,49.9989,4.54e-13
355,355,3.792289e+12,1.947380e+06,6435199.6318,4441.3220,15,15,0.0021,49.9989,49.9989,4.31e-13
356,356,3.792503e+12,1.947435e+06,6435381.0190,4441.3220,15,15,0.0071,49.9965,49.9965,1.29e-13
357,357,3.792511e+12,1.947437e+06,6435388.3892,4441.3220,15,15,0.0071,49.9964,49.9964,1.47e-13
358,358,3.792952e+12,1.947550e+06,6435762.6230,4441.3220,15,15,0.0012,49.9994,49.9994,3.86e-13
359,359,3.792966e+12,1.947554e+06,6435773.8515,4441.3220,15,15,0.0013,49.9993,49.9993,3.94e-13
360,360,3.793244e+12,1.947625e+06,6436009.8891,4441.3220,15,15,0.0043,49.9978,49.9979,2.22e-13
361,361,3.793244e+12,1.947625e+06,6436009.9149,4441.3220,15,15,0.0044,49.9978,49.9977,1.99e-13
362,362,3.794094e+12,1.947843e+06,6436730.6733,4441.3220,15,15,0.0037,49.9982,49.9982,2.40e-13
363,363,3.794108e+12,1.947847e+06,6436743.0251,4441.3220,15,15,0.0041,49.9980,49.9980,2.48e-13
364,364,3.794414e+12,1.947926e+06,6437002.4431,4441.3220,15,15,0.0097,49.9952,49.9952,1.09e-13
365,365,3.794416e+12,1.947926e+06,6437003.8377,4441.3220,15,15,0.0097,49.9952,49.9952,1.24e-13
366,366,3.795451e+12,1.948192e+06,6437881.9597,4441.3220,15,15,0.0026,49.9987,49.9987,4.14e-13
367,367,3.795486e+12,1.948201e+06,6437911.4866,4441.3220,15,15,0.0027,49.9987,49.9987,3.58e-13
368,368,3.795663e+12,1.948246e+06,6438061.9796,4441.3220,15,15,0.0044,49.9978,49.9978,1.51e-13
369,369,3.795707e+12,1.948257e+06,6438099.1824,4441.3220,15,15,0.0041,49.9980,49.9980,1.71e-13
370,370,3.796051e+12,1.948346e+06,6438390.4574,4441.3220,15,15,0.0032,49.9984,49.9984,2.36e-13
371,371,3.796105e+12,1.948360e+06,6438437.0239,4441.3220,15,15,0.0011,49.9994,49.9994,4.30e-13
372,372,3.796106e+12,1.948360e+06,6438437.7629,4441.3220,15,15,0.0011,49.9994,49.9994,4.02e-13
373,373,3.796164e+12,1.948375e+06,6438486.5217,4441.3220,15,15,0.0042,49.9979,49.9979,2.39e-13
374,374,3.796216e+12,1.948388e+06,6438530.7169,4441.3220,15,15,0.0071,49.9965,49.9965,1.82e-13
375,375,3.796232e+12,1.948392e+06,6438544.3887,4441.3220,15,15,0.0034,49.9983,49.9983,2.49e-13
376,376,3.796235e+12,1.948393e+06,6438547.0949,4441.3220,15,15,0.0034,49.9983,49.9983,2.73e-13
377,377,3.796341e+12,1.948420e+06,6438637.2102,4441.3220,15,15,0.0080,49.9960,49.9960,1.07e-13
378,378,3.796790e+12,1.948535e+06,6439017.3103,4441.3220,15,15,0.0028,49.9986,49.9986,1.77e-13
379,379,3.796791e+12,1.948536e+06,6439018.3986,4441.3220,15,15,0.0028,49.9986,49.9986,2.37e-13
380,380,3.797282e+12,1.948662e+06,6439434.8941,4441.3220,15,15,0.0019,49.9990,49.9990,3.54e-13
381,381,3.797309e+12,1.948669e+06,6439457.6731,4441.3220,15,15,0.0016,49.9992,49.9992,3.57e-13
382,382,3.797310e+12,1.948669e+06,6439458.4898,4441.3220,15,15,0.0076,49.9962,49.9962,1.04e-13
383,383,3.797317e+12,1.948670e+06,6439464.0229,4441.3220,15,15,0.0077,49.9961,49.9961,1.10e-13
384,384,3.797509e+12,1.948720e+06,6439627.2512,4441.3220,15,15,0.0004,49.9998,49.9998,7.13e-13
385,385,3.797523e+12,1.948723e+06,6439639.2274,4441.3220,15,15,0.0005,49.9997,49.9997,1.20e-12
386,386,3.797656e+12,1.948758e+06,6439751.6674,4441.3220,15,15,0.0001,50.0000,49.9999,1.10e-12
387,387,3.797656e+12,1.948758e+06,6439751.6913,4441.3220,15,15,0.0001,49.9999,50.0000,1.11e-12
388,388,3.797657e+12,1.948758e+06,6439753.0229,4441.3220,15,15,0.0001,49.9999,49.9999,9.62e-13
389,389,3.797658e+12,1.948758e+06,6439753.6073,4441.3220,15,15,0.0002,49.9999,49.9999,1.04e-12
390,390,3.797676e+12,1.948763e+06,6439768.5721,4441.3220,15,15,0.0001,49.9999,49.9999,1.65e-12
391,391,3.797676e+12,1.948763e+06,6439768.7503,4441.3220,15,15,0.0001,49.9999,49.9999,9.98e-13
392,392,3.797690e+12,1.948766e+06,6439780.2334,4441.3220,15,15,0.0006,49.9997,49.9997,4.82e-13
393,393,3.797695e+12,1.948768e+06,6439784.8807,4441.3220,15,15,0.0010,49.9995,49.9995,4.88e-13
394,394,3.797890e+12,1.948818e+06,6439950.3194,4441.3220,15,15,0.0052,49.9974,49.9974,1.53e-13
395,395,3.797964e+12,1.948837e+06,6440013.0329,4441.3220,15,15,0.0052,49.9974,49.9974,1.37e-13
396,396,3.798187e+12,1.948894e+06,6440202.3439,4441.3220,15,15,0.0010,49.9995,49.9995,3.38e-13
397,397,3.798197e+12,1.948896e+06,6440210.8628,4441.3220,15,15,0.0009,49.9996,49.9996,3.30e-13
398,398,3.798341e+12,1.948933e+06,6440332.4288,4441.3220,15,15,0.0020,49.9990,49.9990,2.50e-13
399,399,3.798342e+12,1.948933e+06,6440333.0427,4441.3220,15,15,0.0026,49.9987,49.9987,1.67e-13
400,400,3.798448e+12,1.948961e+06,6440423.1406,4441.3220,15,15,0.0016,49.9992,49.9992,3.49e-13
401,401,3.798454e+12,1.948962e+06,6440428.1951,4441.3220,15,15,0.0015,49.9993,49.9993,2.72e-13
402,402,3.798461e+12,1.948964e+06,6440434.3374,4441.3220,15,15,0.0042,49.9979,49.9979,1.51e-13
403,403,3.798489e+12,1.948971e+06,6440458.2016,4441.3220,15,15,0.0005,49.9997,49.9997,5.12e-13
404,404,3.798506e+12,1.948976e+06,6440472.1430,4441.3220,15,15,0.0002,49.9999,49.9999,8.25e-13
405,405,3.798506e+12,1.948976e+06,6440472.1995,4441.3220,15,15,0.0002,49.9999,49.9999,5.86e-13
406,406,3.798507e+12,1.948976e+06,6440473.6500,4441.3220,15,15,0.0026,49.9987,49.9987,1.82e-13
407,407,3.798581e+12,1.948995e+06,6440535.7112,4441.3220,15,15,0.0055,49.9972,49.9972,1.73e-13
408,408,3.798588e+12,1.948997e+06,6440541.9257,4441.3220,15,15,0.0147,49.9926,49.9926,1.14e-13
409,409,3.798627e+12,1.949007e+06,6440575.0623,4441.3220,15,15,0.0146,49.9927,49.9927,1.39e-13
410,410,3.798917e+12,1.949081e+06,6440820.5230,4441.3220,15,15,0.0070,49.9965,49.9965,1.08e-13
411,411,3.798919e+12,1.949082e+06,6440822.5166,4441.3220,15,15,0.0069,49.9966,49.9966,8.87e-14
412,412,3.798919e+12,1.949082e+06,6440822.8615,4441.3220,15,15,0.0067,49.9966,49.9966,9.40e-14
413,413,3.798920e+12,1.949082e+06,6440823.2079,4441.3220,15,15,0.0067,49.9967,49.9966,1.26e-13
414,414,3.798962e+12,1.949093e+06,6440858.6833,4441.3220,15,15,0.0052,49.9974,49.9974,1.13e-13
415,415,3.798964e+12,1.949093e+06,6440861.1175,4441.3220,15,15,0.0055,49.9973,49.9973,1.46e-13
416,416,3.798969e+12,1.949094e+06,6440864.9316,4441.3220,15,15,0.0066,49.9967,49.9967,1.48e-13
417,417,3.798973e+12,1.949095e+06,6440868.2808,4441.3220,15,15,0.0063,49.9969,49.9969,9.29e-14
418,418,3.799045e+12,1.949114e+06,6440929.2233,4441.3220,15,15,0.0163,49.9919,49.9919,1.35e-13
419,419,3.799083e+12,1.949124e+06,6440961.3164,4441.3220,15,15,0.0176,49.9912,49.9912,9.23e-14
420,420,3.799130e+12,1.949136e+06,6441001.5958,4441.3220,15,15,0.0046,49.9977,49.9977,1.36e-13
421,421,3.799151e+12,1.949141e+06,6441019.2883,4441.3220,15,15,0.0053,49.9974,49.9974,1.52e-13
422,422,3.799155e+12,1.949142e+06,6441022.4207,4441.3220,15,15,0.0083,49.9958,49.9958,1.19e-13
423,423,3.799156e+12,1.949142e+06,6441023.6618,4441.3220,15,15,0.0052,49.9974,49.9974,1.60e-13
424,424,3.799521e+12,1.949236e+06,6441333.1593,4441.3220,15,15,0.0107,49.9947,49.9947,1.12e-13
425,425,3.799527e+12,1.949238e+06,6441338.0322,4441.3220,15,15,0.0107,49.9947,49.9947,9.67e-14
426,426,3.799556e+12,1.949245e+06,6441362.6215,4441.3220,15,15,0.0182,49.9909,49.9909,1.04e-13
427,427,3.799708e+12,1.949284e+06,6441491.1385,4441.3220,15,15,0.0141,49.9929,49.9929,1.05e-13
428,428,3.799735e+12,1.949291e+06,6441514.2788,4441.3220,15,15,0.0084,49.9958,49.9958,1.09e-13
429,429,3.799741e+12,1.949292e+06,6441519.2405,4441.3220,15,15,0.0085,49.9958,49.9958,1.01e-13
430,430,3.799742e+12,1.949293e+06,6441520.2769,4441.3220,15,15,0.0071,49.9964,49.9964,1.56e-13
431,431,3.799743e+12,1.949293e+06,6441520.7636,4441.3220,15,15,0.0071,49.9965,49.9965,8.88e-14
432,432,3.799759e+12,1.949297e+06,6441534.8743,4441.3220,15,15,0.0086,49.9957,49.9957,9.80e-14
433,433,3.799773e+12,1.949301e+06,6441546.3645,4441.3220,15,15,0.0080,49.9960,49.9960,1.17e-13
434,434,3.799777e+12,1.949302e+06,6441550.2167,4441.3220,15,15,0.0076,49.9962,49.9962,8.63e-14
435,435,3.799788e+12,1.949305e+06,6441559.3474,4441.3220,15,15,0.0113,49.9944,49.9944,8.39e-14
436,436,3.799851e+12,1.949321e+06,6441612.5159,4441.3220,15,15,0.0177,49.9912,49.9912,1.04e-13
437,437,3.799862e+12,1.949323e+06,6441621.6768,4441.3220,15,15,0.0106,49.9947,49.9947,1.08e-13
438,438,3.799863e+12,1.949324e+06,6441622.8243,4441.3220,15,15,0.0195,49.9902,49.9902,1.27e-13
439,439,3.799891e+12,1.949331e+06,6441646.4400,4441.3220,15,15,0.0091,49.9955,49.9955,9.75e-14
440,440,3.799923e+12,1.949339e+06,6441673.4709,4441.3220,15,15,0.0104,49.9948,49.9948,1.07e-13
441,441,3.799939e+12,1.949343e+06,6441687.5339,4441.3220,15,15,0.0127,49.9936,49.9936,9.33e-14
442,442,3.802804e+12,1.950078e+06,6444115.5198,4441.3220,15,15,0.0042,49.9979,49.9979,1.95e-13
443,443,3.802822e+12,1.950083e+06,6444130.4326,4441.3220,15,15,0.0039,49.9980,49.9980,2.27e-13
444,444,3.803107e+12,1.950156e+06,6444371.4985,4441.3220,15,15,0.0060,49.9970,49.9970,1.28e-13
445,445,3.803136e+12,1.950163e+06,6444396.1969,4441.3220,15,15,0.0055,49.9972,49.9972,1.56e-13
446,446,3.804007e+12,1.950386e+06,6445134.7058,4441.3220,15,15,0.0028,49.9986,49.9986,2.87e-13
447,447,3.804030e+12,1.950392e+06,6445153.9683,4441.3220,15,15,0.0034,49.9983,49.9983,2.88e-13
448,448,3.804193e+12,1.950434e+06,6445292.2002,4441.3220,15,15,0.0030,49.9985,49.9985,2.81e-13
449,449,3.804196e+12,1.950435e+06,6445294.3262,4441.3220,15,15,0.0030,49.9985,49.9985,2.95e-13
450,450,3.805568e+12,1.950787e+06,6446456.7108,4441.3220,15,15,0.0039,49.9981,49.9981,2.22e-13
451,451,3.805675e+12,1.950814e+06,6446547.0413,4441.3220,15,15,0.0058,49.9971,49.9971,1.57e-13
452,452,3.805797e+12,1.950845e+06,6446650.4867,4441.3220,15,15,0.0067,49.9967,49.9967,1.60e-13
453,453,3.805876e+12,1.950866e+06,6446717.8357,4441.3220,15,15,0.0081,49.9960,49.9960,1.31e-13
454,454,3.806217e+12,1.950953e+06,6447006.4091,4441.3220,15,15,0.0030,49.9985,49.9985,1.97e-13
455,455,3.806295e+12,1.950973e+06,6447072.1240,4441.3220,15,15,0.0048,49.9976,49.9976,2.78e-13
456,456,3.806935e+12,1.951137e+06,6447614.6364,4441.3220,15,15,0.0027,49.9987,49.9987,3.13e-13
457,457,3.806979e+12,1.951148e+06,6447651.3426,4441.3220,15,15,0.0025,49.9988,49.9988,3.14e-13
458,458,3.807087e+12,1.951176e+06,6447742.8887,4441.3220,15,15,0.0059,49.9970,49.9970,1.58e-13
459,459,3.807140e+12,1.951189e+06,6447787.9982,4441.3220,15,15,0.0063,49.9969,49.9969,1.59e-13
460,460,3.807986e+12,1.951406e+06,6448504.1421,4441.3220,15,15,0.0010,49.9995,49.9995,3.83e-13
461,461,3.808302e+12,1.951487e+06,6448771.7058,4441.3220,15,15,0.0029,49.9986,49.9986,3.08e-13
462,462,3.808312e+12,1.951490e+06,6448780.4255,4441.3220,15,15,0.0031,49.9985,49.9985,3.01e-13
463,463,3.808315e+12,1.951491e+06,6448782.9943,4441.3220,15,15,0.0049,49.9975,49.9975,2.80e-13
464,464,3.808614e+12,1.951567e+06,6449036.2405,4441.3220,15,15,0.0044,49.9978,49.9978,1.53e-13
465,465,3.808627e+12,1.951570e+06,6449046.8191,4441.3220,15,15,0.0046,49.9977,49.9977,1.58e-13
466,466,3.808912e+12,1.951643e+06,6449288.3794,4441.3220,15,15,0.0045,49.9978,49.9978,1.68e-13
467,467,3.809176e+12,1.951711e+06,6449511.7804,4441.3220,15,15,0.0048,49.9976,49.9976,1.92e-13
468,468,3.809186e+12,1.951714e+06,6449520.4129,4441.3220,15,15,0.0016,49.9992,49.9992,3.39e-13
469,469,3.809250e+12,1.951730e+06,6449574.2253,4441.3220,15,15,0.0056,49.9972,49.9972,1.45e-13
470,470,3.809834e+12,1.951880e+06,6450068.8763,4441.3220,15,15,0.0041,49.9980,49.9980,1.52e-13
471,471,3.809852e+12,1.951884e+06,6450083.9268,4441.3220,15,15,0.0039,49.9980,49.9980,1.73e-13
472,472,3.810328e+12,1.952006e+06,6450486.5292,4441.3220,15,15,0.0007,49.9997,49.9997,3.74e-13
473,473,3.810328e+12,1.952006e+06,6450486.7630,4441.3220,15,15,0.0007,49.9996,49.9996,5.00e-13
474,474,3.810447e+12,1.952037e+06,6450587.5549,4441.3220,15,15,0.0001,49.9999,49.9999,1.26e-12
475,475,3.810448e+12,1.952037e+06,6450588.4260,4441.3220,15,15,0.0001,50.0000,50.0000,1.19e-12
476,476,3.810449e+12,1.952037e+06,6450589.0021,4441.3220,15,15,0.0004,49.9998,49.9998,4.83e-13
477,477,3.810462e+12,1.952041e+06,6450600.5587,4441.3220,15,15,0.0004,49.9998,49.9998,6.61e-13
478,478,3.810470e+12,1.952043e+06,6450607.4549,4441.3220,15,15,0.0001,50.0000,50.0000,1.07e-12
479,479,3.810471e+12,1.952043e+06,6450608.2747,4441.3220,15,15,0.0001,50.0000,50.0000,8.12e-13
480,480,3.810485e+12,1.952046e+06,6450619.9320,4441.3220,15,15,0.0006,49.9997,49.9997,5.57e-13
481,481,3.810491e+12,1.952048e+06,6450625.2926,4441.3220,15,15,0.0006,49.9997,49.9997,4.58e-13
482,482,3.810724e+12,1.952107e+06,6450821.7323,4441.3220,15,15,0.0041,49.9979,49.9979,2.79e-13
483,483,3.810811e+12,1.952130e+06,6450895.7963,4441.3220,15,15,0.0069,49.9966,49.9966,1.34e-13
484,484,3.811002e+12,1.952179e+06,6451057.2081,4441.3220,15,15,0.0064,49.9968,49.9968,1.50e-13
485,485,3.811117e+12,1.952208e+06,6451154.6356,4441.3220,15,15,0.0066,49.9967,49.9967,1.32e-13
486,486,3.811167e+12,1.952221e+06,6451197.0400,4441.3220,15,15,0.0037,49.9981,49.9981,1.94e-13
487,487,3.811202e+12,1.952230e+06,6451226.6947,4441.3220,15,15,0.0040,49.9980,49.9980,1.80e-13
488,488,3.811208e+12,1.952232e+06,6451231.6862,4441.3220,15,15,0.0035,49.9982,49.9982,2.80e-13
489,489,3.811237e+12,1.952239e+06,6451256.3155,4441.3220,15,15,0.0044,49.9978,49.9978,1.28e-13
490,490,3.811553e+12,1.952320e+06,6451523.3338,4441.3220,15,15,0.0050,49.9975,49.9975,1.04e-13
491,491,3.811577e+12,1.952326e+06,6451543.7647,4441.3220,15,15,0.0050,49.9975,49.9975,1.38e-13
492,492,3.811621e+12,1.952337e+06,6451581.5896,4441.3220,15,15,0.0068,49.9966,49.9966,1.52e-13
493,493,3.811684e+12,1.952353e+06,6451634.4456,4441.3220,15,15,0.0058,49.9971,49.9971,1.02e-13
494,494,3.811691e+12,1.952355e+06,6451640.2628,4441.3220,15,15,0.0055,49.9972,49.9972,1.64e-13
495,495,3.811700e+12,1.952358e+06,6451648.0073,4441.3220,15,15,0.0066,49.9967,49.9967,1.32e-13
496,496,3.811703e+12,1.952358e+06,6451650.3724,4441.3220,15,15,0.0055,49.9972,49.9972,9.58e-14
497,497,3.811710e+12,1.952360e+06,6451656.8341,4441.3220,15,15,0.0057,49.9972,49.9972,1.26e-13
498,498,3.811711e+12,1.952360e+06,6451657.3398,4441.3220,15,15,0.0056,49.9972,49.9972,1.38e-13
499,499,3.811732e+12,1.952366e+06,6451675.1679,4441.3220,15,15,0.0126,49.9937,49.9937,1.46e-13
500,500,3.811761e+12,1.952373e+06,6451699.9520,4441.3220,15,15,0.0124,49.9938,49.9938,1.14e-13
501,501,3.811831e+12,1.952391e+06,6451758.8139,4441.3220,15,15,0.0063,49.9968,49.9968,1.59e-13
502,502,3.811852e+12,1.952397e+06,6451777.2021,4441.3220,15,15,0.0069,49.9965,49.9965,1.07e-13
503,503,3.811891e+12,1.952406e+06,6451809.7766,4441.3220,15,15,0.0066,49.9967,49.9967,1.59e-13
504,504,3.811951e+12,1.952422e+06,6451860.4547,4441.3220,15,15,0.0176,49.9912,49.9912,1.04e-13
505,505,3.812020e+12,1.952439e+06,6451918.5835,4441.3220,15,15,0.0060,49.9970,49.9970,2.05e-13
506,506,3.812227e+12,1.952493e+06,6452094.2744,4441.3220,15,15,0.0032,49.9984,49.9984,2.17e-13
507,507,3.812438e+12,1.952547e+06,6452272.9680,4441.3220,15,15,0.0117,49.9941,49.9941,1.14e-13
508,508,3.812697e+12,1.952613e+06,6452492.2225,4441.3220,15,15,0.0106,49.9947,49.9947,8.85e-14
509,509,3.812774e+12,1.952633e+06,6452557.2845,4441.3220,15,15,0.0144,49.9928,49.9928,1.19e-13
510,510,3.813245e+12,1.952753e+06,6452955.9465,4441.3220,15,15,0.0009,49.9996,49.9996,2.81e-13
511,511,3.813246e+12,1.952753e+06,6452956.4597,4441.3220,15,15,0.0009,49.9996,49.9996,3.47e-13
512,512,3.813263e+12,1.952758e+06,6452970.5534,4441.3220,15,15,0.0003,49.9999,49.9999,6.93e-13
513,513,3.813267e+12,1.952759e+06,6452973.7916,4441.3220,15,15,0.0003,49.9998,49.9998,4.14e-13
514,514,3.813297e+12,1.952766e+06,6452999.4552,4441.3220,15,15,0.0004,49.9998,49.9998,5.38e-13
515,515,3.813298e+12,1.952767e+06,6453000.6654,4441.3220,15,15,0.0004,49.9998,49.9998,4.28e-13
516,516,3.813371e+12,1.952786e+06,6453062.4153,4441.3220,15,15,0.0010,49.9995,49.9995,3.24e-13
517,517,3.813376e+12,1.952787e+06,6453066.0197,4441.3220,15,15,0.0012,49.9994,49.9994,2.64e-13
518,518,3.813381e+12,1.952788e+06,6453070.4489,4441.3220,15,15,0.0017,49.9992,49.9992,3.04e-13
519,519,3.813434e+12,1.952802e+06,6453115.5730,4441.3220,15,15,0.0016,49.9992,49.9992,2.32e-13
520,520,3.813965e+12,1.952937e+06,6453564.4838,4441.3220,15,15,0.0148,49.9926,49.9926,1.30e-13
521,521,3.813979e+12,1.952941e+06,6453576.9930,4441.3220,15,15,0.0081,49.9960,49.9960,1.33e-13
522,522,3.813999e+12,1.952946e+06,6453593.9062,4441.3220,15,15,0.0079,49.9961,49.9961,8.50e-14
523,523,3.814013e+12,1.952950e+06,6453605.3827,4441.3220,15,15,0.0150,49.9925,49.9925,1.05e-13
524,524,3.814214e+12,1.953001e+06,6453775.6342,4441.3220,15,15,0.0170,49.9915,49.9915,1.25e-13
525,525,3.814329e+12,1.953031e+06,6453872.4160,4441.3220,15,15,0.0080,49.9960,49.9960,1.08e-13
526,526,3.814352e+12,1.953037e+06,6453892.5456,4441.3220,15,15,0.0092,49.9954,49.9954,8.85e-14
527,527,3.814376e+12,1.953043e+06,6453912.7814,4441.3220,15,15,0.0077,49.9961,49.9961,1.11e-13
528,528,3.814408e+12,1.953051e+06,6453939.1850,4441.3220,15,15,0.0085,49.9958,49.9958,9.09e-14
529,529,3.814410e+12,1.953051e+06,6453941.1982,4441.3220,15,15,0.0070,49.9965,49.9965,1.09e-13
530,530,3.814413e+12,1.953052e+06,6453943.7164,4441.3220,15,15,0.0069,49.9965,49.9965,1.20e-13
531,531,3.814413e+12,1.953052e+06,6453944.1305,4441.3220,15,15,0.0125,49.9937,49.9937,9.26e-14
532,532,3.814418e+12,1.953054e+06,6453948.1809,4441.3220,15,15,0.0073,49.9964,49.9964,1.04e-13
533,533,3.814449e+12,1.953062e+06,6453974.5628,4441.3220,15,15,0.0075,49.9963,49.9963,1.05e-13
534,534,3.814451e+12,1.953062e+06,6453975.6579,4441.3220,15,15,0.0100,49.9950,49.9950,1.06e-13
535,535,3.814454e+12,1.953063e+06,6453978.1864,4441.3220,15,15,0.0083,49.9958,49.9958,1.16e-13
536,536,3.814454e+12,1.953063e+06,6453978.5084,4441.3220,15,15,0.0084,49.9958,49.9958,8.91e-14
537,537,3.814484e+12,1.953070e+06,6454003.3982,4441.3220,15,15,0.0101,49.9950,49.9950,1.14e-13
538,538,3.817920e+12,1.953950e+06,6456910.1349,4441.3220,15,15,0.0033,49.9983,49.9983,1.98e-13
539,539,3.817922e+12,1.953950e+06,6456911.6940,4441.3220,15,15,0.0033,49.9984,49.9984,2.65e-13
540,540,3.818359e+12,1.954062e+06,6457281.5531,4441.3220,15,15,0.0044,49.9978,49.9978,1.30e-13
541,541,3.818473e+12,1.954091e+06,6457377.2204,4441.3220,15,15,0.0069,49.9966,49.9966,1.95e-13
542,542,3.819096e+12,1.954251e+06,6457904.3654,4441.3220,15,15,0.0019,49.9991,49.9991,3.64e-13
543,543,3.819128e+12,1.954259e+06,6457930.9864,4441.3220,15,15,0.0027,49.9987,49.9987,2.67e-13
544,544,3.819302e+12,1.954303e+06,6458078.1757,4441.3220,15,15,0.0027,49.9987,49.9987,3.02e-13
545,545,3.819308e+12,1.954305e+06,6458083.8949,4441.3220,15,15,0.0030,49.9985,49.9985,2.46e-13
546,546,3.820234e+12,1.954542e+06,6458866.6571,4441.3220,15,15,0.0033,49.9984,49.9984,1.72e-13
547,547,3.820389e+12,1.954581e+06,6458997.1832,4441.3220,15,15,0.0074,49.9963,49.9963,1.23e-13
548,548,3.820452e+12,1.954598e+06,6459050.8164,4441.3220,15,15,0.0060,49.9970,49.9970,1.35e-13
549,549,3.820537e+12,1.954619e+06,6459122.7856,4441.3220,15,15,0.0084,49.9958,49.9958,7.84e-14
550,550,3.821702e+12,1.954917e+06,6460107.2789,4441.3220,15,15,0.0040,49.9980,49.9980,2.56e-13
551,551,3.821726e+12,1.954923e+06,6460127.2477,4441.3220,15,15,0.0040,49.9980,49.9980,1.90e-13
552,552,3.821778e+12,1.954937e+06,6460171.8682,4441.3220,15,15,0.0062,49.9969,49.9969,1.52e-13
553,553,3.821794e+12,1.954941e+06,6460184.8859,4441.3220,15,15,0.0059,49.9970,49.9970,1.13e-13
554,554,3.823437e+12,1.955361e+06,6461573.7172,4441.3220,15,15,0.0023,49.9988,49.9988,2.34e-13
555,555,3.823456e+12,1.955366e+06,6461589.9382,4441.3220,15,15,0.0023,49.9989,49.9989,2.90e-13
556,556,3.823787e+12,1.955451e+06,6461869.4555,4441.3220,15,15,0.0036,49.9982,49.9982,1.83e-13
557,557,3.823795e+12,1.955453e+06,6461876.3775,4441.3220,15,15,0.0042,49.9979,49.9979,1.26e-13
558,558,3.824352e+12,1.955595e+06,6462346.3573,4441.3220,15,15,0.0013,49.9994,49.9994,2.34e-13
559,559,3.824368e+12,1.955599e+06,6462360.2454,4441.3220,15,15,0.0016,49.9992,49.9992,3.22e-13
560,560,3.824964e+12,1.955752e+06,6462863.7431,4441.3220,15,15,0.0024,49.9988,49.9988,2.07e-13
561,561,3.825020e+12,1.955766e+06,6462910.7045,4441.3220,15,15,0.0037,49.9982,49.9982,1.58e-13
562,562,3.825463e+12,1.955879e+06,6463285.1105,4441.3220,15,15,0.0007,49.9997,49.9997,3.67e-13
563,563,3.825484e+12,1.955885e+06,6463303.1857,4441.3220,15,15,0.0006,49.9997,49.9997,4.14e-13
564,564,3.825593e+12,1.955912e+06,6463394.9293,4441.3220,15,15,0.0006,49.9997,49.9997,3.68e-13
565,565,3.825602e+12,1.955914e+06,6463402.2349,4441.3220,15,15,0.0005,49.9997,49.9997,5.18e-13
566,566,3.825602e+12,1.955915e+06,6463402.2632,4441.3220,15,15,0.0001,50.0000,50.0000,8.97e-13
567,567,3.825602e+12,1.955915e+06,6463402.8265,4441.3220,15,15,0.0001,50.0000,50.0000,1.52e-12
568,568,3.825627e+12,1.955921e+06,6463423.7874,4441.3220,15,15,0.0001,50.0000,50.0000,5.88e-13
569,569,3.825628e+12,1.955921e+06,6463424.4977,4441.3220,15,15,0.0001,50.0000,50.0000,8.82e-13
570,570,3.825638e+12,1.955924e+06,6463433.3388,4441.3220,15,15,0.0004,49.9998,49.9998,4.69e-13
571,571,3.825645e+12,1.955926e+06,6463439.0958,4441.3220,15,15,0.0004,49.9998,49.9998,5.66e-13
572,572,3.825827e+12,1.955972e+06,6463593.0334,4441.3220,15,15,0.0044,49.9978,49.9978,1.40e-13
573,573,3.825878e+12,1.955985e+06,6463635.4581,4441.3220,15,15,0.0055,49.9972,49.9972,1.45e-13
574,574,3.826005e+12,1.956018e+06,6463743.3136,4441.3220,15,15,0.0045,49.9977,49.9977,1.59e-13
575,575,3.826011e+12,1.956019e+06,6463748.2508,4441.3220,15,15,0.0050,49.9975,49.9975,1.41e-13
576,576,3.826339e+12,1.956103e+06,6464025.1999,4441.3220,15,15,0.0026,49.9987,49.9987,1.40e-13
577,577,3.826342e+12,1.956104e+06,6464028.1322,4441.3220,15,15,0.0027,49.9986,49.9986,1.80e-13
578,578,3.826588e+12,1.956167e+06,6464235.7128,4441.3220,15,15,0.0055,49.9973,49.9973,1.54e-13
579,579,3.826658e+12,1.956185e+06,6464294.7021,4441.3220,15,15,0.0048,49.9976,49.9976,1.24e-13
580,580,3.826659e+12,1.956185e+06,6464295.3354,4441.3220,15,15,0.0045,49.9977,49.9977,1.29e-13
581,581,3.826725e+12,1.956202e+06,6464350.8276,4441.3220,15,15,0.0033,49.9983,49.9983,1.38e-13
582,582,3.826735e+12,1.956204e+06,6464359.4061,4441.3220,15,15,0.0091,49.9955,49.9955,1.08e-13
583,583,3.826743e+12,1.956206e+06,6464366.8526,4441.3220,15,15,0.0059,49.9970,49.9970,1.52e-13
584,584,3.826772e+12,1.956214e+06,6464391.1640,4441.3220,15,15,0.0033,49.9983,49.9983,1.08e-13
585,585,3.826785e+12,1.956217e+06,6464401.6262,4441.3220,15,15,0.0037,49.9981,49.9981,1.72e-13
586,586,3.826791e+12,1.956218e+06,6464406.7285,4441.3220,15,15,0.0038,49.9981,49.9981,1.48e-13
587,587,3.826791e+12,1.956219e+06,6464407.3745,4441.3220,15,15,0.0038,49.9981,49.9981,1.03e-13
588,588,3.826794e+12,1.956219e+06,6464409.9105,4441.3220,15,15,0.0049,49.9975,49.9975,8.63e-14
589,589,3.826820e+12,1.956226e+06,6464431.7350,4441.3220,15,15,0.0043,49.9978,49.9978,1.80e-13
590,590,3.826973e+12,1.956265e+06,6464560.6965,4441.3220,15,15,0.0071,49.9964,49.9964,1.30e-13
591,591,3.827000e+12,1.956272e+06,6464583.8795,4441.3220,15,15,0.0040,49.9980,49.9980,2.06e-13
592,592,3.827224e+12,1.956329e+06,6464772.3934,4441.3220,15,15,0.0059,49.9971,49.9971,1.15e-13
593,593,3.827281e+12,1.956344e+06,6464820.8217,4441.3220,15,15,0.0069,49.9965,49.9965,1.40e-13
594,594,3.827418e+12,1.956379e+06,6464936.8607,4441.3220,15,15,0.0048,49.9976,49.9976,1.22e-13
595,595,3.827466e+12,1.956391e+06,6464976.8135,4441.3220,15,15,0.0186,49.9907,49.9907,1.12e-13
596,596,3.827519e+12,1.956405e+06,6465021.7109,4441.3220,15,15,0.0142,49.9929,49.9929,1.27e-13
597,597,3.827866e+12,1.956493e+06,6465315.0385,4441.3220,15,15,0.0197,49.9902,49.9902,1.06e-13
598,598,3.827985e+12,1.956524e+06,6465415.5671,4441.3220,15,15,0.0010,49.9995,49.9995,2.95e-13
599,599,3.827986e+12,1.956524e+06,6465416.3841,4441.3220,15,15,0.0009,49.9995,49.9995,2.37e-13
600,600,3.828005e+12,1.956529e+06,6465432.0523,4441.3220,15,15,0.0006,49.9997,49.9997,3.73e-13
601,601,3.828007e+12,1.956529e+06,6465434.3814,4441.3220,15,15,0.0008,49.9996,49.9996,2.22e-13
602,602,3.828032e+12,1.956536e+06,6465454.7075,4441.3220,15,15,0.0005,49.9997,49.9997,4.03e-13
603,603,3.828038e+12,1.956537e+06,6465460.3418,4441.3220,15,15,0.0005,49.9998,49.9998,2.88e-13
604,604,3.828098e+12,1.956552e+06,6465510.4177,4441.3220,15,15,0.0012,49.9994,49.9994,2.46e-13
605,605,3.828164e+12,1.956570e+06,6465566.8703,4441.3220,15,15,0.0018,49.9991,49.9991,2.75e-13
606,606,3.828170e+12,1.956571e+06,6465571.8173,4441.3220,15,15,0.0017,49.9992,49.9992,1.77e-13
607,607,3.828176e+12,1.956573e+06,6465576.6573,4441.3220,15,15,0.0026,49.9987,49.9987,1.81e-13
608,608,3.828463e+12,1.956646e+06,6465818.7748,4441.3220,15,15,0.0087,49.9957,49.9957,1.01e-13
609,609,3.828519e+12,1.956660e+06,6465866.4385,4441.3220,15,15,0.0131,49.9934,49.9934,1.13e-13
610,610,3.828553e+12,1.956669e+06,6465895.0380,4441.3220,15,15,0.0103,49.9948,49.9948,1.06e-13
611,611,3.828843e+12,1.956743e+06,6466139.7864,4441.3220,15,15,0.0102,49.9949,49.9949,1.16e-13
612,612,3.828846e+12,1.956744e+06,6466142.6321,4441.3220,15,15,0.0067,49.9967,49.9967,1.09e-13
613,613,3.828905e+12,1.956759e+06,6466192.5065,4441.3220,15,15,0.0105,49.9947,49.9947,9.52e-14
614,614,3.828930e+12,1.956765e+06,6466213.6344,4441.3220,15,15,0.0162,49.9919,49.9919,9.44e-14
615,615,3.829005e+12,1.956784e+06,6466276.4287,4441.3220,15,15,0.0100,49.9950,49.9950,8.07e-14
616,616,3.829055e+12,1.956797e+06,6466319.2042,4441.3220,15,15,0.0068,49.9966,49.9966,1.07e-13
617,617,3.829074e+12,1.956802e+06,6466335.0289,4441.3220,15,15,0.0064,49.9968,49.9968,7.05e-14
618,618,3.829074e+12,1.956802e+06,6466335.3672,4441.3220,15,15,0.0064,49.9968,49.9968,1.09e-13
619,619,3.829087e+12,1.956805e+06,6466345.8300,4441.3220,15,15,0.0064,49.9968,49.9968,1.13e-13
620,620,3.829094e+12,1.956807e+06,6466352.1862,4441.3220,15,15,0.0068,49.9966,49.9966,7.51e-14
621,621,3.829099e+12,1.956808e+06,6466356.1032,4441.3220,15,15,0.0064,49.9968,49.9968,8.84e-14
622,622,3.829103e+12,1.956809e+06,6466359.5230,4441.3220,15,15,0.0066,49.9967,49.9967,9.55e-14
623,623,3.829134e+12,1.956817e+06,6466385.7575,4441.3220,15,15,0.0069,49.9966,49.9966,1.01e-13
624,624,3.829177e+12,1.956828e+06,6466422.0074,4441.3220,15,15,0.0100,49.9950,49.9950,1.15e-13
625,625,3.829217e+12,1.956838e+06,6466455.3309,4441.3220,15,15,0.0112,49.9944,49.9944,1.02e-13
626,626,3.829911e+12,1.957016e+06,6467041.6846,4441.3220,15,15,0.0045,49.9977,49.9977,1.21e-13
627,627,3.830109e+12,1.957066e+06,6467208.8020,4441.3220,15,15,0.0103,49.9949,49.9949,1.42e-13
628,628,3.830813e+12,1.957246e+06,6467802.8467,4441.3220,15,15,0.0012,49.9994,49.9994,3.40e-13
629,629,3.830989e+12,1.957291e+06,6467951.5254,4441.3220,15,15,0.0055,49.9973,49.9973,2.25e-13
630,630,3.831515e+12,1.957426e+06,6468395.8461,4441.3220,15,15,0.0044,49.9978,49.9978,1.61e-13
631,631,3.831640e+12,1.957458e+06,6468501.4640,4441.3220,15,15,0.0075,49.9963,49.9963,8.02e-14
632,632,3.832541e+12,1.957688e+06,6469261.5150,4441.3220,15,15,0.0018,49.9991,49.9991,2.52e-13
633,633,3.832649e+12,1.957715e+06,6469352.5576,4441.3220,15,15,0.0047,49.9977,49.9977,1.19e-13
634,634,3.835405e+12,1.958419e+06,6471678.1985,4441.3220,15,15,0.0026,49.9987,49.9987,1.34e-13
635,635,3.835423e+12,1.958424e+06,6471693.6519,4441.3220,15,15,0.0028,49.9986,49.9986,1.59e-13
636,636,3.835496e+12,1.958442e+06,6471755.4654,4441.3220,15,15,0.0038,49.9981,49.9981,2.05e-13
637,637,3.835544e+12,1.958454e+06,6471795.5949,4441.3220,15,15,0.0057,49.9971,49.9971,1.44e-13
638,638,3.836188e+12,1.958619e+06,6472338.9790,4441.3220,15,15,0.0018,49.9991,49.9991,1.86e-13
639,639,3.836229e+12,1.958629e+06,6472373.5411,4441.3220,15,15,0.0022,49.9989,49.9989,1.83e-13
640,640,3.836436e+12,1.958682e+06,6472548.0429,4441.3220,15,15,0.0020,49.9990,49.9990,2.17e-13
641,641,3.836461e+12,1.958689e+06,6472569.2630,4441.3220,15,15,0.0027,49.9986,49.9986,2.30e-13
642,642,3.836859e+12,1.958790e+06,6472905.4879,4441.3220,15,15,0.0031,49.9984,49.9984,1.65e-13
643,643,3.836898e+12,1.958800e+06,6472937.7812,4441.3220,15,15,0.0037,49.9981,49.9981,1.65e-13
644,644,3.837042e+12,1.958837e+06,6473059.6070,4441.3220,15,15,0.0055,49.9973,49.9973,6.80e-14
645,645,3.837056e+12,1.958840e+06,6473071.1789,4441.3220,15,15,0.0054,49.9973,49.9973,1.20e-13
646,646,3.837450e+12,1.958941e+06,6473403.5889,4441.3220,15,15,0.0010,49.9995,49.9995,2.16e-13
647,647,3.837462e+12,1.958944e+06,6473413.9863,4441.3220,15,15,0.0008,49.9996,49.9996,3.03e-13
648,648,3.837533e+12,1.958962e+06,6473473.6092,4441.3220,15,15,0.0009,49.9996,49.9996,4.20e-13
649,649,3.837547e+12,1.958966e+06,6473485.5787,4441.3220,15,15,0.0001,50.0000,50.0000,8.06e-13
650,650,3.837557e+12,1.958968e+06,6473493.7385,4441.3220,15,15,0.0006,49.9997,49.9997,5.74e-13
651,651,3.837571e+12,1.958972e+06,6473505.8493,4441.3220,15,15,0.0002,49.9999,49.9999,7.32e-13
652,652,3.837571e+12,1.958972e+06,6473506.0317,4441.3220,15,15,0.0002,49.9999,49.9999,4.42e-13
653,653,3.837583e+12,1.958975e+06,6473516.1742,4441.3220,15,15,0.0006,49.9997,49.9997,3.40e-13
654,654,3.837584e+12,1.958975e+06,6473516.3175,4441.3220,15,15,0.0006,49.9997,49.9997,2.58e-13
655,655,3.837607e+12,1.958981e+06,6473536.2228,4441.3220,15,15,0.0007,49.9997,49.9997,2.84e-13
656,656,3.837632e+12,1.958987e+06,6473556.7403,4441.3220,15,15,0.0027,49.9987,49.9987,2.24e-13
657,657,3.837701e+12,1.959005e+06,6473615.0205,4441.3220,15,15,0.0016,49.9992,49.9992,2.17e-13
658,658,3.837829e+12,1.959038e+06,6473723.6452,4441.3220,15,15,0.0035,49.9983,49.9983,2.02e-13
659,659,3.838100e+12,1.959107e+06,6473951.5875,4441.3220,15,15,0.0049,49.9976,49.9976,1.02e-13
660,660,3.838202e+12,1.959133e+06,6474038.1828,4441.3220,15,15,0.0046,49.9977,49.9977,1.24e-13
661,661,3.838215e+12,1.959136e+06,6474049.1555,4441.3220,15,15,0.0061,49.9970,49.9970,9.58e-14
662,662,3.838268e+12,1.959150e+06,6474093.8975,4441.3220,15,15,0.0071,49.9965,49.9965,9.85e-14
663,663,3.838288e+12,1.959155e+06,6474110.5876,4441.3220,15,15,0.0035,49.9982,49.9982,1.70e-13
664,664,3.838333e+12,1.959166e+06,6474148.6147,4441.3220,15,15,0.0071,49.9964,49.9964,1.16e-13
665,665,3.838470e+12,1.959201e+06,6474263.9230,4441.3220,15,15,0.0085,49.9957,49.9957,1.35e-13
666,666,3.838474e+12,1.959202e+06,6474267.1324,4441.3220,15,15,0.0043,49.9978,49.9978,1.32e-13
667,667,3.838481e+12,1.959204e+06,6474273.0886,4441.3220,15,15,0.0039,49.9980,49.9980,8.53e-14
668,668,3.838513e+12,1.959212e+06,6474300.3640,4441.3220,15,15,0.0038,49.9981,49.9981,1.03e-13
669,669,3.838518e+12,1.959214e+06,6474304.0013,4441.3220,15,15,0.0040,49.9980,49.9980,1.44e-13
670,670,3.838525e+12,1.959215e+06,6474310.1761,4441.3220,15,15,0.0046,49.9977,49.9977,1.31e-13
671,671,3.838527e+12,1.959216e+06,6474311.9827,4441.3220,15,15,0.0046,49.9977,49.9977,7.61e-14
672,672,3.838528e+12,1.959216e+06,6474312.9771,4441.3220,15,15,0.0045,49.9977,49.9977,8.55e-14
673,673,3.838538e+12,1.959219e+06,6474321.1739,4441.3220,15,15,0.0044,49.9978,49.9978,1.12e-13
674,674,3.838559e+12,1.959224e+06,6474339.1170,4441.3220,15,15,0.0112,49.9944,49.9944,1.15e-13
675,675,3.838601e+12,1.959235e+06,6474374.5659,4441.3220,15,15,0.0035,49.9983,49.9983,9.74e-14
676,676,3.838623e+12,1.959240e+06,6474392.5453,4441.3220,15,15,0.0093,49.9954,49.9954,1.09e-13
677,677,3.838932e+12,1.959319e+06,6474653.0666,4441.3220,15,15,0.0003,49.9998,49.9998,2.62e-13
678,678,3.838932e+12,1.959319e+06,6474653.1424,4441.3220,15,15,0.0003,49.9998,49.9998,4.28e-13
679,679,3.838963e+12,1.959327e+06,6474679.5969,4441.3220,15,15,0.0016,49.9992,49.9992,1.27e-13
680,680,3.838968e+12,1.959328e+06,6474683.7728,4441.3220,15,15,0.0017,49.9991,49.9991,1.87e-13
681,681,3.838979e+12,1.959331e+06,6474693.0321,4441.3220,15,15,0.0009,49.9995,49.9995,2.87e-13
682,682,3.838987e+12,1.959333e+06,6474699.6509,4441.3220,15,15,0.0008,49.9996,49.9996,1.80e-13
683,683,3.839026e+12,1.959343e+06,6474732.6927,4441.3220,15,15,0.0212,49.9894,49.9894,7.93e-14
684,684,3.839057e+12,1.959351e+06,6474758.9383,4441.3220,15,15,0.0020,49.9990,49.9990,1.64e-13
685,685,3.839082e+12,1.959358e+06,6474779.9874,4441.3220,15,15,0.0023,49.9989,49.9989,1.45e-13
686,686,3.839086e+12,1.959359e+06,6474783.2099,4441.3220,15,15,0.0026,49.9987,49.9987,1.82e-13
687,687,3.839114e+12,1.959366e+06,6474807.3121,4441.3220,15,15,0.0022,49.9989,49.9989,1.33e-13
688,688,3.839556e+12,1.959478e+06,6475179.3152,4441.3220,15,15,0.0061,49.9970,49.9970,1.08e-13
689,689,3.839569e+12,1.959482e+06,6475190.7751,4441.3220,15,15,0.0059,49.9971,49.9971,8.16e-14
690,690,3.839814e+12,1.959544e+06,6475397.5639,4441.3220,15,15,0.0062,49.9969,49.9969,1.24e-13
691,691,3.839823e+12,1.959547e+06,6475404.6365,4441.3220,15,15,0.0049,49.9976,49.9976,1.07e-13
692,692,3.839856e+12,1.959555e+06,6475432.2410,4441.3220,15,15,0.0040,49.9980,49.9980,8.61e-14
693,693,3.839858e+12,1.959556e+06,6475434.2611,4441.3220,15,15,0.0041,49.9980,49.9980,1.27e-13
694,694,3.839866e+12,1.959558e+06,6475441.0177,4441.3220,15,15,0.0064,49.9968,49.9968,1.13e-13
695,695,3.839876e+12,1.959560e+06,6475449.8773,4441.3220,15,15,0.0041,49.9980,49.9980,9.62e-14
696,696,3.839878e+12,1.959561e+06,6475450.9160,4441.3220,15,15,0.0042,49.9979,49.9979,1.46e-13
697,697,3.839881e+12,1.959561e+06,6475453.6561,4441.3220,15,15,0.0092,49.9954,49.9954,1.27e-13
698,698,3.839883e+12,1.959562e+06,6475455.1949,4441.3220,15,15,0.0042,49.9979,49.9979,8.20e-14
699,699,3.839983e+12,1.959587e+06,6475539.6192,4441.3220,15,15,0.0060,49.9970,49.9970,9.36e-14
700,700,3.839989e+12,1.959589e+06,6475545.0223,4441.3220,15,15,0.0056,49.9972,49.9972,1.12e-13
701,701,3.840008e+12,1.959594e+06,6475561.1488,4441.3220,15,15,0.0098,49.9951,49.9951,1.14e-13
702,702,3.840076e+12,1.959611e+06,6475618.4510,4441.3220,15,15,0.0077,49.9961,49.9961,7.85e-14
703,703,3.840089e+12,1.959614e+06,6475628.9196,4441.3220,15,15,0.0139,49.9931,49.9931,1.23e-13
704,704,3.840132e+12,1.959625e+06,6475665.0632,4441.3220,15,15,0.0145,49.9927,49.9927,1.12e-13
705,705,3.840221e+12,1.959648e+06,6475740.7049,4441.3220,15,15,0.0183,49.9908,49.9908,1.27e-13
706,706,3.841044e+12,1.959858e+06,6476434.4749,4441.3220,15,15,0.0020,49.9990,49.9990,1.34e-13
707,707,3.841167e+12,1.959890e+06,6476537.8927,4441.3220,15,15,0.0057,49.9971,49.9971,1.53e-13
708,708,3.841805e+12,1.960052e+06,6477075.6783,4441.3220,15,15,0.0020,49.9990,49.9990,3.43e-13
709,709,3.842106e+12,1.960129e+06,6477329.3562,4441.3220,15,15,0.0025,49.9988,49.9988,2.42e-13
710,710,3.842147e+12,1.960139e+06,6477363.6493,4441.3220,15,15,0.0032,49.9984,49.9984,1.05e-13
711,711,3.842629e+12,1.960262e+06,6477770.3771,4441.3220,15,15,0.0050,49.9975,49.9975,7.72e-14
712,712,3.843069e+12,1.960375e+06,6478141.0718,4441.3220,15,15,0.0008,49.9996,49.9996,1.66e-13
713,713,3.843077e+12,1.960377e+06,6478147.6798,4441.3220,15,15,0.0010,49.9995,49.9995,2.23e-13
714,714,3.843117e+12,1.960387e+06,6478181.5436,4441.3220,15,15,0.0018,49.9991,49.9991,1.31e-13
715,715,3.843148e+12,1.960395e+06,6478208.1363,4441.3220,15,15,0.0020,49.9990,49.9990,2.06e-13
716,716,3.843163e+12,1.960399e+06,6478220.6423,4441.3220,15,15,0.0002,49.9999,49.9999,3.40e-13
717,717,3.843163e+12,1.960399e+06,6478220.6541,4441.3220,15,15,0.0009,49.9995,49.9995,3.16e-13
718,718,3.843178e+12,1.960402e+06,6478232.8286,4441.3220,15,15,0.0004,49.9998,49.9998,4.70e-13
719,719,3.843181e+12,1.960403e+06,6478235.2245,4441.3220,15,15,0.0004,49.9998,49.9998,3.63e-13
720,720,3.843191e+12,1.960406e+06,6478244.3213,4441.3220,15,15,0.0004,49.9998,49.9998,2.10e-13
721,721,3.843192e+12,1.960406e+06,6478245.0937,4441.3220,15,15,0.0004,49.9998,49.9998,3.46e-13
722,722,3.843220e+12,1.960413e+06,6478268.6419,4441.3220,15,15,0.0008,49.9996,49.9996,3.06e-13
723,723,3.843248e+12,1.960420e+06,6478292.1802,4441.3220,15,15,0.0015,49.9993,49.9993,1.92e-13
724,724,3.843653e+12,1.960524e+06,6478633.2173,4441.3220,15,15,0.0026,49.9987,49.9987,1.70e-13
725,725,3.843692e+12,1.960534e+06,6478666.1544,4441.3220,15,15,0.0034,49.9983,49.9983,1.12e-13
726,726,3.843858e+12,1.960576e+06,6478805.7819,4441.3220,15,15,0.0025,49.9987,49.9987,1.80e-13
727,727,3.843878e+12,1.960581e+06,6478823.2868,4441.3220,15,15,0.0013,49.9993,49.9993,1.69e-13
728,728,3.843994e+12,1.960611e+06,6478920.8850,4441.3220,15,15,0.0072,49.9964,49.9964,2.04e-13
729,729,3.844012e+12,1.960615e+06,6478936.1517,4441.3220,15,15,0.0019,49.9991,49.9991,1.64e-13
730,730,3.844013e+12,1.960616e+06,6478937.0151,4441.3220,15,15,0.0020,49.9990,49.9990,9.95e-14
731,731,3.844027e+12,1.960619e+06,6478948.8995,4441.3220,15,15,0.0022,49.9989,49.9989,1.37e-13
732,732,3.844030e+12,1.960620e+06,6478950.9688,4441.3220,15,15,0.0021,49.9989,49.9989,9.47e-14
733,733,3.844036e+12,1.960621e+06,6478956.2645,4441.3220,15,15,0.0022,49.9989,49.9989,1.36e-13
734,734,3.844036e+12,1.960621e+06,6478956.3282,4441.3220,15,15,0.0022,49.9989,49.9989,8.57e-14
735,735,3.844063e+12,1.960628e+06,6478979.2216,4441.3220,15,15,0.0026,49.9987,49.9987,1.74e-13
736,736,3.844064e+12,1.960628e+06,6478979.6575,4441.3220,15,15,0.0014,49.9993,49.9993,1.59e-13
737,737,3.844130e+12,1.960645e+06,6479035.0101,4441.3220,15,15,0.0049,49.9976,49.9976,1.38e-13
738,738,3.844178e+12,1.960658e+06,6479075.9545,4441.3220,15,15,0.0072,49.9964,49.9964,1.47e-13
739,739,3.844307e+12,1.960690e+06,6479184.5385,4441.3220,15,15,0.0126,49.9937,49.9937,7.60e-14
740,740,3.844407e+12,1.960716e+06,6479268.5532,4441.3220,15,15,0.0005,49.9997,49.9997,3.37e-13
741,741,3.844414e+12,1.960718e+06,6479274.4764,4441.3220,15,15,0.0003,49.9998,49.9998,3.19e-13
742,742,3.844434e+12,1.960723e+06,6479291.6447,4441.3220,15,15,0.0014,49.9993,49.9993,2.12e-13
743,743,3.844458e+12,1.960729e+06,6479312.1833,4441.3220,15,15,0.0013,49.9994,49.9994,1.64e-13
744,744,3.844461e+12,1.960730e+06,6479314.5866,4441.3220,15,15,0.0008,49.9996,49.9996,2.56e-13
745,745,3.844480e+12,1.960735e+06,6479330.5932,4441.3220,15,15,0.0019,49.9991,49.9991,1.19e-13
746,746,3.844483e+12,1.960735e+06,6479333.2572,4441.3220,15,15,0.0052,49.9974,49.9974,1.07e-13
747,747,3.844485e+12,1.960736e+06,6479334.5068,4441.3220,15,15,0.0024,49.9988,49.9988,1.73e-13
748,748,3.844559e+12,1.960755e+06,6479397.2622,4441.3220,15,15,0.0028,49.9986,49.9986,1.45e-13
749,749,3.844574e+12,1.960759e+06,6479409.9614,4441.3220,15,15,0.0035,49.9982,49.9982,1.20e-13
750,750,3.844660e+12,1.960781e+06,6479482.3875,4441.3220,15,15,0.0057,49.9972,49.9972,9.19e-14
751,751,3.844681e+12,1.960786e+06,6479499.6779,4441.3220,15,15,0.0041,49.9979,49.9979,9.33e-14
752,752,3.844848e+12,1.960828e+06,6479640.6390,4441.3220,15,15,0.0070,49.9965,49.9965,1.12e-13
753,753,3.844851e+12,1.960829e+06,6479643.3710,4441.3220,15,15,0.0070,49.9965,49.9965,9.16e-14
754,754,3.844909e+12,1.960844e+06,6479691.7441,4441.3220,15,15,0.0039,49.9980,49.9980,8.79e-14
755,755,3.844960e+12,1.960857e+06,6479735.2217,4441.3220,15,15,0.0084,49.9958,49.9958,1.05e-13
756,756,3.844969e+12,1.960859e+06,6479742.7309,4441.3220,15,15,0.0036,49.9982,49.9982,1.17e-13
757,757,3.845008e+12,1.960869e+06,6479775.4491,4441.3220,15,15,0.0055,49.9972,49.9972,1.02e-13
758,758,3.845009e+12,1.960869e+06,6479775.7352,4441.3220,15,15,0.0043,49.9979,49.9979,7.79e-14
759,759,3.845020e+12,1.960872e+06,6479785.5385,4441.3220,15,15,0.0036,49.9982,49.9982,7.11e-14
760,760,3.845022e+12,1.960873e+06,6479786.6581,4441.3220,15,15,0.0036,49.9982,49.9982,1.20e-13
761,761,3.845035e+12,1.960876e+06,6479797.6072,4441.3220,15,15,0.0032,49.9984,49.9984,1.18e-13
762,762,3.845039e+12,1.960877e+06,6479801.2714,4441.3220,15,15,0.0037,49.9981,49.9981,8.31e-14
763,763,3.845042e+12,1.960878e+06,6479803.5732,4441.3220,15,15,0.0039,49.9980,49.9980,1.06e-13
764,764,3.845046e+12,1.960879e+06,6479807.0828,4441.3220,15,15,0.0049,49.9975,49.9975,1.46e-13
765,765,3.845174e+12,1.960912e+06,6479915.3219,4441.3220,15,15,0.0113,49.9943,49.9943,8.46e-14
766,766,3.845185e+12,1.960914e+06,6479924.3929,4441.3220,15,15,0.0103,49.9949,49.9949,1.15e-13
767,767,3.845251e+12,1.960931e+06,6479979.8065,4441.3220,15,15,0.0063,49.9969,49.9969,1.02e-13
768,768,3.845278e+12,1.960938e+06,6480002.7445,4441.3220,15,15,0.0148,49.9926,49.9926,8.70e-14
769,769,3.845746e+12,1.961057e+06,6480396.8385,4441.3220,15,15,0.0017,49.9992,49.9992,1.23e-13
770,770,3.845759e+12,1.961061e+06,6480408.2948,4441.3220,15,15,0.0160,49.9920,49.9920,7.74e-14
771,771,3.845766e+12,1.961062e+06,6480413.8151,4441.3220,15,15,0.0021,49.9989,49.9989,1.81e-13
772,772,3.845788e+12,1.961068e+06,6480432.8357,4441.3220,15,15,0.0002,49.9999,49.9999,4.26e-13
773,773,3.845790e+12,1.961069e+06,6480433.8870,4441.3220,15,15,0.0002,49.9999,49.9999,7.26e-13
774,774,3.845809e+12,1.961074e+06,6480450.5215,4441.3220,15,15,0.0006,49.9997,49.9997,3.14e-13
775,775,3.845822e+12,1.961077e+06,6480460.7038,4441.3220,15,15,0.0007,49.9997,49.9997,2.19e-13
776,776,3.845836e+12,1.961080e+06,6480473.0267,4441.3220,15,15,0.0012,49.9994,49.9994,2.64e-13
777,777,3.845860e+12,1.961086e+06,6480492.9055,4441.3220,15,15,0.0003,49.9998,49.9998,6.11e-13
778,778,3.845872e+12,1.961089e+06,6480503.1953,4441.3220,15,15,0.0015,49.9992,49.9992,1.48e-13
779,779,3.845883e+12,1.961092e+06,6480512.2198,4441.3220,15,15,0.0019,49.9990,49.9990,1.02e-13
780,780,3.845890e+12,1.961094e+06,6480518.0307,4441.3220,15,15,0.0023,49.9988,49.9988,2.52e-13
781,781,3.846045e+12,1.961134e+06,6480648.7325,4441.3220,15,15,0.0006,49.9997,49.9997,2.06e-13
782,782,3.846048e+12,1.961134e+06,6480651.5997,4441.3220,15,15,0.0005,49.9998,49.9998,4.63e-13
783,783,3.846049e+12,1.961135e+06,6480652.0226,4441.3220,15,15,0.0005,49.9997,49.9997,4.15e-13
784,784,3.846052e+12,1.961135e+06,6480654.7324,4441.3220,15,15,0.0003,49.9998,49.9998,3.23e-13
785,785,3.846055e+12,1.961136e+06,6480657.6690,4441.3220,15,15,0.0009,49.9995,49.9995,3.70e-13
786,786,3.846058e+12,1.961137e+06,6480659.5339,4441.3220,15,15,0.0004,49.9998,49.9998,2.46e-13
787,787,3.846062e+12,1.961138e+06,6480663.6316,4441.3220,15,15,0.0001,49.9999,49.9999,4.07e-13
788,788,3.846063e+12,1.961138e+06,6480663.8194,4441.3220,15,15,0.0001,49.9999,49.9999,5.51e-13
789,789,3.846143e+12,1.961159e+06,6480731.6518,4441.3220,15,15,0.0014,49.9993,49.9993,1.68e-13
790,790,3.846143e+12,1.961159e+06,6480731.8147,4441.3220,15,15,0.0014,49.9993,49.9993,1.05e-13
791,791,3.846156e+12,1.961162e+06,6480742.6545,4441.3220,15,15,0.0006,49.9997,49.9997,2.39e-13
792,792,3.846157e+12,1.961162e+06,6480743.0494,4441.3220,15,15,0.0015,49.9993,49.9993,8.16e-14
793,793,3.846166e+12,1.961164e+06,6480750.8931,4441.3220,15,15,0.0009,49.9995,49.9995,2.00e-13
794,794,3.846167e+12,1.961165e+06,6480751.9731,4441.3220,15,15,0.0002,49.9999,49.9999,5.79e-13
795,795,3.846167e+12,1.961165e+06,6480752.0747,4441.3220,15,15,0.0002,49.9999,49.9999,4.06e-13
796,796,3.846168e+12,1.961165e+06,6480752.5454,4441.3220,15,15,0.0001,49.9999,49.9999,3.96e-13
797,797,3.846168e+12,1.961165e+06,6480752.5540,4441.3220,15,15,0.0001,49.9999,49.9999,5.96e-13
798,798,3.846175e+12,1.961167e+06,6480758.3836,4441.3220,15,15,0.0001,50.0000,50.0000,9.39e-13
799,799,3.846180e+12,1.961168e+06,6480762.9661,4441.3220,15,15,0.0005,49.9998,49.9998,2.28e-13
800,800,3.846199e+12,1.961173e+06,6480778.4229,4441.3220,15,15,0.0005,49.9997,49.9997,2.93e-13
801,801,3.846199e+12,1.961173e+06,6480778.8211,4441.3220,15,15,0.0005,49.9998,49.9998,2.47e-13
802,802,3.846204e+12,1.961174e+06,6480783.2240,4441.3220,15,15,0.0017,49.9992,49.9992,3.29e-13
803,803,3.846205e+12,1.961174e+06,6480783.5898,4441.3220,15,15,0.0006,49.9997,49.9997,2.75e-13
804,804,3.846205e+12,1.961174e+06,6480783.6108,4441.3220,15,15,0.0006,49.9997,49.9997,2.75e-13
805,805,3.846206e+12,1.961175e+06,6480784.6765,4441.3220,15,15,0.0010,49.9995,49.9995,2.12e-13
806,806,3.846207e+12,1.961175e+06,6480785.1984,4441.3220,15,15,0.0009,49.9996,49.9996,2.60e-13
807,807,3.846208e+12,1.961175e+06,6480786.2969,4441.3220,15,15,0.0020,49.9990,49.9990,1.22e-13
808,808,3.846209e+12,1.961175e+06,6480787.0586,4441.3220,15,15,0.0004,49.9998,49.9998,3.91e-13
809,809,3.846211e+12,1.961176e+06,6480788.6568,4441.3220,15,15,0.0005,49.9997,49.9997,3.22e-13
810,810,3.846211e+12,1.961176e+06,6480788.8821,4441.3220,15,15,0.0007,49.9997,49.9997,2.79e-13
811,811,3.846213e+12,1.961176e+06,6480790.1605,4441.3220,15,15,0.0002,49.9999,49.9999,5.91e-13
812,812,3.846213e+12,1.961176e+06,6480790.6958,4441.3220,15,15,0.0006,49.9997,49.9997,3.36e-13
813,813,3.846215e+12,1.961177e+06,6480792.4691,4441.3220,15,15,0.0008,49.9996,49.9996,3.34e-13
814,814,3.846220e+12,1.961178e+06,6480796.3430,4441.3220,15,15,0.0006,49.9997,49.9997,5.46e-13
815,815,3.846221e+12,1.961179e+06,6480797.4598,4441.3220,15,15,0.0011,49.9995,49.9995,1.55e-13
816,816,3.846221e+12,1.961179e+06,6480797.5967,4441.3220,15,15,0.0011,49.9994,49.9994,2.80e-13
817,817,3.846233e+12,1.961182e+06,6480807.3602,4441.3220,15,15,0.0007,49.9997,49.9997,1.69e-13
818,818,3.846233e+12,1.961182e+06,6480807.6325,4441.3220,15,15,0.0007,49.9997,49.9997,2.43e-13
819,819,3.846250e+12,1.961186e+06,6480821.3163,4441.3220,15,15,0.0008,49.9996,49.9996,1.58e-13
820,820,3.846260e+12,1.961188e+06,6480829.7417,4441.3220,15,15,0.0016,49.9992,49.9992,1.69e-13
821,821,3.846260e+12,1.961188e+06,6480829.7728,4441.3220,15,15,0.0015,49.9992,49.9992,1.14e-13
822,822,3.846282e+12,1.961194e+06,6480849.0439,4441.3220,15,15,0.0020,49.9990,49.9990,1.15e-13
823,823,3.846283e+12,1.961194e+06,6480849.8574,4441.3220,15,15,0.0020,49.9990,49.9990,1.66e-13
824,824,3.846298e+12,1.961198e+06,6480861.7973,4441.3220,15,15,0.0024,49.9988,49.9988,1.65e-13
825,825,3.846303e+12,1.961199e+06,6480866.3740,4441.3220,15,15,0.0011,49.9995,49.9995,1.58e-13
826,826,3.846303e+12,1.961199e+06,6480866.5640,4441.3220,15,15,0.0011,49.9995,49.9995,2.19e-13
827,827,3.846304e+12,1.961200e+06,6480866.8241,4441.3220,15,15,0.0019,49.9990,49.9990,1.08e-13
828,828,3.846315e+12,1.961202e+06,6480876.6467,4441.3220,15,15,0.0053,49.9974,49.9974,1.44e-13
829,829,3.846336e+12,1.961208e+06,6480894.1950,4441.3220,15,15,0.0036,49.9982,49.9982,1.30e-13
830,830,3.846353e+12,1.961212e+06,6480908.8311,4441.3220,15,15,0.0021,49.9989,49.9989,8.94e-14
831,831,3.846353e+12,1.961212e+06,6480908.8370,4441.3220,15,15,0.0022,49.9989,49.9989,1.76e-13
832,832,3.846362e+12,1.961214e+06,6480916.0083,4441.3220,15,15,0.0018,49.9991,49.9991,1.05e-13
833,833,3.846366e+12,1.961215e+06,6480919.1236,4441.3220,15,15,0.0021,49.9990,49.9990,1.59e-13
834,834,3.846367e+12,1.961216e+06,6480920.3832,4441.3220,15,15,0.0021,49.9989,49.9989,9.80e-14
835,835,3.846369e+12,1.961216e+06,6480922.1896,4441.3220,15,15,0.0024,49.9988,49.9988,9.23e-14
836,836,3.846372e+12,1.961217e+06,6480924.3965,4441.3220,15,15,0.0027,49.9987,49.9987,1.74e-13
837,837,3.846496e+12,1.961249e+06,6481029.2336,4441.3220,15,15,0.0031,49.9984,49.9984,1.48e-13
838,838,3.846501e+12,1.961250e+06,6481033.2330,4441.3220,15,15,0.0025,49.9988,49.9988,9.06e-14
839,839,3.846515e+12,1.961253e+06,6481044.5471,4441.3220,15,15,0.0032,49.9984,49.9984,9.50e-14
840,840,3.846520e+12,1.961255e+06,6481049.3800,4441.3220,15,15,0.0034,49.9983,49.9983,1.03e-13
841,841,3.846685e+12,1.961297e+06,6481187.7849,4441.3220,15,15,0.0070,49.9965,49.9965,1.25e-13
842,842,3.846779e+12,1.961321e+06,6481267.3726,4441.3220,15,15,0.0107,49.9946,49.9946,9.08e-14
843,843,3.846809e+12,1.961328e+06,6481292.3030,4441.3220,15,15,0.0115,49.9943,49.9943,6.87e-14
844,844,3.846836e+12,1.961335e+06,6481315.7968,4441.3220,15,15,0.0139,49.9930,49.9930,7.32e-14
845,845,3.846916e+12,1.961356e+06,6481382.5714,4441.3220,15,15,0.0137,49.9931,49.9931,7.95e-14
846,846,3.846943e+12,1.961363e+06,6481405.6534,4441.3220,15,15,0.0140,49.9930,49.9930,7.65e-14
847,847,3.846966e+12,1.961368e+06,6481424.6009,4441.3220,15,15,0.0128,49.9936,49.9936,7.22e-14
848,848,3.846967e+12,1.961369e+06,6481425.5559,4441.3220,15,15,0.0126,49.9937,49.9937,6.24e-14
849,849,3.846971e+12,1.961370e+06,6481429.4017,4441.3220,15,15,0.0127,49.9936,49.9936,5.22e-14
850,850,3.846977e+12,1.961371e+06,6481434.0109,4441.3220,15,15,0.0129,49.9936,49.9936,7.22e-14
851,851,3.846989e+12,1.961374e+06,6481443.8802,4441.3220,15,15,0.0128,49.9936,49.9936,6.47e-14
852,852,3.846998e+12,1.961377e+06,6481452.0980,4441.3220,15,15,0.0126,49.9937,49.9937,6.34e-14
853,853,3.847006e+12,1.961379e+06,6481458.9895,4441.3220,15,15,0.0131,49.9934,49.9934,6.73e-14
854,854,3.847041e+12,1.961387e+06,6481488.0034,4441.3220,15,15,0.0125,49.9937,49.9937,6.31e-14
855,855,3.847057e+12,1.961392e+06,6481501.7847,4441.3220,15,15,0.0139,49.9930,49.9930,7.39e-14
856,856,3.847114e+12,1.961406e+06,6481549.7060,4441.3220,15,15,0.0127,49.9936,49.9936,6.81e-14
857,857,3.847169e+12,1.961420e+06,6481595.8356,4441.3220,15,15,0.0125,49.9937,49.9937,6.39e-14
858,858,3.847184e+12,1.961424e+06,6481608.8667,4441.3220,15,15,0.0118,49.9941,49.9941,6.69e-14
859,859,3.847185e+12,1.961424e+06,6481609.0973,4441.3220,15,15,0.0118,49.9941,49.9941,6.45e-14
860,860,3.847202e+12,1.961429e+06,6481623.5699,4441.3220,15,15,0.0120,49.9940,49.9940,7.72e-14
861,861,3.847205e+12,1.961429e+06,6481626.3830,4441.3220,15,15,0.0120,49.9940,49.9940,5.45e-14
862,862,3.847220e+12,1.961433e+06,6481638.4909,4441.3220,15,15,0.0118,49.9941,49.9941,5.85e-14
863,863,3.847232e+12,1.961436e+06,6481648.5856,4441.3220,15,15,0.0123,49.9938,49.9938,6.73e-14
864,864,3.847501e+12,1.961505e+06,6481875.3769,4441.3220,15,15,0.0157,49.9921,49.9921,7.18e-14
865,865,3.847533e+12,1.961513e+06,6481902.6927,4441.3220,15,15,0.0144,49.9928,49.9928,8.47e-14
866,866,3.848018e+12,1.961636e+06,6482310.7561,4441.3220,15,15,0.0333,49.9834,49.9834,4.23e-14
867,867,3.848155e+12,1.961671e+06,6482426.0763,4441.3220,15,15,0.0360,49.9820,49.9820,7.73e-14
