index,omega_sq_real,omega_sq_imag,Omega,is_finite,is_positive,is_real_mode
1.0,39413.755354044566,0.0,65.60474132760274,1.0,1.0,1.0
2.0,56197.72743216566,0.0,78.33767826271398,1.0,1.0,1.0
3.0,110010.92987503289,0.0,109.60471496406343,1.0,1.0,1.0
4.0,143854.48261132775,0.0,125.33518859904025,1.0,1.0,1.0
5.0,148962.24114692322,0.0,127.54088259551921,1.0,1.0,1.0
6.0,273896.22623413196,0.0,172.94353964449556,1.0,1.0,1.0
7.0,288874.4063185907,0.0,177.6093611552896,1.0,1.0,1.0
8.0,297510.9252844952,0.0,180.24481418633627,1.0,1.0,1.0
9.0,405874.2287508322,0.0,210.52663912101687,1.0,1.0,1.0
10.0,481878.44952951,0.0,229.39295256965175,1.0,1.0,1.0
11.0,489566.3436872845,0.0,231.21558063991162,1.0,1.0,1.0
12.0,563208.5862080345,0.0,247.99672903874634,1.0,1.0,1.0
13.0,574476.1429053758,0.0,250.46515686870904,1.0,1.0,1.0
14.0,593622.7887418987,0.0,254.60480853788945,1.0,1.0,1.0
15.0,688949.8416495321,0.0,274.2869349935008,1.0,1.0,1.0
16.0,715587.9520389052,0.0,279.5392715928273,1.0,1.0,1.0
17.0,783069.4458165106,0.0,292.4229530716817,1.0,1.0,1.0
18.0,806266.2527187688,0.0,296.72255525471866,1.0,1.0,1.0
19.0,815026.2275441273,0.0,298.33012594744554,1.0,1.0,1.0
20.0,913507.5413147018,0.0,315.8401866633906,1.0,1.0,1.0
21.0,1.021302811467626e6,0.0,333.95548657308325,1.0,1.0,1.0
22.0,1.140152531821114e6,0.0,352.85217368590156,1.0,1.0,1.0
23.0,1.7161935123991752e6,0.0,432.90683934767065,1.0,1.0,1.0
24.0,1.7970987390238305e6,0.0,442.99343370009706,1.0,1.0,1.0
25.0,1.8718684579744549e6,0.0,452.1150689932934,1.0,1.0,1.0
26.0,1.8919171602784274e6,0.0,454.5298162963616,1.0,1.0,1.0
27.0,1.9765156063025934e6,0.0,464.5809985441109,1.0,1.0,1.0
28.0,2.1955601113415593e6,0.0,489.6480002598788,1.0,1.0,1.0
29.0,2.3532305131833768e6,0.0,506.92481892251516,1.0,1.0,1.0
30.0,2.4690246162153855e6,0.0,519.2470395589369,1.0,1.0,1.0
31.0,2.5625009737478606e6,0.0,528.9849774173804,1.0,1.0,1.0
32.0,3.029650008326507e6,0.0,575.1849971176705,1.0,1.0,1.0
33.0,3.524545060481801e6,0.0,620.3872343984946,1.0,1.0,1.0
34.0,3.5294163512245486e6,0.0,620.8158064625294,1.0,1.0,1.0
35.0,3.6120969503926053e6,0.0,628.0453701627554,1.0,1.0,1.0
36.0,3.992172258874328e6,0.0,660.261471440729,1.0,1.0,1.0
37.0,4.047159913369837e6,0.0,664.7930975423753,1.0,1.0,1.0
38.0,4.19974807450879e6,0.0,677.2093396700609,1.0,1.0,1.0
39.0,4.246682200655913e6,0.0,680.9828898816958,1.0,1.0,1.0
40.0,4.339957735309392e6,0.0,688.42093568963,1.0,1.0,1.0
41.0,4.957546812873854e6,0.0,735.7744980398716,1.0,1.0,1.0
42.0,5.623596611246917e6,0.0,783.6432542606128,1.0,1.0,1.0
43.0,5.928576335926467e6,0.0,804.6120406029047,1.0,1.0,1.0
44.0,6.210503663691124e6,0.0,823.521098743117,1.0,1.0,1.0
45.0,6.986316331278361e6,0.0,873.444756911161,1.0,1.0,1.0
46.0,7.174046449949038e6,0.0,885.1021818606229,1.0,1.0,1.0
47.0,7.343110632998183e6,0.0,895.4706478290628,1.0,1.0,1.0
48.0,7.374595565606627e6,0.0,897.388341669449,1.0,1.0,1.0
49.0,7.392855701728366e6,0.0,898.4986603377534,1.0,1.0,1.0
50.0,7.84889523108644e6,0.0,925.796607919169,1.0,1.0,1.0
51.0,8.514067527229078e6,0.0,964.2282789741314,1.0,1.0,1.0
52.0,9.22805146025395e6,0.0,1003.8442207134188,1.0,1.0,1.0
53.0,9.306950949989595e6,0.0,1008.1265018532464,1.0,1.0,1.0
54.0,9.447491811431607e6,0.0,1015.7096562543509,1.0,1.0,1.0
55.0,9.554586101398325e6,0.0,1021.4503425388318,1.0,1.0,1.0
56.0,9.992320071366385e6,0.0,1044.5866894581843,1.0,1.0,1.0
57.0,1.1913929574358245e7,0.0,1140.6143561782485,1.0,1.0,1.0
58.0,1.231479974482861e7,0.0,1159.6448301679632,1.0,1.0,1.0
59.0,1.2967743517319953e7,0.0,1189.9905848750816,1.0,1.0,1.0
60.0,1.4377807405931208e7,0.0,1253.0189817906542,1.0,1.0,1.0
61.0,1.465230314630644e7,0.0,1264.9235168881412,1.0,1.0,1.0
62.0,1.485320420362076e7,0.0,1273.5658204566369,1.0,1.0,1.0
63.0,1.4923184158260265e7,0.0,1276.5624583552585,1.0,1.0,1.0
64.0,1.494147938999523e7,0.0,1277.3447261360104,1.0,1.0,1.0
65.0,1.4959408590184579e7,0.0,1278.110878620535,1.0,1.0,1.0
66.0,1.5876523429131288e7,0.0,1316.7066334081928,1.0,1.0,1.0
67.0,1.610298934003737e7,0.0,1326.064265385385,1.0,1.0,1.0
68.0,1.780341229095062e7,0.0,1394.3215634034382,1.0,1.0,1.0
69.0,1.79418990652581e7,0.0,1399.734038282339,1.0,1.0,1.0
70.0,1.9323566141522333e7,0.0,1452.6298298789816,1.0,1.0,1.0
71.0,1.9473885380561072e7,0.0,1458.268933892946,1.0,1.0,1.0
72.0,2.0049412146693226e7,0.0,1479.6607065198764,1.0,1.0,1.0
73.0,2.0139803615003828e7,0.0,1482.9924324683584,1.0,1.0,1.0
74.0,2.3933330776529185e7,0.0,1616.6384013739705,1.0,1.0,1.0
75.0,2.394715564127135e7,0.0,1617.1052519940781,1.0,1.0,1.0
76.0,2.6680455039450165e7,0.0,1706.899437667011,1.0,1.0,1.0
77.0,2.783073792614507e7,0.0,1743.3062213894154,1.0,1.0,1.0
78.0,2.7889675933186542e7,0.0,1745.1511716478806,1.0,1.0,1.0
79.0,2.866778947543556e7,0.0,1769.3282936520184,1.0,1.0,1.0
80.0,2.8752520031331167e7,0.0,1771.9410789925728,1.0,1.0,1.0
81.0,2.922018332595337e7,0.0,1786.2933743352767,1.0,1.0,1.0
82.0,2.937292702520549e7,0.0,1790.956066226204,1.0,1.0,1.0
83.0,2.9632461292686574e7,0.0,1798.8509591295701,1.0,1.0,1.0
84.0,3.0069331010308698e7,0.0,1812.0626220762101,1.0,1.0,1.0
85.0,3.2379226972979642e7,0.0,1880.3753841851305,1.0,1.0,1.0
86.0,3.238077682696896e7,0.0,1880.4203863777407,1.0,1.0,1.0
87.0,3.557089147190017e7,0.0,1970.8732452218987,1.0,1.0,1.0
88.0,3.5915512594580725e7,0.0,1980.3974286309845,1.0,1.0,1.0
89.0,3.70982580836997e7,0.0,2012.7418569553345,1.0,1.0,1.0
90.0,3.741982744803717e7,0.0,2021.4463033495745,1.0,1.0,1.0
91.0,4.025099694161535e7,0.0,2096.5230420924063,1.0,1.0,1.0
92.0,4.025640143978113e7,0.0,2096.663787359361,1.0,1.0,1.0
93.0,4.663556128685546e7,0.0,2256.67970534691,1.0,1.0,1.0
94.0,4.6721759379668474e7,0.0,2258.764291434544,1.0,1.0,1.0
95.0,4.982461950602742e7,0.0,2332.562635827427,1.0,1.0,1.0
96.0,5.44512834144886e7,0.0,2438.458560005102,1.0,1.0,1.0
97.0,5.450128238613507e7,0.0,2439.577839825151,1.0,1.0,1.0
98.0,5.564222078534497e7,0.0,2464.980833548138,1.0,1.0,1.0
99.0,5.567881354926334e7,0.0,2465.7912400646483,1.0,1.0,1.0
100.0,5.6625368570102766e7,0.0,2486.662471638486,1.0,1.0,1.0
101.0,5.677509227497466e7,0.0,2489.947805964461,1.0,1.0,1.0
102.0,5.7483362395300634e7,0.0,2505.4307361343735,1.0,1.0,1.0
103.0,5.755022391264467e7,0.0,2506.8874029881754,1.0,1.0,1.0
104.0,6.042746045281535e7,0.0,2568.789341586312,1.0,1.0,1.0
105.0,6.0496633914110206e7,0.0,2570.2592132741856,1.0,1.0,1.0
106.0,6.444086295085331e7,0.0,2652.7235502843455,1.0,1.0,1.0
107.0,6.4488617147968285e7,0.0,2653.7062747331584,1.0,1.0,1.0
108.0,7.033121941861412e7,0.0,2771.3118122132455,1.0,1.0,1.0
109.0,7.050836834953348e7,0.0,2774.799780843486,1.0,1.0,1.0
110.0,7.06209274379591e7,0.0,2777.013733531963,1.0,1.0,1.0
111.0,7.078105583604063e7,0.0,2780.1603006473633,1.0,1.0,1.0
112.0,7.810005859958616e7,0.0,2920.3640867321337,1.0,1.0,1.0
113.0,7.811074564640127e7,0.0,2920.563888119385,1.0,1.0,1.0
114.0,8.99267771780635e7,0.0,3133.688572249089,1.0,1.0,1.0
115.0,8.999172701669405e7,0.0,3134.820025172576,1.0,1.0,1.0
116.0,9.464001709433658e7,0.0,3214.761245676194,1.0,1.0,1.0
117.0,1.0592112624150187e8,0.0,3400.9685363984186,1.0,1.0,1.0
118.0,1.0620509602182494e8,0.0,3405.524406840051,1.0,1.0,1.0
119.0,1.1099308736755121e8,0.0,3481.4429681579722,1.0,1.0,1.0
120.0,1.1107680913899282e8,0.0,3482.7557419345408,1.0,1.0,1.0
121.0,1.126132027996457e8,0.0,3506.75943653415,1.0,1.0,1.0
122.0,1.1262434543888997e8,0.0,3506.932922359192,1.0,1.0,1.0
123.0,1.1510275242306621e8,0.0,3545.309657081992,1.0,1.0,1.0
124.0,1.151760140739778e8,0.0,3546.437753137418,1.0,1.0,1.0
125.0,1.1912802521766779e8,0.0,3606.768685925024,1.0,1.0,1.0
126.0,1.1920630391587329e8,0.0,3607.953490223144,1.0,1.0,1.0
127.0,1.2441010223244195e8,0.0,3685.862607827734,1.0,1.0,1.0
128.0,1.2445834825185823e8,0.0,3686.5772240796637,1.0,1.0,1.0
129.0,1.3234359694701575e8,0.0,3801.5682009684006,1.0,1.0,1.0
130.0,1.3252037632211286e8,0.0,3804.1063463545183,1.0,1.0,1.0
131.0,1.3268371877496243e8,0.0,3806.4500640657166,1.0,1.0,1.0
132.0,1.3270015742486684e8,0.0,3806.685853967393,1.0,1.0,1.0
133.0,1.421481552758178e8,0.0,3939.870373009664,1.0,1.0,1.0
134.0,1.421697827796767e8,0.0,3940.170082565053,1.0,1.0,1.0
135.0,1.571799792259258e8,0.0,4142.952296547849,1.0,1.0,1.0
136.0,1.571820461164348e8,0.0,4142.979536024126,1.0,1.0,1.0
137.0,1.732433402289252e8,0.0,4349.502586848136,1.0,1.0,1.0
138.0,1.7641007300608128e8,0.0,4389.075070247042,1.0,1.0,1.0
139.0,1.7645211269337207e8,0.0,4389.598011904533,1.0,1.0,1.0
140.0,2.0841541433099508e8,0.0,4770.635517930988,1.0,1.0,1.0
141.0,2.0843874142571306e8,0.0,4770.902489434035,1.0,1.0,1.0
142.0,2.4495129574654934e8,0.0,5171.912750184712,1.0,1.0,1.0
143.0,2.4503392581640416e8,0.0,5172.785004149248,1.0,1.0,1.0
144.0,2.4706701162966073e8,0.0,5194.200387928729,1.0,1.0,1.0
145.0,2.4708553662004796e8,0.0,5194.395113861598,1.0,1.0,1.0
146.0,2.5052465968898472e8,0.0,5230.4199485354075,1.0,1.0,1.0
147.0,2.5055063774224442e8,0.0,5230.691124646254,1.0,1.0,1.0
148.0,2.5319965519844e8,0.0,5258.269900610813,1.0,1.0,1.0
149.0,2.532138140829181e8,0.0,5258.416919364102,1.0,1.0,1.0
150.0,2.5596410472518924e8,0.0,5286.897032853077,1.0,1.0,1.0
151.0,2.559782622324662e8,0.0,5287.043241338707,1.0,1.0,1.0
152.0,2.628717853861101e8,0.0,5357.760629606666,1.0,1.0,1.0
153.0,2.629796608267373e8,0.0,5358.859856562748,1.0,1.0,1.0
154.0,2.7333002098160386e8,0.0,5463.29921303887,1.0,1.0,1.0
155.0,2.7335366038989013e8,0.0,5463.535459258593,1.0,1.0,1.0
156.0,2.853942666277801e8,0.0,5582.5669647352715,1.0,1.0,1.0
157.0,2.857793101974915e8,0.0,5586.331593592174,1.0,1.0,1.0
158.0,3.0481199380276835e8,0.0,5769.3560926036025,1.0,1.0,1.0
159.0,3.048221007569304e8,0.0,5769.451741947132,1.0,1.0,1.0
160.0,3.259135613822439e8,0.0,5965.71545608245,1.0,1.0,1.0
161.0,3.2709757204844016e8,0.0,5976.542049353427,1.0,1.0,1.0
162.0,3.4215272671274835e8,0.0,6112.534479005588,1.0,1.0,1.0
163.0,3.64556401428318e8,0.0,6309.481677283193,1.0,1.0,1.0
164.0,3.64587356165759e8,0.0,6309.7495428345555,1.0,1.0,1.0
165.0,4.063374580554665e8,0.0,6661.234902002551,1.0,1.0,1.0
166.0,4.108329919977562e8,0.0,6697.981989088577,1.0,1.0,1.0
167.0,5.035875020386096e8,0.0,7415.642603484621,1.0,1.0,1.0
168.0,5.035957608393042e8,0.0,7415.7034112518295,1.0,1.0,1.0
169.0,5.915901519242678e8,0.0,8037.514826744025,1.0,1.0,1.0
170.0,6.457805782454678e8,0.0,8397.57340809862,1.0,1.0,1.0
171.0,6.458167103751069e8,0.0,8397.80833152089,1.0,1.0,1.0
172.0,6.494251924781005e8,0.0,8421.236905503169,1.0,1.0,1.0
173.0,6.494335525940633e8,0.0,8421.291109044485,1.0,1.0,1.0
174.0,6.549897173422085e8,0.0,8457.238150470233,1.0,1.0,1.0
175.0,6.550300699623796e8,0.0,8457.498663310083,1.0,1.0,1.0
176.0,6.645396808982146e8,0.0,8518.66968217955,1.0,1.0,1.0
177.0,6.646729996942884e8,0.0,8519.524139681529,1.0,1.0,1.0
178.0,6.749698755799457e8,0.0,8585.26123151358,1.0,1.0,1.0
179.0,6.750302168009399e8,0.0,8585.64497720833,1.0,1.0,1.0
180.0,6.808518028260994e8,0.0,8622.587597038957,1.0,1.0,1.0
181.0,6.932009303084985e8,0.0,8700.433413898874,1.0,1.0,1.0
182.0,6.935153777645806e8,0.0,8702.406520721277,1.0,1.0,1.0
183.0,7.096383499976923e8,0.0,8802.982893300885,1.0,1.0,1.0
184.0,7.097036481903504e8,0.0,8803.387892305227,1.0,1.0,1.0
185.0,7.418374317677389e8,0.0,9000.480406569257,1.0,1.0,1.0
186.0,7.427455025116776e8,0.0,9005.987390301809,1.0,1.0,1.0
187.0,7.670665466300066e8,0.0,9152.249280477272,1.0,1.0,1.0
188.0,7.670935628876797e8,0.0,9152.410451205444,1.0,1.0,1.0
189.0,8.243353068053222e8,0.0,9487.750813714554,1.0,1.0,1.0
190.0,8.267148939166672e8,0.0,9501.434966135383,1.0,1.0,1.0
191.0,8.674244807155915e8,0.0,9732.561497064511,1.0,1.0,1.0
192.0,8.674354140970414e8,0.0,9732.622833511885,1.0,1.0,1.0
193.0,9.817848042774148e8,0.0,10354.26968101052,1.0,1.0,1.0
194.0,9.890154259213977e8,0.0,10392.328156415031,1.0,1.0,1.0
195.0,1.093661409383055e9,0.0,10928.303889654131,1.0,1.0,1.0
196.0,1.093663130006252e9,0.0,10928.312486229643,1.0,1.0,1.0
197.0,1.4888163312579238e9,0.0,12750.636979122466,1.0,1.0,1.0
198.0,2.1032954715669389e9,0.0,15155.192690794458,1.0,1.0,1.0
199.0,2.103316914160837e9,0.0,15155.26994237857,1.0,1.0,1.0
200.0,2.5952672935889726e9,0.0,16834.58310918081,1.0,1.0,1.0
201.0,2.781134361857231e9,0.0,17426.98689718936,1.0,1.0,1.0
202.0,2.781445881751013e9,0.0,17427.962884032393,1.0,1.0,1.0
203.0,2.790469722050526e9,0.0,17456.210747121422,1.0,1.0,1.0
204.0,2.7904928031837974e9,0.0,17456.282940754332,1.0,1.0,1.0
205.0,2.8061011082205596e9,0.0,17505.034733404133,1.0,1.0,1.0
206.0,2.8085879288486876e9,0.0,17512.789664421733,1.0,1.0,1.0
207.0,2.8292450058042665e9,0.0,17577.07468931693,1.0,1.0,1.0
208.0,2.8293771392291107e9,0.0,17577.48513308485,1.0,1.0,1.0
209.0,2.859849875554405e9,0.0,17671.887460329217,1.0,1.0,1.0
210.0,2.866094713747954e9,0.0,17691.17132191299,1.0,1.0,1.0
211.0,2.898981141654881e9,0.0,17792.378724294093,1.0,1.0,1.0
212.0,2.8990553957970295e9,0.0,17792.606588722057,1.0,1.0,1.0
213.0,2.948062719559583e9,0.0,17942.3646428197,1.0,1.0,1.0
214.0,2.959255461442066e9,0.0,17976.39275242599,1.0,1.0,1.0
215.0,3.004062950232573e9,0.0,18111.975987323884,1.0,1.0,1.0
216.0,3.00407597236137e9,0.0,18112.01524352996,1.0,1.0,1.0
217.0,3.0749521407593083e9,0.0,18324.43106268013,1.0,1.0,1.0
218.0,3.0887532991792507e9,0.0,18365.507351292374,1.0,1.0,1.0
219.0,3.13158142380353e9,0.0,18492.395504080738,1.0,1.0,1.0
220.0,3.131590955171035e9,0.0,18492.42364604156,1.0,1.0,1.0
221.0,3.2171246314817405e9,0.0,18743.265717526552,1.0,1.0,1.0
222.0,3.2198180292637134e9,0.0,18751.110068355887,1.0,1.0,1.0
223.0,3.2227813113143244e9,0.0,18759.73665048431,1.0,1.0,1.0
224.0,3.2228794019572577e9,0.0,18760.02214001179,1.0,1.0,1.0
225.0,3.2288322580826654e9,0.0,18777.339603432298,1.0,1.0,1.0
226.0,1.1807668041627138e11,0.0,113551.63363623104,1.0,1.0,1.0
227.0,1.1814608533586076e11,0.0,113585.00129275871,1.0,1.0,1.0
228.0,1.1814608559122682e11,0.0,113585.00141551247,1.0,1.0,1.0
229.0,1.1999776423493114e11,0.0,114471.63777309417,1.0,1.0,1.0
230.0,1.2253211772698206e11,0.0,115674.14255479243,1.0,1.0,1.0
231.0,1.225321186105144e11,0.0,115674.14297183347,1.0,1.0,1.0
232.0,1.2721021211529489e11,0.0,117861.59324814085,1.0,1.0,1.0
233.0,1.2913880056783911e11,0.0,118751.6611336786,1.0,1.0,1.0
234.0,1.3639791443594238e11,0.0,122043.6489802108,1.0,1.0,1.0
235.0,1.363979144403198e11,0.0,122043.64898216916,1.0,1.0,1.0
236.0,1.4641504812499277e11,0.0,126445.73245170913,1.0,1.0,1.0
237.0,1.4856987372071692e11,0.0,127372.80011957925,1.0,1.0,1.0
238.0,1.618623523013899e11,0.0,132948.74527919313,1.0,1.0,1.0
239.0,1.6186235372398267e11,0.0,132948.74586343006,1.0,1.0,1.0
240.0,1.7877493487309827e11,0.0,139721.9484839169,1.0,1.0,1.0
241.0,1.8128987219436227e11,0.0,140701.293681417,1.0,1.0,1.0
242.0,2.0251833030040375e11,0.0,148711.134985932,1.0,1.0,1.0
243.0,2.0251833417363544e11,0.0,148711.1364080074,1.0,1.0,1.0
244.0,2.283666300202035e11,0.0,157916.54757563001,1.0,1.0,1.0
245.0,2.3142791473922833e11,0.0,158971.4700489485,1.0,1.0,1.0
246.0,2.6241217277715384e11,0.0,169279.0869164446,1.0,1.0,1.0
247.0,2.6241217803266687e11,0.0,169279.0886115802,1.0,1.0,1.0
248.0,2.979951351628141e11,0.0,180391.43205756557,1.0,1.0,1.0
249.0,3.0182067460244946e11,0.0,181545.63521767053,1.0,1.0,1.0
250.0,3.365837999161911e11,0.0,191715.80777507124,1.0,1.0,1.0
251.0,3.3757484318018616e11,0.0,191997.84601728304,1.0,1.0,1.0
252.0,3.375748434286758e11,0.0,191997.84608794807,1.0,1.0,1.0
253.0,3.384669737082916e11,0.0,192251.38108462433,1.0,1.0,1.0
254.0,3.391045456986631e11,0.0,192432.3683539077,1.0,1.0,1.0
255.0,3.3910454589572156e11,0.0,192432.36840982028,1.0,1.0,1.0
256.0,3.402978281075073e11,0.0,192770.64825678157,1.0,1.0,1.0
257.0,3.4095486787713666e11,0.0,192956.65723727524,1.0,1.0,1.0
258.0,3.4095487061643353e11,0.0,192956.65801240067,1.0,1.0,1.0
259.0,3.41840777264271e11,0.0,193207.17605011052,1.0,1.0,1.0
260.0,3.439565224371016e11,0.0,193804.15952742472,1.0,1.0,1.0
261.0,3.439565225203872e11,0.0,193804.15955088858,1.0,1.0,1.0
262.0,3.469402284145734e11,0.0,194642.93704851306,1.0,1.0,1.0
263.0,3.4873614619555054e11,0.0,195146.066228746,1.0,1.0,1.0
264.0,3.528659568270293e11,0.0,196298.14692327488,1.0,1.0,1.0
265.0,3.5286595828170624e11,0.0,196298.1473278908,1.0,1.0,1.0
266.0,3.5816928460021936e11,0.0,197767.75742861614,1.0,1.0,1.0
267.0,3.602915626406545e11,0.0,198352.81354283702,1.0,1.0,1.0
268.0,3.670910805182166e11,0.0,200215.7486128133,1.0,1.0,1.0
269.0,3.6709108082329175e11,0.0,200215.74869600908,1.0,1.0,1.0
270.0,3.753868364762498e11,0.0,202465.41073281254,1.0,1.0,1.0
271.0,3.7798250339639856e11,0.0,203164.1931317788,1.0,1.0,1.0
272.0,3.803222547424465e11,0.0,203792.02687513354,1.0,1.0,1.0
273.0,3.850455025566266e11,0.0,205053.57563130575,1.0,1.0,1.0
274.0,3.880476396562383e11,0.0,205851.40818187574,1.0,1.0,1.0
275.0,3.880476411277829e11,0.0,205851.40857218805,1.0,1.0,1.0
276.0,3.995683793785112e11,0.0,208884.81761040803,1.0,1.0,1.0
277.0,4.0281554492030304e11,0.0,209731.87050445407,1.0,1.0,1.0
278.0,4.1552910743530725e11,0.0,213015.91145249116,1.0,1.0,1.0
279.0,4.155291088448819e11,0.0,213015.91181379175,1.0,1.0,1.0
280.0,4.1982390144410614e11,0.0,214113.91836519266,1.0,1.0,1.0
281.0,4.198239016396098e11,0.0,214113.91841504697,1.0,1.0,1.0
282.0,4.281857754703052e11,0.0,216235.72017906135,1.0,1.0,1.0
283.0,4.32179718936536e11,0.0,217241.8590140255,1.0,1.0,1.0
284.0,4.4312637879571967e11,0.0,219975.9090548158,1.0,1.0,1.0
285.0,4.431263801376878e11,0.0,219975.90938790436,1.0,1.0,1.0
286.0,4.4365695639327747e11,0.0,220107.5637913107,1.0,1.0,1.0
287.0,4.491097125521431e11,0.0,221456.0466790059,1.0,1.0,1.0
288.0,4.504299242813718e11,0.0,221781.30609121633,1.0,1.0,1.0
289.0,4.55175827508027e11,0.0,222946.63120100414,1.0,1.0,1.0
290.0,4.557362633992014e11,0.0,223083.84065905088,1.0,1.0,1.0
291.0,4.557362637202316e11,0.0,223083.84073762334,1.0,1.0,1.0
292.0,7.516045665207041e11,0.0,286487.7286448076,1.0,1.0,1.0
293.0,7.516045820166057e11,0.0,286487.73159807967,1.0,1.0,1.0
294.0,1.5615054660449795e12,0.0,412936.31093924376,1.0,1.0,1.0
295.0,1.5825567737549412e12,0.0,415710.4758050242,1.0,1.0,1.0
296.0,1.583979363959552e12,0.0,415897.27883743495,1.0,1.0,1.0
297.0,1.603181691871685e12,0.0,418410.6126192165,1.0,1.0,1.0
298.0,2.733712207663601e12,0.0,546371.0946571617,1.0,1.0,1.0
299.0,2.7337122089317e12,0.0,546371.0947838856,1.0,1.0,1.0
300.0,2.7878069024499683e12,0.0,551750.4089237602,1.0,1.0,1.0
301.0,2.787806902494976e12,0.0,551750.4089282141,1.0,1.0,1.0
302.0,4.0299933171639707e12,0.0,663381.6927186834,1.0,1.0,1.0
303.0,4.039738243138953e12,0.0,664183.2700021687,1.0,1.0,1.0
304.0,4.1218895071389375e12,0.0,670902.6264515381,1.0,1.0,1.0
305.0,4.1306624799294736e12,0.0,671616.2169038941,1.0,1.0,1.0
306.0,4.744156117926372e12,0.0,719765.1339691024,1.0,1.0,1.0
307.0,4.744156133753174e12,0.0,719765.135169693,1.0,1.0,1.0
308.0,5.317521927718374e12,0.0,762019.287490052,1.0,1.0,1.0
309.0,5.317521936416199e12,0.0,762019.2881132662,1.0,1.0,1.0
310.0,5.446247094718949e12,0.0,771187.5146443368,1.0,1.0,1.0
311.0,5.446247097133686e12,0.0,771187.5148153,1.0,1.0,1.0
312.0,6.483576089980028e12,0.0,841431.2265573575,1.0,1.0,1.0
313.0,6.490654667659344e12,0.0,841890.4261888243,1.0,1.0,1.0
314.0,6.647166113432304e12,0.0,851980.3633809922,1.0,1.0,1.0
315.0,6.653506030275091e12,0.0,852386.566357096,1.0,1.0,1.0
316.0,7.502854609180097e12,0.0,905158.3968137658,1.0,1.0,1.0
317.0,7.502854615080959e12,0.0,905158.3971697113,1.0,1.0,1.0
318.0,7.696308742837922e12,0.0,916753.4645246239,1.0,1.0,1.0
319.0,7.696308742904543e12,0.0,916753.464528592,1.0,1.0,1.0
320.0,8.354221308691677e12,0.0,955134.0046868457,1.0,1.0,1.0
321.0,8.359775589891046e12,0.0,955451.4610466104,1.0,1.0,1.0
322.0,8.573602801126742e12,0.0,967593.6264171237,1.0,1.0,1.0
323.0,8.578556819086149e12,0.0,967873.1345812877,1.0,1.0,1.0
324.0,9.059386191178422e12,0.0,994628.0571533681,1.0,1.0,1.0
325.0,9.059386191189584e12,0.0,994628.057153981,1.0,1.0,1.0
326.0,9.185218210973361e12,0.0,1.0015117715924717e6,1.0,1.0,1.0
327.0,9.21826387269584e12,0.0,1.0033117236922858e6,1.0,1.0,1.0
328.0,9.2247445176482e12,0.0,1.003664336980837e6,1.0,1.0,1.0
329.0,9.257134099601828e12,0.0,1.0054248075696758e6,1.0,1.0,1.0
330.0,9.299707182343836e12,0.0,1.0077341039738344e6,1.0,1.0,1.0
331.0,9.299707184696432e12,0.0,1.0077341041013004e6,1.0,1.0,1.0
332.0,9.624024537658494e12,0.0,1.0251553440880595e6,1.0,1.0,1.0
333.0,9.628632653636646e12,0.0,1.0254007439909149e6,1.0,1.0,1.0
334.0,9.881813336557395e12,0.0,1.0387945015026155e6,1.0,1.0,1.0
335.0,9.885902624976508e12,0.0,1.0390094160533074e6,1.0,1.0,1.0
336.0,1.0075028074930121e13,0.0,1.0489008846322752e6,1.0,1.0,1.0
337.0,1.0075028074945125e13,0.0,1.0489008846330561e6,1.0,1.0,1.0
338.0,1.0346275550195912e13,0.0,1.062926756687117e6,1.0,1.0,1.0
339.0,1.0346275556075842e13,0.0,1.0629267569891547e6,1.0,1.0,1.0
340.0,1.0419227231648684e13,0.0,1.0666675272530033e6,1.0,1.0,1.0
341.0,1.0423255995892617e13,0.0,1.0668737295254176e6,1.0,1.0,1.0
342.0,1.0677657560375295e13,0.0,1.0798148941337038e6,1.0,1.0,1.0
343.0,1.0677657560478475e13,0.0,1.0798148941389213e6,1.0,1.0,1.0
344.0,1.0701319116769902e13,0.0,1.081010660239423e6,1.0,1.0,1.0
345.0,1.0704875826798002e13,0.0,1.0811902886570625e6,1.0,1.0,1.0
346.0,1.0852233675734896e13,0.0,1.088606410687651e6,1.0,1.0,1.0
347.0,1.085595349738106e13,0.0,1.088792965588046e6,1.0,1.0,1.0
348.0,1.095727350378379e13,0.0,1.0938620875655166e6,1.0,1.0,1.0
349.0,1.0957273503900764e13,0.0,1.0938620875713553e6,1.0,1.0,1.0
350.0,1.0967403287621053e13,0.0,1.0943675977514223e6,1.0,1.0,1.0
351.0,1.0967403296211062e13,0.0,1.0943675981799937e6,1.0,1.0,1.0
352.0,1.0990356048258367e13,0.0,1.095512154414461e6,1.0,1.0,1.0
353.0,1.0992168387968658e13,0.0,1.095602477163217e6,1.0,1.0,1.0
354.0,1.1147707820048092e13,0.0,1.1033266487986464e6,1.0,1.0,1.0
355.0,1.1150921026292084e13,0.0,1.1034856483303693e6,1.0,1.0,1.0
356.0,1.1255898355918998e13,0.0,1.108667714180563e6,1.0,1.0,1.0
357.0,1.1255898364660123e13,0.0,1.1086677146110486e6,1.0,1.0,1.0
358.0,1.1293559086577594e13,0.0,1.110520892308773e6,1.0,1.0,1.0
359.0,1.1294933986160682e13,0.0,1.1105884887251202e6,1.0,1.0,1.0
360.0,1.4201220347677229e13,0.0,1.2453004705557425e6,1.0,1.0,1.0
361.0,1.420122036805529e13,0.0,1.2453004714492152e6,1.0,1.0,1.0
362.0,1.4271340046003783e13,0.0,1.2483710718466737e6,1.0,1.0,1.0
363.0,1.427134005788053e13,0.0,1.248371072366127e6,1.0,1.0,1.0
364.0,1.8371198488014812e13,0.0,1.416380907415522e6,1.0,1.0,1.0
365.0,1.837119851222117e13,0.0,1.4163809083486518e6,1.0,1.0,1.0
366.0,1.9121159497283688e13,0.0,1.4450019436330798e6,1.0,1.0,1.0
367.0,1.913157507675945e13,0.0,1.4453954470601229e6,1.0,1.0,1.0
368.0,1.922867693205783e13,0.0,1.4490588397234653e6,1.0,1.0,1.0
369.0,1.923890582823151e13,0.0,1.4494442094964818e6,1.0,1.0,1.0
370.0,2.3618257294824785e13,0.0,1.6059619225233414e6,1.0,1.0,1.0
371.0,2.3618257313079652e13,0.0,1.605961923143976e6,1.0,1.0,1.0
372.0,2.3760059191501793e13,0.0,1.6107757335246876e6,1.0,1.0,1.0
373.0,2.3760059192218402e13,0.0,1.6107757335489786e6,1.0,1.0,1.0
374.0,2.7515382504397336e13,0.0,1.7334012142260051e6,1.0,1.0,1.0
375.0,2.752195833886879e13,0.0,1.7336083325262577e6,1.0,1.0,1.0
376.0,2.768735521801936e13,0.0,1.738809704886568e6,1.0,1.0,1.0
377.0,2.7693749674258816e13,0.0,1.7390104842780745e6,1.0,1.0,1.0
378.0,2.857379000225495e13,0.0,1.7664251663306432e6,1.0,1.0,1.0
379.0,2.8610198384105227e13,0.0,1.7675501869944995e6,1.0,1.0,1.0
380.0,2.8628952004405977e13,0.0,1.7681293954010077e6,1.0,1.0,1.0
381.0,2.8667125984297504e13,0.0,1.7693078187487014e6,1.0,1.0,1.0
382.0,3.0798982595313543e13,0.0,1.8339162738271994e6,1.0,1.0,1.0
383.0,3.0798982597939684e13,0.0,1.8339162739053855e6,1.0,1.0,1.0
384.0,3.0996414972776598e13,0.0,1.8397849099900795e6,1.0,1.0,1.0
385.0,3.0996414974421188e13,0.0,1.8397849100388866e6,1.0,1.0,1.0
386.0,3.349367412969609e13,0.0,1.9124615590810743e6,1.0,1.0,1.0
387.0,3.3498649376198273e13,0.0,1.9126035950716112e6,1.0,1.0,1.0
388.0,3.371231513140415e13,0.0,1.918693517044693e6,1.0,1.0,1.0
389.0,3.371709755178064e13,0.0,1.9188296049035846e6,1.0,1.0,1.0
390.0,3.567311110763475e13,0.0,1.9737030508548429e6,1.0,1.0,1.0
391.0,3.5673111107754875e13,0.0,1.973703050858166e6,1.0,1.0,1.0
392.0,3.5908769525995625e13,0.0,1.9802115119953025e6,1.0,1.0,1.0
393.0,3.590876953220311e13,0.0,1.9802115121664603e6,1.0,1.0,1.0
394.0,3.739436730517818e13,0.0,2.0207584986151753e6,1.0,1.0,1.0
395.0,3.739849208140703e13,0.0,2.0208699451695667e6,1.0,1.0,1.0
396.0,3.7643736445229875e13,0.0,2.0274851466334106e6,1.0,1.0,1.0
397.0,3.7647667521438086e13,0.0,2.0275910074127472e6,1.0,1.0,1.0
398.0,3.868522318565743e13,0.0,2.0553409381107045e6,1.0,1.0,1.0
399.0,3.8685223187183e13,0.0,2.0553409381512313e6,1.0,1.0,1.0
400.0,3.872544218011653e13,0.0,2.056409075565639e6,1.0,1.0,1.0
401.0,3.872544218075522e13,0.0,2.0564090755825967e6,1.0,1.0,1.0
402.0,3.876071000396381e13,0.0,2.0573452633024068e6,1.0,1.0,1.0
403.0,3.876071000429795e13,0.0,2.0573452633112746e6,1.0,1.0,1.0
404.0,3.898585989203487e13,0.0,2.0633118766221958e6,1.0,1.0,1.0
405.0,3.8985859895925016e13,0.0,2.0633118767251382e6,1.0,1.0,1.0
406.0,3.970882009315199e13,0.0,2.0823551940464426e6,1.0,1.0,1.0
407.0,3.97124825169491e13,0.0,2.082451221721854e6,1.0,1.0,1.0
408.0,3.997654082033644e13,0.0,2.089363122480326e6,1.0,1.0,1.0
409.0,3.9980007440694805e13,0.0,2.0894537115054436e6,1.0,1.0,1.0
410.0,4.038815498034317e13,0.0,2.1000920274724807e6,1.0,1.0,1.0
411.0,4.0388154980492695e13,0.0,2.100092027476368e6,1.0,1.0,1.0
412.0,4.0661178488966414e13,0.0,2.107178371898101e6,1.0,1.0,1.0
413.0,4.066117849895898e13,0.0,2.107178372157023e6,1.0,1.0,1.0
414.0,4.078271172205207e13,0.0,2.1103251218824284e6,1.0,1.0,1.0
415.0,4.078616766433361e13,0.0,2.1104145348592605e6,1.0,1.0,1.0
416.0,4.091485876573501e13,0.0,2.1137413695195215e6,1.0,1.0,1.0
417.0,4.0914858765737734e13,0.0,2.1137413695195923e6,1.0,1.0,1.0
418.0,4.1059071948550945e13,0.0,2.117463259842249e6,1.0,1.0,1.0
419.0,4.106226654943095e13,0.0,2.117545632848997e6,1.0,1.0,1.0
420.0,4.119527654249272e13,0.0,2.12097246527158e6,1.0,1.0,1.0
421.0,4.119527654605406e13,0.0,2.1209724653632594e6,1.0,1.0,1.0
422.0,4.4731611184749445e13,0.0,2.210133919330374e6,1.0,1.0,1.0
423.0,4.473161119869159e13,0.0,2.2101339196748063e6,1.0,1.0,1.0
424.0,4.787773117109435e13,0.0,2.286536298396223e6,1.0,1.0,1.0
425.0,4.78882355169732e13,0.0,2.2867871169948187e6,1.0,1.0,1.0
426.0,4.798611390260161e13,0.0,2.2891228971298365e6,1.0,1.0,1.0
427.0,4.7997391659091195e13,0.0,2.2893918775894963e6,1.0,1.0,1.0
428.0,5.586953222772201e13,0.0,2.4700107123790463e6,1.0,1.0,1.0
429.0,5.58695322642784e13,0.0,2.470010713187131e6,1.0,1.0,1.0
430.0,5.600828441515769e13,0.0,2.4730759507413474e6,1.0,1.0,1.0
431.0,5.600828441647255e13,0.0,2.4730759507703767e6,1.0,1.0,1.0
432.0,6.056299893028222e13,0.0,2.571668618462888e6,1.0,1.0,1.0
433.0,6.059803681114522e13,0.0,2.5724124124597628e6,1.0,1.0,1.0
434.0,6.0626731712071305e13,0.0,2.5730213957443465e6,1.0,1.0,1.0
435.0,6.066601209766978e13,0.0,2.5738547979762848e6,1.0,1.0,1.0
436.0,6.2583100417346445e13,0.0,2.614206297439862e6,1.0,1.0,1.0
437.0,6.258903335030614e13,0.0,2.61433020903126e6,1.0,1.0,1.0
438.0,6.2747026579240016e13,0.0,2.617627800595992e6,1.0,1.0,1.0
439.0,6.2753382025430805e13,0.0,2.617760362824879e6,1.0,1.0,1.0
440.0,6.810861285980728e13,0.0,2.727170791184695e6,1.0,1.0,1.0
441.0,6.810861286259178e13,0.0,2.727170791240443e6,1.0,1.0,1.0
442.0,6.8293710096983195e13,0.0,2.73087406201578e6,1.0,1.0,1.0
443.0,6.82937101056151e13,0.0,2.7308740621883627e6,1.0,1.0,1.0
444.0,7.256392904628064e13,0.0,2.814956669622793e6,1.0,1.0,1.0
445.0,7.256828651090155e13,0.0,2.8150411874412154e6,1.0,1.0,1.0
446.0,7.276590999899762e13,0.0,2.818871648708139e6,1.0,1.0,1.0
447.0,7.277051955067139e13,0.0,2.8189609317855607e6,1.0,1.0,1.0
448.0,7.506281176368912e13,0.0,2.8630157255235002e6,1.0,1.0,1.0
449.0,7.506281176580262e13,0.0,2.863015725563806e6,1.0,1.0,1.0
450.0,7.513409800719522e13,0.0,2.86437488859013e6,1.0,1.0,1.0
451.0,7.513409801048366e13,0.0,2.864374888652813e6,1.0,1.0,1.0
452.0,7.609473034446023e13,0.0,2.882628063697268e6,1.0,1.0,1.0
453.0,7.609473034581061e13,0.0,2.882628063722845e6,1.0,1.0,1.0
454.0,7.63103547939007e13,0.0,2.886709327849612e6,1.0,1.0,1.0
455.0,7.631035482224469e13,0.0,2.8867093283857172e6,1.0,1.0,1.0
456.0,7.88150410130225e13,0.0,2.933701157006633e6,1.0,1.0,1.0
457.0,7.881866003023253e13,0.0,2.9337685108579025e6,1.0,1.0,1.0
458.0,7.90410186113079e13,0.0,2.9379038841246706e6,1.0,1.0,1.0
459.0,7.904480422333805e13,0.0,2.9379742376658977e6,1.0,1.0,1.0
460.0,8.083320192975256e13,0.0,2.971024343678284e6,1.0,1.0,1.0
461.0,8.083320192993427e13,0.0,2.9710243436816237e6,1.0,1.0,1.0
462.0,8.106702316367298e13,0.0,2.975318290447778e6,1.0,1.0,1.0
463.0,8.106702319387983e13,0.0,2.9753182910021036e6,1.0,1.0,1.0
464.0,8.21925802720314e13,0.0,2.995902162238585e6,1.0,1.0,1.0
465.0,8.219258027444522e13,0.0,2.995902162282577e6,1.0,1.0,1.0
466.0,8.221875987314755e13,0.0,2.9963792447131444e6,1.0,1.0,1.0
467.0,8.222202589403553e13,0.0,2.996438757530125e6,1.0,1.0,1.0
468.0,8.245786178091016e13,0.0,3.0007329948656526e6,1.0,1.0,1.0
469.0,8.246124866380164e13,0.0,3.0007946204442484e6,1.0,1.0,1.0
470.0,8.303183983210123e13,0.0,3.011158732060709e6,1.0,1.0,1.0
471.0,8.303183983212047e13,0.0,3.0111587320610574e6,1.0,1.0,1.0
472.0,8.32741562722973e13,0.0,3.015549347123151e6,1.0,1.0,1.0
473.0,8.327415630504956e13,0.0,3.015549347716169e6,1.0,1.0,1.0
474.0,8.329808570655148e13,0.0,3.015982586016607e6,1.0,1.0,1.0
475.0,8.329966560799178e13,0.0,3.0160111877101357e6,1.0,1.0,1.0
476.0,8.354418724720167e13,0.0,3.02043461233552e6,1.0,1.0,1.0
477.0,8.354579840551212e13,0.0,3.0204637368923873e6,1.0,1.0,1.0
478.0,8.762137638996925e13,0.0,3.093259494737653e6,1.0,1.0,1.0
479.0,8.763130577611328e13,0.0,3.09343475618148e6,1.0,1.0,1.0
480.0,8.77217363858825e13,0.0,3.0950304705024096e6,1.0,1.0,1.0
481.0,8.773322447019216e13,0.0,3.0952331272692503e6,1.0,1.0,1.0
482.0,9.81918578839782e13,0.0,3.2745306352102463e6,1.0,1.0,1.0
483.0,9.819185789302362e13,0.0,3.274530635361071e6,1.0,1.0,1.0
484.0,9.831826098190898e13,0.0,3.276637620980456e6,1.0,1.0,1.0
485.0,9.83182609915088e13,0.0,3.2766376211404214e6,1.0,1.0,1.0
486.0,1.0182362633895203e14,0.0,3.3345374486146593e6,1.0,1.0,1.0
487.0,1.0185472743479158e14,0.0,3.3350466617244263e6,1.0,1.0,1.0
488.0,1.0188846023892628e14,0.0,3.3355988754780977e6,1.0,1.0,1.0
489.0,1.019255738169207e14,0.0,3.3362063276733565e6,1.0,1.0,1.0
490.0,1.0687675892424234e14,0.0,3.4162760536185103e6,1.0,1.0,1.0
491.0,1.0688193922468356e14,0.0,3.4163588458087137e6,1.0,1.0,1.0
492.0,1.0702358384492727e14,0.0,3.418621850375683e6,1.0,1.0,1.0
493.0,1.0702965401362023e14,0.0,3.4187187977789766e6,1.0,1.0,1.0
494.0,1.138912510989297e14,0.0,3.526602418759892e6,1.0,1.0,1.0
495.0,1.138912510999348e14,0.0,3.526602418775453e6,1.0,1.0,1.0
496.0,1.1405539997325781e14,0.0,3.5291429096991457e6,1.0,1.0,1.0
497.0,1.1405539998851116e14,0.0,3.529142909935133e6,1.0,1.0,1.0
498.0,1.1893095053737408e14,0.0,3.603784094348779e6,1.0,1.0,1.0
499.0,1.1893095053999194e14,0.0,3.603784094388441e6,1.0,1.0,1.0
500.0,1.1899480357144703e14,0.0,3.6047513853249317e6,1.0,1.0,1.0
501.0,1.1899480357173397e14,0.0,3.604751385329278e6,1.0,1.0,1.0
502.0,1.194400999718868e14,0.0,3.6114898472694117e6,1.0,1.0,1.0
503.0,1.1944383462881316e14,0.0,3.6115463089189925e6,1.0,1.0,1.0
504.0,1.196173739451826e14,0.0,3.614168954934722e6,1.0,1.0,1.0
505.0,1.1962170761956973e14,0.0,3.6142344240595433e6,1.0,1.0,1.0
506.0,1.2372415052343334e14,0.0,3.6756873149329396e6,1.0,1.0,1.0
507.0,1.2372415052368572e14,0.0,3.675687314936688e6,1.0,1.0,1.0
508.0,1.2391210327495333e14,0.0,3.678478174140075e6,1.0,1.0,1.0
509.0,1.2391210329796708e14,0.0,3.6784781744816704e6,1.0,1.0,1.0
510.0,1.2629266284303236e14,0.0,3.7136449456644524e6,1.0,1.0,1.0
511.0,1.2629266284362619e14,0.0,3.713644945673183e6,1.0,1.0,1.0
512.0,1.268944312360866e14,0.0,3.722481953076557e6,1.0,1.0,1.0
513.0,1.2689755748433223e14,0.0,3.7225278074567933e6,1.0,1.0,1.0
514.0,1.2708984174286653e14,0.0,3.725347060116819e6,1.0,1.0,1.0
515.0,1.270934285571583e14,0.0,3.7253996293608136e6,1.0,1.0,1.0
516.0,1.2907816316187752e14,0.0,3.7543755029667746e6,1.0,1.0,1.0
517.0,1.2907816316189998e14,0.0,3.7543755029671015e6,1.0,1.0,1.0
518.0,1.292791121311547e14,0.0,3.757296773575664e6,1.0,1.0,1.0
519.0,1.292791121522474e14,0.0,3.7572967738821777e6,1.0,1.0,1.0
520.0,1.3035317137256311e14,0.0,3.772872422158466e6,1.0,1.0,1.0
521.0,1.3035605528132545e14,0.0,3.7729141570834527e6,1.0,1.0,1.0
522.0,1.3055703062003075e14,0.0,3.775821466079581e6,1.0,1.0,1.0
523.0,1.3056030279793469e14,0.0,3.775868782880897e6,1.0,1.0,1.0
524.0,1.3077468890165736e14,0.0,3.778967587590688e6,1.0,1.0,1.0
525.0,1.3077468890166162e14,0.0,3.7789675875907494e6,1.0,1.0,1.0
526.0,1.3098211321218052e14,0.0,3.781963347623839e6,1.0,1.0,1.0
527.0,1.309821132249795e14,0.0,3.781963347808617e6,1.0,1.0,1.0
528.0,1.3328628267864464e14,0.0,3.81508349430363e6,1.0,1.0,1.0
529.0,1.332951531320844e14,0.0,3.815210442691677e6,1.0,1.0,1.0
530.0,1.3337428600200288e14,0.0,3.8163427560190023e6,1.0,1.0,1.0
531.0,1.3338518885121017e14,0.0,3.816498738707004e6,1.0,1.0,1.0
532.0,1.4509794315626728e14,0.0,3.980539585617054e6,1.0,1.0,1.0
533.0,1.4509794315864622e14,0.0,3.9805395856496855e6,1.0,1.0,1.0
534.0,1.4520775002450597e14,0.0,3.982045492291123e6,1.0,1.0,1.0
535.0,1.452077500468196e14,0.0,3.982045492597077e6,1.0,1.0,1.0
536.0,1.4745208389972762e14,0.0,4.012700781499943e6,1.0,1.0,1.0
537.0,1.4747839348453697e14,0.0,4.0130587546797064e6,1.0,1.0,1.0
538.0,1.4751230278808366e14,0.0,4.01352008397351e6,1.0,1.0,1.0
539.0,1.4754548215995516e14,0.0,4.013971431371567e6,1.0,1.0,1.0
540.0,1.5462575188538194e14,0.0,4.1091522368833823e6,1.0,1.0,1.0
541.0,1.546301475092706e14,0.0,4.1092106429352523e6,1.0,1.0,1.0
542.0,1.5475179954855662e14,0.0,4.110826742968181e6,1.0,1.0,1.0
543.0,1.547573586289658e14,0.0,4.1109005780100143e6,1.0,1.0,1.0
544.0,1.6217192482450397e14,0.0,4.208226965223695e6,1.0,1.0,1.0
545.0,1.6217192482501662e14,0.0,4.208226965230348e6,1.0,1.0,1.0
546.0,1.6231187433904522e14,0.0,4.2100423605735535e6,1.0,1.0,1.0
547.0,1.6231187437055228e14,0.0,4.2100423609821685e6,1.0,1.0,1.0
548.0,1.653021905735382e14,0.0,4.248646750511317e6,1.0,1.0,1.0
549.0,1.6530219057392225e14,0.0,4.248646750516253e6,1.0,1.0,1.0
550.0,1.6535700486571094e14,0.0,4.249351118857518e6,1.0,1.0,1.0
551.0,1.6535700486714297e14,0.0,4.249351118875917e6,1.0,1.0,1.0
552.0,1.679903137380233e14,0.0,4.2830529135410115e6,1.0,1.0,1.0
553.0,1.6799346545737766e14,0.0,4.283093091207059e6,1.0,1.0,1.0
554.0,1.6814018611453938e14,0.0,4.284963048114616e6,1.0,1.0,1.0
555.0,1.6814415020606694e14,0.0,4.285013559197043e6,1.0,1.0,1.0
556.0,1.7227491432954462e14,0.0,4.3373287452977635e6,1.0,1.0,1.0
557.0,1.72274914329718e14,0.0,4.3373287452999465e6,1.0,1.0,1.0
558.0,1.7230279500111303e14,0.0,4.337679703957122e6,1.0,1.0,1.0
559.0,1.7230279500133738e14,0.0,4.337679703959946e6,1.0,1.0,1.0
560.0,1.7246072849177012e14,0.0,4.339667216653979e6,1.0,1.0,1.0
561.0,1.7246072849987153e14,0.0,4.339667216755908e6,1.0,1.0,1.0
562.0,1.7526724499769572e14,0.0,4.374835214467897e6,1.0,1.0,1.0
563.0,1.7526992903974666e14,0.0,4.374868712446162e6,1.0,1.0,1.0
564.0,1.7543011003906512e14,0.0,4.376867374763132e6,1.0,1.0,1.0
565.0,1.7543345213911822e14,0.0,4.376909066178062e6,1.0,1.0,1.0
566.0,1.770034364181434e14,0.0,4.396450301875509e6,1.0,1.0,1.0
567.0,1.770034364182231e14,0.0,4.396450301876499e6,1.0,1.0,1.0
568.0,1.7716972475554834e14,0.0,4.3985149702264145e6,1.0,1.0,1.0
569.0,1.7716972477394922e14,0.0,4.39851497045483e6,1.0,1.0,1.0
570.0,1.7757371552156303e14,0.0,4.403526965394295e6,1.0,1.0,1.0
571.0,1.7757499365700312e14,0.0,4.403542813161323e6,1.0,1.0,1.0
572.0,1.77742774673431e14,0.0,4.405622656826009e6,1.0,1.0,1.0
573.0,1.7774435263124462e14,0.0,4.405642212814371e6,1.0,1.0,1.0
574.0,1.7995099195234975e14,0.0,4.432905178457644e6,1.0,1.0,1.0
575.0,1.7995855200021078e14,0.0,4.432998294430421e6,1.0,1.0,1.0
576.0,1.8002542731095947e14,0.0,4.4338219024174595e6,1.0,1.0,1.0
577.0,1.8003519732582256e14,0.0,4.4339422129725395e6,1.0,1.0,1.0
578.0,1.9178130284343844e14,0.0,4.57629962639068e6,1.0,1.0,1.0
579.0,1.9178130284352778e14,0.0,4.576299626391746e6,1.0,1.0,1.0
580.0,1.918736195765906e14,0.0,4.577400928230309e6,1.0,1.0,1.0
581.0,1.918736195794369e14,0.0,4.57740092826426e6,1.0,1.0,1.0
582.0,1.9307354271772706e14,0.0,4.591691503659169e6,1.0,1.0,1.0
583.0,1.9309514651271847e14,0.0,4.591948388123374e6,1.0,1.0,1.0
584.0,1.9312570536911303e14,0.0,4.59231173008836e6,1.0,1.0,1.0
585.0,1.931542698858736e14,0.0,4.592651333547692e6,1.0,1.0,1.0
586.0,2.0114145148106584e14,0.0,4.686645548975556e6,1.0,1.0,1.0
587.0,2.011450977250781e14,0.0,4.68668802797653e6,1.0,1.0,1.0
588.0,2.0124643384057022e14,0.0,4.68786844689463e6,1.0,1.0,1.0
589.0,2.012513473857577e14,0.0,4.687925675021389e6,1.0,1.0,1.0
590.0,2.083656734082217e14,0.0,4.770066198301425e6,1.0,1.0,1.0
591.0,2.0836567340826066e14,0.0,4.770066198301871e6,1.0,1.0,1.0
592.0,2.0848153011988834e14,0.0,4.771392154192717e6,1.0,1.0,1.0
593.0,2.0848153012479675e14,0.0,4.771392154248884e6,1.0,1.0,1.0
594.0,2.1022281517517466e14,0.0,4.791276595765378e6,1.0,1.0,1.0
595.0,2.102228151755566e14,0.0,4.79127659576973e6,1.0,1.0,1.0
596.0,2.1026853443580328e14,0.0,4.7917975708902525e6,1.0,1.0,1.0
597.0,2.102685344379668e14,0.0,4.791797570914905e6,1.0,1.0,1.0
598.0,2.1371411861657316e14,0.0,4.830898648588044e6,1.0,1.0,1.0
599.0,2.1371675928993584e14,0.0,4.830928494033108e6,1.0,1.0,1.0
600.0,2.138371606781853e14,0.0,4.832289100008177e6,1.0,1.0,1.0
601.0,2.1384071189661216e14,0.0,4.832329225033209e6,1.0,1.0,1.0
602.0,2.1647674341015225e14,0.0,4.86202225214865e6,1.0,1.0,1.0
603.0,2.1647674341017178e14,0.0,4.862022252148869e6,1.0,1.0,1.0
604.0,2.173959411934349e14,0.0,4.872333812283708e6,1.0,1.0,1.0
605.0,2.173959411935455e14,0.0,4.872333812284947e6,1.0,1.0,1.0
606.0,2.1752468735400278e14,0.0,4.873776344792311e6,1.0,1.0,1.0
607.0,2.175246873557959e14,0.0,4.8737763448124e6,1.0,1.0,1.0
608.0,2.1954768466836684e14,0.0,4.896387154401259e6,1.0,1.0,1.0
609.0,2.195500025183563e14,0.0,4.896413000861397e6,1.0,1.0,1.0
610.0,2.1967910991986628e14,0.0,4.897852468505906e6,1.0,1.0,1.0
611.0,2.1968219877839197e14,0.0,4.897886902185514e6,1.0,1.0,1.0
612.0,2.2025734897799656e14,0.0,4.904294292596768e6,1.0,1.0,1.0
613.0,2.202573489780141e14,0.0,4.904294292596962e6,1.0,1.0,1.0
614.0,2.2039169240223356e14,0.0,4.905789723410891e6,1.0,1.0,1.0
615.0,2.2039169240417206e14,0.0,4.905789723432465e6,1.0,1.0,1.0
616.0,2.240404543853292e14,0.0,4.946232669302764e6,1.0,1.0,1.0
617.0,2.240466458968612e14,0.0,4.94630101509575e6,1.0,1.0,1.0
618.0,2.2410184037693606e14,0.0,4.946910244704408e6,1.0,1.0,1.0
619.0,2.241102024850492e14,0.0,4.94700253803931e6,1.0,1.0,1.0
620.0,2.3498413050150612e14,0.0,5.065596416095983e6,1.0,1.0,1.0
621.0,2.3498413050158903e14,0.0,5.065596416096876e6,1.0,1.0,1.0
622.0,2.3505987442000094e14,0.0,5.066412763155417e6,1.0,1.0,1.0
623.0,2.3505987443411512e14,0.0,5.066412763307523e6,1.0,1.0,1.0
624.0,2.356563219037877e14,0.0,5.072836519334485e6,1.0,1.0,1.0
625.0,2.3567371645481794e14,0.0,5.073023737069059e6,1.0,1.0,1.0
626.0,2.3569892820003144e14,0.0,5.073295079082571e6,1.0,1.0,1.0
627.0,2.3572285665656e14,0.0,5.073552596248151e6,1.0,1.0,1.0
628.0,2.4342292584981097e14,0.0,5.155752467176771e6,1.0,1.0,1.0
629.0,2.4342590279393416e14,0.0,5.155783993254334e6,1.0,1.0,1.0
630.0,2.4350829153082166e14,0.0,5.156656420120088e6,1.0,1.0,1.0
631.0,2.4351252121919306e14,0.0,5.1567012049503e6,1.0,1.0,1.0
632.0,2.4967620136177853e14,0.0,5.221555437674316e6,1.0,1.0,1.0
633.0,2.496762013618692e14,0.0,5.221555437675264e6,1.0,1.0,1.0
634.0,2.4976976048228566e14,0.0,5.2225336614200575e6,1.0,1.0,1.0
635.0,2.4976976048847478e14,0.0,5.222533661484763e6,1.0,1.0,1.0
636.0,2.511753693259703e14,0.0,5.2372082573061725e6,1.0,1.0,1.0
637.0,2.5117536932624928e14,0.0,5.237208257309081e6,1.0,1.0,1.0
638.0,2.5121269912362728e14,0.0,5.237597420984177e6,1.0,1.0,1.0
639.0,2.5121269912624647e14,0.0,5.2375974210114805e6,1.0,1.0,1.0
640.0,2.5397621508189634e14,0.0,5.26632724837178e6,1.0,1.0,1.0
641.0,2.5397843384182503e14,0.0,5.266350251884819e6,1.0,1.0,1.0
642.0,2.540745590796439e14,0.0,5.267346756337304e6,1.0,1.0,1.0
643.0,2.5407770934802175e14,0.0,5.267379411130736e6,1.0,1.0,1.0
644.0,2.564932583061481e14,0.0,5.292359002092674e6,1.0,1.0,1.0
645.0,2.564932583063207e14,0.0,5.292359002094455e6,1.0,1.0,1.0
646.0,2.5659513289236138e14,0.0,5.293409913453318e6,1.0,1.0,1.0
647.0,2.5659513289470266e14,0.0,5.293409913477467e6,1.0,1.0,1.0
648.0,2.5660790032724125e14,0.0,5.293541604231967e6,1.0,1.0,1.0
649.0,2.566079003272749e14,0.0,5.293541604232314e6,1.0,1.0,1.0
650.0,2.5732071399940612e14,0.0,5.300888790451574e6,1.0,1.0,1.0
651.0,2.573217368544999e14,0.0,5.300899326011709e6,1.0,1.0,1.0
652.0,2.5742455690354038e14,0.0,5.301958281037923e6,1.0,1.0,1.0
653.0,2.5742600020277338e14,0.0,5.301973144230632e6,1.0,1.0,1.0
654.0,2.6344106827892325e14,0.0,5.363558954281981e6,1.0,1.0,1.0
655.0,2.6344596472967372e14,0.0,5.363608798978573e6,1.0,1.0,1.0
656.0,2.6349066840096416e14,0.0,5.364063850233821e6,1.0,1.0,1.0
657.0,2.634975625083277e14,0.0,5.364134023857848e6,1.0,1.0,1.0
658.0,2.7290797238028912e14,0.0,5.459079646234114e6,1.0,1.0,1.0
659.0,2.7290797238033512e14,0.0,5.459079646234574e6,1.0,1.0,1.0
660.0,2.729688049909311e14,0.0,5.459688040997367e6,1.0,1.0,1.0
661.0,2.7296880499508762e14,0.0,5.459688041038935e6,1.0,1.0,1.0
662.0,2.734680505730747e14,0.0,5.464678501300855e6,1.0,1.0,1.0
663.0,2.7348184009309275e14,0.0,5.464816276707363e6,1.0,1.0,1.0
664.0,2.7350097309217166e14,0.0,5.465007434731004e6,1.0,1.0,1.0
665.0,2.7352057285329734e14,0.0,5.46520324924701e6,1.0,1.0,1.0
666.0,2.799171994709747e14,0.0,5.528739294109502e6,1.0,1.0,1.0
667.0,2.7991961097100838e14,0.0,5.528763109234661e6,1.0,1.0,1.0
668.0,2.7998503141974716e14,0.0,5.529409139414119e6,1.0,1.0,1.0
669.0,2.799886127720849e14,0.0,5.529444503267184e6,1.0,1.0,1.0
670.0,2.847414079132178e14,0.0,5.57617805886105e6,1.0,1.0,1.0
671.0,2.8474140791331494e14,0.0,5.576178058862001e6,1.0,1.0,1.0
672.0,2.848150288831156e14,0.0,5.576898883253688e6,1.0,1.0,1.0
673.0,2.848150288879259e14,0.0,5.576898883300781e6,1.0,1.0,1.0
674.0,2.868442074526642e14,0.0,5.596730067979957e6,1.0,1.0,1.0
675.0,2.868442074528948e14,0.0,5.596730067982206e6,1.0,1.0,1.0
676.0,2.8687411163871875e14,0.0,5.597021796540379e6,1.0,1.0,1.0
677.0,2.86874111639421e14,0.0,5.597021796547229e6,1.0,1.0,1.0
678.0,2.8756169082294725e14,0.0,5.603725246464698e6,1.0,1.0,1.0
679.0,2.8756358581374206e14,0.0,5.603743710311941e6,1.0,1.0,1.0
680.0,2.8763791884013644e14,0.0,5.604467926337245e6,1.0,1.0,1.0
681.0,2.8764072800291956e14,0.0,5.604495293772564e6,1.0,1.0,1.0
682.0,2.8849108037077956e14,0.0,5.612773465630796e6,1.0,1.0,1.0
683.0,2.884910803708599e14,0.0,5.612773465631576e6,1.0,1.0,1.0
684.0,2.8856966284047475e14,0.0,5.613537849002164e6,1.0,1.0,1.0
685.0,2.8856966284558775e14,0.0,5.613537849051896e6,1.0,1.0,1.0
686.0,2.914910066658928e14,0.0,5.641880708408809e6,1.0,1.0,1.0
687.0,2.914910066976214e14,0.0,5.641880708715867e6,1.0,1.0,1.0
688.0,2.971489149633688e14,0.0,5.696372662844301e6,1.0,1.0,1.0
689.0,2.971526680705603e14,0.0,5.696408636439734e6,1.0,1.0,1.0
690.0,2.971881727009844e14,0.0,5.69674893767906e6,1.0,1.0,1.0
691.0,2.9719368140943275e14,0.0,5.696801735176507e6,1.0,1.0,1.0
692.0,3.04784992369769e14,0.0,5.769100550933288e6,1.0,1.0,1.0
693.0,3.0478499236991744e14,0.0,5.769100550934694e6,1.0,1.0,1.0
694.0,3.04832704725942e14,0.0,5.769552093193445e6,1.0,1.0,1.0
695.0,3.048327047263128e14,0.0,5.769552093196955e6,1.0,1.0,1.0
696.0,3.057197214780634e14,0.0,5.777940254572083e6,1.0,1.0,1.0
697.0,3.057304738359016e14,0.0,5.77804186060299e6,1.0,1.0,1.0
698.0,3.057436961071753e14,0.0,5.778166804004844e6,1.0,1.0,1.0
699.0,3.0575939342977744e14,0.0,5.77831513181236e6,1.0,1.0,1.0
700.0,3.100361671339133e14,0.0,5.818586550960924e6,1.0,1.0,1.0
701.0,3.1003812770671275e14,0.0,5.818604948402411e6,1.0,1.0,1.0
702.0,3.1008856537625244e14,0.0,5.81907822073967e6,1.0,1.0,1.0
703.0,3.1009158437903894e14,0.0,5.819106547760666e6,1.0,1.0,1.0
704.0,3.131093889950819e14,0.0,5.8473536987480875e6,1.0,1.0,1.0
705.0,3.1310938899513044e14,0.0,5.847353698748541e6,1.0,1.0,1.0
706.0,3.131653592275874e14,0.0,5.847876300645606e6,1.0,1.0,1.0
707.0,3.131653592340558e14,0.0,5.847876300706001e6,1.0,1.0,1.0
708.0,3.1412001987697794e14,0.0,5.856782919877259e6,1.0,1.0,1.0
709.0,3.141208609172352e14,0.0,5.85679076049009e6,1.0,1.0,1.0
710.0,3.141774235243659e14,0.0,5.857318042317726e6,1.0,1.0,1.0
711.0,3.141787153045987e14,0.0,5.857330083857506e6,1.0,1.0,1.0
712.0,3.167179598494491e14,0.0,5.880952407183708e6,1.0,1.0,1.0
713.0,3.167179598495991e14,0.0,5.8809524071851e6,1.0,1.0,1.0
714.0,3.167413798801619e14,0.0,5.881169839658916e6,1.0,1.0,1.0
715.0,3.1674137988579556e14,0.0,5.881169839711218e6,1.0,1.0,1.0
716.0,3.2068320918620106e14,0.0,5.917652105618676e6,1.0,1.0,1.0
717.0,3.206832092244691e14,0.0,5.917652105971762e6,1.0,1.0,1.0
718.0,3.24854223864435e14,0.0,5.956012193237712e6,1.0,1.0,1.0
719.0,3.248570265707133e14,0.0,5.956037886172476e6,1.0,1.0,1.0
720.0,3.248844775215839e14,0.0,5.956289528335317e6,1.0,1.0,1.0
721.0,3.2488876842412806e14,0.0,5.9563288619681485e6,1.0,1.0,1.0
722.0,3.304541495321077e14,0.0,6.007128526085168e6,1.0,1.0,1.0
723.0,3.3045414953217075e14,0.0,6.007128526085741e6,1.0,1.0,1.0
724.0,3.304903582719755e14,0.0,6.007457625593352e6,1.0,1.0,1.0
725.0,3.304903582722206e14,0.0,6.007457625595581e6,1.0,1.0,1.0
726.0,3.32199351996896e14,0.0,6.022970134249467e6,1.0,1.0,1.0
727.0,3.32207545084559e14,0.0,6.02304440654673e6,1.0,1.0,1.0
728.0,3.322156097269018e14,0.0,6.023117513562033e6,1.0,1.0,1.0
729.0,3.322278356506665e14,0.0,6.023228341433918e6,1.0,1.0,1.0
730.0,3.337281934825005e14,0.0,6.036813623782753e6,1.0,1.0,1.0
731.0,3.337298246044249e14,0.0,6.036828376457558e6,1.0,1.0,1.0
732.0,3.337669794395388e14,0.0,6.037164413430997e6,1.0,1.0,1.0
733.0,3.3376956193867656e14,0.0,6.037187769458846e6,1.0,1.0,1.0
734.0,3.3480673028189894e14,0.0,6.046560588200813e6,1.0,1.0,1.0
735.0,3.348067302819556e14,0.0,6.046560588201325e6,1.0,1.0,1.0
736.0,3.348474484296531e14,0.0,6.0469282589194095e6,1.0,1.0,1.0
737.0,3.348474484367081e14,0.0,6.046928258983112e6,1.0,1.0,1.0
738.0,3.4074367475037125e14,0.0,6.099935186765556e6,1.0,1.0,1.0
739.0,3.407436747524819e14,0.0,6.099935186784449e6,1.0,1.0,1.0
740.0,3.407614371088464e14,0.0,6.100094174050596e6,1.0,1.0,1.0
741.0,3.407614371357251e14,0.0,6.1000941742911795e6,1.0,1.0,1.0
742.0,3.441571318448154e14,0.0,6.13041261233319e6,1.0,1.0,1.0
743.0,3.4415713187188144e14,0.0,6.130412612574251e6,1.0,1.0,1.0
744.0,3.466153569565578e14,0.0,6.152267629066222e6,1.0,1.0,1.0
745.0,3.466174216248606e14,0.0,6.152285952508611e6,1.0,1.0,1.0
746.0,3.466377181726066e14,0.0,6.15246607665972e6,1.0,1.0,1.0
747.0,3.4664100799323444e14,0.0,6.152495272071422e6,1.0,1.0,1.0
748.0,3.5005163230768956e14,0.0,6.182688593807689e6,1.0,1.0,1.0
749.0,3.500516323078007e14,0.0,6.182688593808671e6,1.0,1.0,1.0
750.0,3.500776538701854e14,0.0,6.1829183888051e6,1.0,1.0,1.0
751.0,3.5007765388356544e14,0.0,6.182918388923256e6,1.0,1.0,1.0
752.0,3.51181777187707e14,0.0,6.19266098449589e6,1.0,1.0,1.0
753.0,3.511824995974702e14,0.0,6.192667353898782e6,1.0,1.0,1.0
754.0,3.512088849268045e14,0.0,6.192899985790749e6,1.0,1.0,1.0
755.0,3.512100532503675e14,0.0,6.192910286362957e6,1.0,1.0,1.0
756.0,3.529957584570809e14,0.0,6.208634054565725e6,1.0,1.0,1.0
757.0,3.5300175438390525e14,0.0,6.208686783750848e6,1.0,1.0,1.0
758.0,3.5300578958762375e14,0.0,6.208722269756356e6,1.0,1.0,1.0
759.0,3.530149107937569e14,0.0,6.20880248185415e6,1.0,1.0,1.0
760.0,3.590849995429116e14,0.0,6.261955122011492e6,1.0,1.0,1.0
761.0,3.590849995441692e14,0.0,6.2619551220224565e6,1.0,1.0,1.0
762.0,3.590977616943931e14,0.0,6.262066398324735e6,1.0,1.0,1.0
763.0,3.5909776172532925e14,0.0,6.2620663985944735e6,1.0,1.0,1.0
764.0,3.6207974161054356e14,0.0,6.28801302351318e6,1.0,1.0,1.0
765.0,3.620797416693942e14,0.0,6.288013024024191e6,1.0,1.0,1.0
766.0,3.626432000345564e14,0.0,6.292903737049659e6,1.0,1.0,1.0
767.0,3.626447507711377e14,0.0,6.292917191907759e6,1.0,1.0,1.0
768.0,3.626585124926883e14,0.0,6.293036593267321e6,1.0,1.0,1.0
769.0,3.626610584516999e14,0.0,6.293058682622118e6,1.0,1.0,1.0
770.0,3.638152025990058e14,0.0,6.303064343937117e6,1.0,1.0,1.0
771.0,3.6381520259909356e14,0.0,6.303064343937877e6,1.0,1.0,1.0
772.0,3.6383220825832325e14,0.0,6.30321165294399e6,1.0,1.0,1.0
773.0,3.638322083012108e14,0.0,6.303211653315493e6,1.0,1.0,1.0
774.0,3.6831794106516125e14,0.0,6.341949161284377e6,1.0,1.0,1.0
775.0,3.6832201898855075e14,0.0,6.341984269418346e6,1.0,1.0,1.0
776.0,3.6832335661228856e14,0.0,6.341995785402408e6,1.0,1.0,1.0
777.0,3.6832968337064575e14,0.0,6.342050253985261e6,1.0,1.0,1.0
778.0,3.719712695538934e14,0.0,6.37332430018159e6,1.0,1.0,1.0
779.0,3.7197126955457e14,0.0,6.3733243001873875e6,1.0,1.0,1.0
780.0,3.719795155623874e14,0.0,6.373394942996449e6,1.0,1.0,1.0
781.0,3.7197951559707344e14,0.0,6.373394943293599e6,1.0,1.0,1.0
782.0,3.7317233179914125e14,0.0,6.383605457143026e6,1.0,1.0,1.0
783.0,3.731729838121594e14,0.0,6.383611033912375e6,1.0,1.0,1.0
784.0,3.731814697493712e14,0.0,6.3836836150165945e6,1.0,1.0,1.0
785.0,3.7318255573374125e14,0.0,6.383692903494383e6,1.0,1.0,1.0
786.0,3.7467456177443075e14,0.0,6.396441365772678e6,1.0,1.0,1.0
787.0,3.746745618678367e14,0.0,6.396441366569991e6,1.0,1.0,1.0
788.0,3.783870053489738e14,0.0,6.428052658784614e6,1.0,1.0,1.0
789.0,3.783893349648934e14,0.0,6.428072446555527e6,1.0,1.0,1.0
790.0,3.783894638132194e14,0.0,6.428073540992166e6,1.0,1.0,1.0
791.0,3.783932217395667e14,0.0,6.428105460706186e6,1.0,1.0,1.0
792.0,3.796103717954391e14,0.0,6.438435570855854e6,1.0,1.0,1.0
793.0,3.7961037179559394e14,0.0,6.438435570857167e6,1.0,1.0,1.0
794.0,3.7961446344560506e14,0.0,6.438470269268941e6,1.0,1.0,1.0
795.0,3.7961446347922325e14,0.0,6.438470269554033e6,1.0,1.0,1.0
796.0,3.8214183776963806e14,0.0,6.4598675438776985e6,1.0,1.0,1.0
797.0,3.8214183781727806e14,0.0,6.4598675442803595e6,1.0,1.0,1.0
798.0,3.833758031313209e14,0.0,6.470288842234189e6,1.0,1.0,1.0
799.0,3.8337642248261606e14,0.0,6.470294068672744e6,1.0,1.0,1.0
800.0,3.8337660331540006e14,0.0,6.470295594641847e6,1.0,1.0,1.0
801.0,3.8337764863653206e14,0.0,6.470304415644545e6,1.0,1.0,1.0
802.0,3.8461538460098856e14,0.0,6.480740698286574e6,1.0,1.0,1.0
803.0,3.8461538461317425e14,0.0,6.480740698389238e6,1.0,1.0,1.0
804.0,5.542562576627205e20,0.0,7.779767563158238e9,1.0,1.0,1.0
805.0,5.54256257686556e20,0.0,7.7797675633255205e9,1.0,1.0,1.0
806.0,5.542562576865567e20,0.0,7.779767563325525e9,1.0,1.0,1.0
807.0,5.542562576867034e20,0.0,7.779767563326555e9,1.0,1.0,1.0
808.0,5.542562576867045e20,0.0,7.779767563326563e9,1.0,1.0,1.0
809.0,5.5425625768684e20,0.0,7.779767563327515e9,1.0,1.0,1.0
810.0,5.542562576868406e20,0.0,7.779767563327518e9,1.0,1.0,1.0
811.0,5.542562576869537e20,0.0,7.779767563328313e9,1.0,1.0,1.0
812.0,5.5425625768697325e20,0.0,7.779767563328449e9,1.0,1.0,1.0
813.0,5.5425625768697476e20,0.0,7.779767563328461e9,1.0,1.0,1.0
814.0,5.542562576870189e20,0.0,7.779767563328771e9,1.0,1.0,1.0
815.0,5.542562576871056e20,0.0,7.779767563329378e9,1.0,1.0,1.0
816.0,5.542562576871056e20,0.0,7.779767563329378e9,1.0,1.0,1.0
817.0,5.5425625768723664e20,0.0,7.779767563330298e9,1.0,1.0,1.0
818.0,5.542562576872379e20,0.0,7.779767563330307e9,1.0,1.0,1.0
819.0,5.5425625768736896e20,0.0,7.779767563331227e9,1.0,1.0,1.0
820.0,5.542562576873692e20,0.0,7.779767563331228e9,1.0,1.0,1.0
821.0,5.542562576875006e20,0.0,7.779767563332151e9,1.0,1.0,1.0
822.0,5.5425625768750114e20,0.0,7.779767563332154e9,1.0,1.0,1.0
823.0,5.542562576876327e20,0.0,7.779767563333077e9,1.0,1.0,1.0
824.0,5.542562576876334e20,0.0,7.779767563333083e9,1.0,1.0,1.0
825.0,5.54256257687765e20,0.0,7.779767563334005e9,1.0,1.0,1.0
826.0,5.542562576877651e20,0.0,7.779767563334007e9,1.0,1.0,1.0
827.0,5.542562576878965e20,0.0,7.779767563334929e9,1.0,1.0,1.0
828.0,5.542562576878968e20,0.0,7.77976756333493e9,1.0,1.0,1.0
829.0,5.542562576880325e20,0.0,7.779767563335884e9,1.0,1.0,1.0
830.0,5.5425625768803264e20,0.0,7.779767563335885e9,1.0,1.0,1.0
831.0,5.5425625768817997e20,0.0,7.779767563336919e9,1.0,1.0,1.0
832.0,5.5425625768817997e20,0.0,7.779767563336919e9,1.0,1.0,1.0
833.0,5.542562577120176e20,0.0,7.779767563504216e9,1.0,1.0,1.0
834.0,5.542562592280664e20,0.0,7.779767574144156e9,1.0,1.0,1.0
835.0,5.542562592519021e20,0.0,7.7797675743114395e9,1.0,1.0,1.0
836.0,5.542562592519025e20,0.0,7.779767574311443e9,1.0,1.0,1.0
837.0,5.542562592520491e20,0.0,7.779767574312472e9,1.0,1.0,1.0
838.0,5.542562592520501e20,0.0,7.779767574312478e9,1.0,1.0,1.0
839.0,5.542562592521851e20,0.0,7.779767574313426e9,1.0,1.0,1.0
840.0,5.542562592521852e20,0.0,7.779767574313428e9,1.0,1.0,1.0
841.0,5.542562592523181e20,0.0,7.779767574314361e9,1.0,1.0,1.0
842.0,5.5425625925231824e20,0.0,7.779767574314361e9,1.0,1.0,1.0
843.0,5.542562592524495e20,0.0,7.779767574315282e9,1.0,1.0,1.0
844.0,5.5425625925245003e20,0.0,7.779767574315286e9,1.0,1.0,1.0
845.0,5.542562592525814e20,0.0,7.779767574316207e9,1.0,1.0,1.0
846.0,5.5425625925258196e20,0.0,7.779767574316213e9,1.0,1.0,1.0
847.0,5.542562592527134e20,0.0,7.779767574317134e9,1.0,1.0,1.0
848.0,5.542562592527139e20,0.0,7.779767574317138e9,1.0,1.0,1.0
849.0,5.5425625925284554e20,0.0,7.779767574318062e9,1.0,1.0,1.0
850.0,5.5425625925284594e20,0.0,7.779767574318064e9,1.0,1.0,1.0
851.0,5.542562592529781e20,0.0,7.779767574318992e9,1.0,1.0,1.0
852.0,5.5425625925297825e20,0.0,7.779767574318994e9,1.0,1.0,1.0
853.0,5.5425625925306535e20,0.0,7.779767574319605e9,1.0,1.0,1.0
854.0,5.5425625925310906e20,0.0,7.779767574319911e9,1.0,1.0,1.0
855.0,5.542562592531105e20,0.0,7.779767574319921e9,1.0,1.0,1.0
856.0,5.5425625925313095e20,0.0,7.779767574320065e9,1.0,1.0,1.0
857.0,5.542562592532425e20,0.0,7.7797675743208475e9,1.0,1.0,1.0
858.0,5.542562592532432e20,0.0,7.779767574320852e9,1.0,1.0,1.0
859.0,5.5425625925337947e20,0.0,7.779767574321809e9,1.0,1.0,1.0
860.0,5.5425625925337966e20,0.0,7.779767574321811e9,1.0,1.0,1.0
861.0,5.542562592535275e20,0.0,7.779767574322848e9,1.0,1.0,1.0
862.0,5.5425625925352764e20,0.0,7.779767574322849e9,1.0,1.0,1.0
863.0,5.542562592773637e20,0.0,7.779767574490135e9,1.0,1.0,1.0
864.0,1.1085125153255066e21,0.0,1.1002252799928991e10,1.0,1.0,1.0
865.0,1.1085125168908511e21,0.0,1.10022528076972e10,1.0,1.0,1.0
866.0,1.1085125168908546e21,0.0,1.1002252807697218e10,1.0,1.0,1.0
867.0,1.1085125184561988e21,0.0,1.1002252815465427e10,1.0,1.0,1.0
