mode_rank,eigen_index,omega_sq,omega,omega_sq_isfinite,omega_sq_is_positive,vector_isfinite,norm_v,norm_Kv,norm_Mv,residual_norm,relative_residual,residual_within_tolerance,Mv_over_v,selected_positive_mode
1.0,1.0,3.3625692206921995e7,5798.766438383425,1.0,1.0,1.0,11.24668393269135,354064.3447876303,0.010529574422444118,4.944306569468424,1.396442946672319e-5,0.0,0.0009362381378778885,1.0
2.0,2.0,2.853360443255813e8,16891.892857983126,1.0,1.0,1.0,16.8568925275036,2.1638558457627036e6,0.0075835364934509555,3.372295528623497,1.5584655601986387e-6,0.0,0.0004498774896427503,1.0
3.0,3.0,2.8533605845472753e8,16891.893276205825,1.0,1.0,1.0,16.85690270549805,2.1638563880271427e6,0.007583541046261752,3.932551151222724,1.8173797337694204e-6,0.0,0.0004498774880979946,1.0
4.0,4.0,5.874425050992708e8,24237.213228819663,1.0,1.0,1.0,18.487300895917752,3.4675953648154135e6,0.005902867615805221,3.917617916712402,1.1297794305711745e-6,0.0,0.0003192931001143955,1.0
5.0,5.0,1.6762708238376565e9,40942.28649987268,1.0,1.0,1.0,26.37090397943023,6.805985632761728e6,0.0040601943557067146,3.214425644022511,4.722939214783743e-7,1.0,0.00015396492888047135,1.0
6.0,6.0,1.8652309511093805e9,43188.31961432837,1.0,1.0,1.0,21.62060774642295,7.267599524896e6,0.0038963537723921892,2.145097753519641,2.951590423272122e-7,1.0,0.00018021481255709967,1.0
7.0,7.0,1.865231173469696e9,43188.3221886391,1.0,1.0,1.0,21.62057109163097,7.267587013794613e6,0.0038963471355214305,2.1553879854427684,2.9657541731472163e-7,1.0,0.00018021481111706866,1.0
8.0,8.0,1.9230654782016153e9,43852.770473501616,1.0,1.0,1.0,24.574552523478825,9.768263682300415e6,0.005079528398858294,4.104871757712434,4.2022523545473305e-7,1.0,0.000206698713801818,1.0
9.0,9.0,1.979287060481754e9,44489.17913922164,1.0,1.0,1.0,12.8639825264911,5.212634228756631e6,0.00263359177551437,1.6414937948302022,3.1490676744102716e-7,1.0,0.00020472600690267986,1.0
10.0,10.0,7.084226876576565e9,84167.8494234976,1.0,1.0,1.0,2433.2124839918574,3.864646130788875e7,0.0054552826254399295,18.161974613742245,4.6995181445072985e-7,1.0,2.2420083167131183e-6,1.0
11.0,11.0,7.147827337363513e9,84544.82442683002,1.0,1.0,1.0,4578.077978891156,4.584077071426284e7,0.006413246700214431,60.182288230809796,1.312854801317795e-6,0.0,1.4008600835951175e-6,1.0
12.0,12.0,7.147827355525568e9,84544.82453424082,1.0,1.0,1.0,4578.084029846865,4.584082734999812e7,0.006413253422593443,24.65231162592844,5.377806764407617e-7,1.0,1.4008597004297372e-6,1.0
13.0,13.0,9.171947443251352e9,95770.28476125229,1.0,1.0,1.0,902.3177961585906,2.2071031658523835e7,0.0024063625123990065,9.846884765507271,4.461451969194382e-7,1.0,2.6668680620547867e-6,1.0
14.0,14.0,1.1636734038432766e10,107873.69483999687,1.0,1.0,1.0,2232.8606484715783,4.4717888482485816e7,0.0038428213612911534,21.750661343613857,4.863973071229859e-7,1.0,1.7210305371818049e-6,1.0
15.0,15.0,1.16367340718274e10,107873.69499478268,1.0,1.0,1.0,2232.8605913017736,4.471788730485667e7,0.003842821235477511,9.26178556221063,2.0711589500678617e-7,1.0,1.7210305249004008e-6,1.0
16.0,16.0,1.520745376076557e10,123318.50534597624,1.0,1.0,1.0,3.1214693874478664e10,3.505144867468307e14,23048.860907686263,9.090900366948973e7,2.593587629236888e-7,1.0,7.38397787925486e-7,1.0
17.0,17.0,1.8024038159429276e10,134253.6336917153,1.0,1.0,1.0,158180.80612625155,4.1848760403043704e9,0.23218304408322007,1367.9873918753183,3.2688838968364216e-7,1.0,1.4678332331794025e-6,1.0
18.0,18.0,1.8076107597903763e10,134447.41573531178,1.0,1.0,1.0,6135.523599300313,1.4373618781880012e8,0.007951722168840204,69.50245658124179,4.835418111189891e-7,1.0,1.296013622985169e-6,1.0
19.0,19.0,1.8076107663844444e10,134447.4159805403,1.0,1.0,1.0,6135.52408796049,1.4373619519136e8,0.007951722709283099,22.27141830989961,1.5494648501726952e-7,1.0,1.2960136078491595e-6,1.0
20.0,20.0,1.8096085788655968e10,134521.69263228873,1.0,1.0,1.0,1.7838941900319347e10,4.3682261783398175e14,24139.06652837589,1.0118683658421929e8,2.316428505293156e-7,1.0,1.3531669458458048e-6,1.0
21.0,21.0,1.9226430910693398e10,138659.40613854292,1.0,1.0,1.0,13532.08651722607,1.6804726605942795e8,0.00874042946639353,65.34499211600838,3.8884888548499145e-7,1.0,6.459040485195792e-7,1.0
22.0,22.0,2.02300774280935e10,142232.4766995692,1.0,1.0,1.0,5255.261093123336,1.0837692324121359e8,0.005357217583716021,86.21138797605899,7.954773284880327e-7,1.0,1.0194008420868181e-6,1.0
23.0,23.0,2.0230077473903343e10,142232.47686060783,1.0,1.0,1.0,5255.261277075717,1.083769272773862e8,0.005357217508727082,15.884206735957967,1.4656446842511974e-7,1.0,1.0194007921349438e-6,1.0
24.0,24.0,2.0592781306780212e10,143501.85123119567,1.0,1.0,1.0,2.657295307298914e10,3.937679519707634e14,19121.649761334465,8.976082107827806e7,2.2795359710975834e-7,1.0,7.195906946740981e-7,1.0
25.0,25.0,2.1147457950721153e10,145421.6557144126,1.0,1.0,1.0,8462.722823903208,2.0215253977017412e8,0.009559188918297785,51.39432000566786,2.542353341609354e-7,1.0,1.1295642214935336e-6,1.0
26.0,26.0,2.185490086203541e10,147834.03147460808,1.0,1.0,1.0,13158.060696072467,3.0543928469439846e8,0.01397578016491035,121.3157736754598,3.971845720499781e-7,1.0,1.0621458957916163e-6,1.0
27.0,27.0,2.185490086292001e10,147834.03147759993,1.0,1.0,1.0,13158.090051965562,3.054399588122433e8,0.013975810277556639,75.48929831266264,2.471493861059175e-7,1.0,1.0621458146555947e-6,1.0
28.0,28.0,2.2638703907231472e10,150461.63599812236,1.0,1.0,1.0,39255.337739719784,6.06951283621655e8,0.026810337336924027,242.04275166880214,3.987844761277018e-7,1.0,6.82973039607719e-7,1.0
29.0,29.0,2.3595436069637917e10,153608.05991105386,1.0,1.0,1.0,7133.770263890405,8.62888128761533e7,0.0036570129422815413,22.18928299062238,2.571513233627176e-7,1.0,5.126339659117628e-7,1.0
30.0,30.0,2.457862979686191e10,156775.73089245002,1.0,1.0,1.0,3.3054279423507782e10,4.538862800572764e14,18466.703952194817,6.820732416848621e7,1.502740381574853e-7,1.0,5.586781582980608e-7,1.0
31.0,31.0,2.4639755942619617e10,156970.55756612326,1.0,1.0,1.0,2141.6141335720304,1.5136315440249112e8,0.006143045872390874,25.131200853747178,1.6603248626096003e-7,1.0,2.868418626909599e-6,1.0
32.0,32.0,2.4967305106904575e10,158010.45885290182,1.0,1.0,1.0,941.7252161745361,9.097817712884636e7,0.0036438925841073538,13.34144020415846,1.4664439878401172e-7,1.0,3.869379858924801e-6,1.0
33.0,33.0,2.4967305176772522e10,158010.45907398828,1.0,1.0,1.0,941.7252036391768,9.09781791016538e7,0.0036438926394687784,3.095162141294965,3.402092849329081e-8,1.0,3.869379969217581e-6,1.0
34.0,34.0,2.7120416736754883e10,164682.77607799452,1.0,1.0,1.0,1565.3390796844421,1.0051927829630394e8,0.003706406222594705,9.714109365366982,9.66392639766748e-8,1.0,2.367797668056612e-6,1.0
35.0,35.0,2.7120416781522133e10,164682.77621391416,1.0,1.0,1.0,1565.3390895398868,1.0051928091915838e8,0.0037064061889865814,10.436231297236704,1.0382317901408325e-7,1.0,2.367797631678665e-6,1.0
36.0,36.0,2.7342816202165424e10,165356.63337817875,1.0,1.0,1.0,508.4392922530174,1.4059009396176708e8,0.005141756237389249,4.881114557298923,3.471876543704459e-8,1.0,1.011282234818022e-5,1.0
37.0,37.0,2.7993301808735344e10,167311.98943511295,1.0,1.0,1.0,243.71769850160786,8.449469216651551e7,0.0030183896396732825,5.027351014911206,5.949901568969204e-8,1.0,1.238477820129821e-5,1.0
38.0,38.0,2.8091967873696907e10,167606.5866059473,1.0,1.0,1.0,127711.28683470258,1.4293409001405687e9,0.05088076798669134,263.27995785329546,1.8419675658018541e-7,1.0,3.9840463006646073e-7,1.0
39.0,39.0,2.8483516474388103e10,168770.6031108146,1.0,1.0,1.0,5.299621461179724e10,6.114947830275249e14,21468.373940609967,2.9690225126149285e8,4.855352155116074e-7,1.0,4.050925919495954e-7,1.0
40.0,40.0,2.848351650052359e10,168770.60318824364,1.0,1.0,1.0,1.9556827645135226e9,2.2565570842331957e13,792.2326195646795,6.636938743898755e6,2.9411791865467103e-7,1.0,4.050926018984208e-7,1.0
41.0,41.0,3.0292101143793148e10,174046.26150478827,1.0,1.0,1.0,399.20782297499426,1.5474139333632052e8,0.0051083084260100916,6.554080207183037,4.2355054285222677e-8,1.0,1.2796113031908365e-5,1.0
42.0,42.0,3.05247407552393e10,174713.3101833953,1.0,1.0,1.0,618.898895778549,1.2598001639163938e8,0.0041271445218703535,6.918130579676943,5.4914507609722146e-8,1.0,6.6685278484437716e-6,1.0
43.0,43.0,3.068016548394158e10,175157.54475312098,1.0,1.0,1.0,1743.954018306112,1.794718072416758e8,0.005849766618004946,27.956790170071695,1.5577260016416465e-7,1.0,3.3543124168415725e-6,1.0
44.0,44.0,3.068016548862011e10,175157.54476647617,1.0,1.0,1.0,1743.9545675821576,1.7947187666256562e8,0.005849768938157237,7.53679590289762,4.1994299836791146e-8,1.0,3.354312690764322e-6,1.0
45.0,45.0,3.1536292690644276e10,177584.60713317548,1.0,1.0,1.0,496.58545058841685,1.5260240650333878e8,0.00483894566298952,6.188844379359331,4.055535237931125e-8,1.0,9.744437049566654e-6,1.0
46.0,46.0,3.1536292701088787e10,177584.6071625826,1.0,1.0,1.0,496.58550100420365,1.526024219119627e8,0.004838946168058959,4.011777994272555,2.6289084555456822e-8,1.0,9.744437077348332e-6,1.0
47.0,47.0,3.1886239871610207e10,178567.18587582157,1.0,1.0,1.0,7.805544590995293e9,3.9433809199446556e14,12367.030217091464,1.0987599053198172e8,2.786339761757724e-7,1.0,1.5843904384786215e-6,1.0
48.0,48.0,3.2556985592327522e10,180435.54414894956,1.0,1.0,1.0,393.4032121592066,1.1810540866875277e8,0.0036276518490519355,7.229778909797315,6.121462998196323e-8,1.0,9.221205462816249e-6,1.0
49.0,49.0,3.478773816132297e10,186514.71298887648,1.0,1.0,1.0,413.133863639766,1.46938786977033e8,0.004223867214005061,6.418554089650158,4.368182303460419e-8,1.0,1.022396754599638e-5,1.0
50.0,50.0,3.478773824209825e10,186514.71320541512,1.0,1.0,1.0,413.13384555132296,1.4693878212473294e8,0.004223867041311454,6.314449993998361,4.29733383024651e-8,1.0,1.0223967575628538e-5,1.0
51.0,51.0,3.607330234336492e10,189929.73001445804,1.0,1.0,1.0,411.6141209349999,2.1413610592391178e8,0.005936138093909678,7.289838032929772,3.4043012043564684e-8,1.0,1.4421609444363752e-5,1.0
52.0,52.0,3.645984553668563e10,190944.6137933344,1.0,1.0,1.0,3.661116447564581e9,3.714906371023271e14,10189.034864526115,5.288538242772992e7,1.4235993350475983e-7,1.0,2.7830403677282606e-6,1.0
53.0,53.0,3.701320148735261e10,192388.15318868417,1.0,1.0,1.0,460.0446377401739,2.3988482774042812e8,0.00648106138546136,10.21532236991403,4.2584278176648094e-8,1.0,1.408789681213883e-5,1.0
54.0,54.0,3.7013201559600914e10,192388.1533764512,1.0,1.0,1.0,460.04466947579084,2.3988483954584873e8,0.006481061651618971,5.9121601491155085,2.4645826383869755e-8,1.0,1.4087896418849881e-5,1.0
55.0,55.0,3.714247146099077e10,192723.82172681915,1.0,1.0,1.0,4159.752809181249,4.908190827565517e8,0.013214497120536763,385.7120536895921,7.858538252493065e-7,1.0,3.1767505731038212e-6,1.0
56.0,56.0,3.7296423461048e10,193122.81962794557,1.0,1.0,1.0,1544.1410979711407,2.5088956323192853e8,0.006726906884264875,22.800045461995285,9.087681750782137e-8,1.0,4.356406867936752e-6,1.0
57.0,57.0,3.839148118700327e10,195937.4420242422,1.0,1.0,1.0,970.9438873958981,5.215549387771769e8,0.013585173465402238,27.624069842035826,5.2964832251042325e-8,1.0,1.399171841107945e-5,1.0
58.0,58.0,3.8461538416459526e10,196116.13502325484,1.0,1.0,1.0,2.873875696245116e9,4.029873799148622e14,10477.671884507421,1.429772834788074e7,3.5479345161879197e-8,1.0,3.6458333595280762e-6,1.0
59.0,59.0,3.846153843196699e10,196116.13506279126,1.0,1.0,1.0,2.0609541303799605e9,2.889959688798769e14,7513.895193266774,5.786469366493771e7,2.0022664637578235e-7,1.0,3.6458332975520913e-6,1.0
60.0,60.0,1.3714285734056957e18,1.1710800883823855e9,1.0,1.0,1.0,2.9987660363513764,4.997943390881795e15,0.0036443337172641114,8.250658195851553,1.6508106536188428e-15,1.0,0.0012152777752872654,1.0
61.0,61.0,1.3714285743085952e18,1.171080088767884e9,1.0,1.0,1.0,2.911216149693,6.425496741366346e15,0.004685258030740503,5.188906250800735,8.075494330882414e-16,1.0,0.0016093817119125916,1.0
62.0,62.0,1.371428574308596e18,1.1710800887678845e9,1.0,1.0,1.0,2.9112061152720283,6.4254747544436e15,0.0046852419986093685,5.189599468763775,8.076600822647158e-16,1.0,0.001609381752130447,1.0
63.0,63.0,1.3714285745750093e18,1.1710800888816311e9,1.0,1.0,1.0,2.913261513266164,3.1568663265389495e15,0.0023018816911534947,3.1739357896711273,1.0054070908827147e-15,1.0,0.0007901390522860307,1.0
64.0,64.0,1.3714285745750093e18,1.1710800888816311e9,1.0,1.0,1.0,2.9132662960994207,3.1568714320531145e15,0.0023018854139242317,2.673479186253422,8.468761695862565e-16,1.0,0.0007901390329494532,1.0
65.0,65.0,1.3714285753837181e18,1.1710800892269146e9,1.0,1.0,1.0,2.8273233486181755,4.712205501035313e15,0.003435983167929009,5.167881378725854,1.0967011896213827e-15,1.0,0.00121527775364226,1.0
66.0,66.0,1.400000000956805e18,1.1832159570242472e9,1.0,1.0,1.0,3.6848912075618987,4.234047745454343e15,0.0030243198161147566,4.3548063834134645,1.0285208493666059e-15,1.0,0.0008207351712062598,1.0
67.0,67.0,1.400000003185896e18,1.18321595796621e9,1.0,1.0,1.0,2.9107982505168164,4.785719382620118e15,0.003418370979806817,3.490030045119747,7.2925923274862e-16,1.0,0.0011743757847868296,1.0
68.0,68.0,1.4000000031858967e18,1.1832159579662104e9,1.0,1.0,1.0,2.9107919049170614,4.785707388941922e15,0.003418362412893839,4.792522482387775,1.0014240514289691e-15,1.0,0.0011743754018002327,1.0
69.0,69.0,1.4000000032424596e18,1.1832159579901125e9,1.0,1.0,1.0,2.1772862473631207,4.263070899384307e15,0.0030450506353648953,6.381920344853811,1.497024209889523e-15,1.0,0.0013985531939370449,1.0
70.0,70.0,1.4000000032485844e18,1.1832159579927006e9,1.0,1.0,1.0,2.2555070968578774,4.600393971290146e15,0.0032859956861537943,1.4355919931451095,3.120584893607511e-16,1.0,0.0014568766778572675,1.0
71.0,71.0,1.4000000051073577e18,1.1832159587781758e9,1.0,1.0,1.0,3.282816788616881,3.8941271022278875e15,0.002781519348586913,5.493755632229073,1.4107797429328918e-15,1.0,0.0008472965528359031,1.0
72.0,72.0,2.7428571459165706e18,1.6561573433453026e9,1.0,1.0,1.0,2.1249999999645324,2.9166666694672615e15,0.0010633680553905074,2.4438615406604693,8.378953845647533e-16,1.0,0.0005004084966627085,1.0
73.0,73.0,2.771428574519378e18,1.664760816009128e9,1.0,1.0,1.0,1.5232048651464645,2.0413499358720792e15,0.0007365695636684737,1.3105451999173474,6.41999285319728e-16,1.0,0.0004835656585154411,1.0
74.0,74.0,2.771428574519378e18,1.664760816009128e9,1.0,1.0,1.0,1.523204865147032,2.0413499358728398e15,0.0007365695636687481,1.9289135619468738,9.449205783143248e-16,1.0,0.00048356565851544105,1.0
75.0,75.0,2.8000000030593905e18,1.6733200539823189e9,1.0,1.0,1.0,2.183673469110969,2.857142860125522e15,0.001020408163215605,1.8026595284520646,6.309308342995733e-16,1.0,0.0004672897196626381,1.0
