mode_rank,eigen_index,lambda_real,lambda_imag,k_num,k_ref,relative_error_vs_ref,vector_isfinite,norm_v,norm_Kv,norm_KGv,residual_norm,full_relative_residual,residual_within_tolerance,KGv_over_v,selected_positive_mode
1.0,16.0,9.458912253472652e6,0.0,104.65598985560207,4.0,25.163997463900518,1.0,10.637107118835429,1.6211197061590154e6,0.17138545091767882,14.604388188928553,9.00882643707632e-6,0.0,0.016112035819795565,1.0
2.0,17.0,1.3990114366895234e7,0.0,154.7904482064486,4.0,37.69761205161215,1.0,15.009938298163647,5.833842579981538e6,0.4169975944248474,14.810383627955206,2.538700646559018e-6,0.0,0.02778143295071799,1.0
3.0,18.0,2.42401163067175e7,0.0,268.19927052004084,4.0,66.04981763001021,1.0,15.548821633002566,1.4874440478210425e7,0.6136291360074283,13.791205847203198,9.27174692936829e-7,1.0,0.039464671374517084,1.0
4.0,19.0,3.2067765211217396e7,0.0,354.80651693379195,4.0,87.70162923344799,1.0,16.172718908721766,1.5378901379527874e7,0.4795751511347731,11.267843828882265,7.32681880762964e-7,1.0,0.029653341150704327,1.0
5.0,20.0,3.2861071794967663e7,0.0,363.5838777503985,4.0,89.89596943759963,1.0,17.22542791485764,1.1202731550240165e7,0.34091193846509604,9.461233498294092,8.445470054774464e-7,1.0,0.019791202874620342,1.0
6.0,21.0,5.2223507500621125e7,0.0,577.8151572557841,4.0,143.45378931394603,1.0,15.611700787700991,1.6165872534584807e7,0.30955162970144046,6.739811986002974,4.1691606633567177e-7,1.0,0.01982818104900572,1.0
7.0,22.0,6.274204795580246e7,0.0,694.1951630824636,4.0,172.5487907706159,1.0,16.1607930539424,9.051693670502111e6,0.1442683845743235,12.740992941356023,1.40758106463079e-6,0.0,0.008927060948851732,1.0
8.0,23.0,9.05314756574576e7,0.0,1001.6649847387193,4.0,249.41624618467984,1.0,15.408343811392907,1.7002237181004502e7,0.18780471195946813,9.022039608201762,5.306383643469058e-7,1.0,0.0121885073605773,1.0
9.0,24.0,1.3459270372325113e8,0.0,1489.1704519541615,4.0,371.2926129885404,1.0,1834.569551454173,1.1560166595798819e8,0.8589000908869654,1051.6576803206945,9.097252138931129e-6,0.0,0.00046817526771125007,1.0
10.0,25.0,1.368173906490636e8,0.0,1513.7849960053807,4.0,377.44624900134517,1.0,908.0775206790651,8.2315501515038e7,0.6016453138801459,406.4760414094919,4.938023024853108e-6,0.0,0.0006625484060328158,1.0
11.0,26.0,1.459907360042147e8,0.0,1615.2813956657294,4.0,402.82034891643235,1.0,323.0708480119009,4.372048742738492e7,0.29947442990295575,128.80019128954396,2.945991321533277e-6,0.0,0.0009269620943698518,1.0
12.0,27.0,1.6248539971081424e8,0.0,1797.7828621441486,4.0,448.44571553603714,1.0,278.8533907363789,2.9495926392962955e7,0.18152975272925115,162.1047685708327,5.495834313934037e-6,0.0,0.0006509863561274206,1.0
13.0,28.0,1.7433601027647492e8,0.0,1928.9012556663158,4.0,481.22531391657895,1.0,1.8638261889672667e7,5.054515810275552e11,2899.296690393641,8.657155374066375e6,1.7127558102340686e-5,0.0,0.00015555617297126407,1.0
14.0,29.0,1.899894129244401e8,0.0,2102.094779914271,4.0,524.5236949785677,1.0,407.77733238119833,1.0542973949649616e8,0.5549243056614515,433.2233358374208,4.109118767665636e-6,0.0,0.0013608512822941743,1.0
15.0,30.0,1.9276385038458037e8,0.0,2132.7919140986846,4.0,532.1979785246712,1.0,366.67321620037006,7.44889340049935e7,0.3864256102023881,281.9068064544289,3.784546123797808e-6,0.0,0.001053869203228698,1.0
16.0,31.0,2.0617653411959827e8,0.0,2281.1935120089606,4.0,569.2983780022402,1.0,274.3397626004293,5.614127201333771e7,0.27229698761007765,89.22125527189608,1.5892275339023211e-6,0.0,0.0009925538501200537,1.0
17.0,32.0,2.3107528279035506e8,0.0,2556.680070978491,4.0,638.1700177446228,1.0,315.9838769205881,5.542383893592489e7,0.2398518952944881,62.647869406505436,1.1303414610516736e-6,0.0,0.00075906371436403,1.0
18.0,33.0,2.478211924840012e8,0.0,2741.9613917115003,4.0,684.4903479278751,1.0,436.6672254700369,5.38545925172367e7,0.21731216831977973,121.48047671300338,2.255712484949586e-6,0.0,0.0004976608173097049,1.0
19.0,34.0,3.0461485446590924e8,0.0,3370.3419869600625,4.0,841.5854967400156,1.0,15.387959699745856,2.5211109876928117e7,0.08276388415221315,7.15380100773975,2.8375589343992083e-7,1.0,0.005378483292595318,1.0
20.0,35.0,4.452460254330187e8,0.0,4926.323690534051,4.0,1230.5809226335127,1.0,426.2735824393395,1.680375067946601e8,0.3774036600563849,540.3288471946763,3.2155252568401407e-6,0.0,0.0008853554984493814,1.0
21.0,36.0,4.542660547317715e8,0.0,5026.123759452223,4.0,1255.5309398630557,1.0,316.5013190899246,1.0287837141236563e8,0.22647160761979598,237.69330379955423,2.310430273500464e-6,0.0,0.0007155471208492837,1.0
22.0,37.0,4.9104379280942875e8,0.0,5433.042703198021,4.0,1357.2606757995052,1.0,235.25912805119313,8.015916079669484e7,0.16324236273025025,74.67885398794873,9.316321833427667e-7,1.0,0.000693883226051608,1.0
23.0,38.0,5.572048030546284e8,0.0,6165.066199294619,4.0,1540.2665498236547,1.0,133.2203227333605,4.610892394039903e7,0.08275039845144537,30.786556260662913,6.676919266313393e-7,1.0,0.0006211544661775794,1.0
24.0,39.0,5.869707735134584e8,0.0,6494.405030113964,4.0,1622.601257528491,1.0,804.526302465591,1.3091498638983943e8,0.2230348769642443,255.37161199441766,1.9506675212413845e-6,0.0,0.0002772250904423144,1.0
25.0,40.0,1.9004417640448182e9,0.0,21027.006980217786,4.0,5255.7517450544465,1.0,815.2674705297444,3.346130398941009e8,0.1760711852467638,2377.312562699525,7.104662040223843e-6,0.0,0.00021596738691457453,1.0
26.0,41.0,1.9370372696754506e9,0.0,21431.909654374005,4.0,5356.977413593501,1.0,882.3952569682966,3.0863820097797406e8,0.15933518231849478,1824.8585994435007,5.9126141665585054e-6,0.0,0.00018057121347856417,1.0
27.0,42.0,2.0736664062565057e9,0.0,22943.61175592981,4.0,5734.902938982453,1.0,709.0633476166441,2.5834120437315145e8,0.12458185131265234,394.21576609187923,1.525950020432934e-6,0.0,0.0001756991836221771,1.0
28.0,43.0,2.335944688218106e9,0.0,25845.53033607528,4.0,6460.38258401882,1.0,1616.4159068270462,3.913474381338265e8,0.1675328495157857,546.3766638371916,1.3961420625437939e-6,0.0,0.00010364464294628563,1.0
29.0,44.0,2.542946549077055e9,0.0,28135.855488652043,4.0,7032.963872163011,1.0,1617.9765838046803,2.4106614466733843e8,0.09479799500259188,471.8772323286677,1.9574588444303936e-6,0.0,5.8590461661487034e-5,1.0
30.0,45.0,8.897306485669344e15,0.0,9.844223017974797e10,4.0,2.4610557543936993e10,1.0,10.615034627132978,2.2227676173541785e15,0.24982477797458513,4.712271891833712,2.1200020438676605e-15,1.0,0.023534994161583857,1.0
31.0,46.0,9.062584801516046e15,0.0,1.0027091462919438e11,4.0,2.5067728656298595e10,1.0,11.881073853301686,2.2228483005581152e15,0.2452775173134121,4.206977673970265,1.8926067392516025e-15,1.0,0.02064438958480599,1.0
32.0,47.0,1.6170696286175978e16,0.0,1.7891700241354272e11,4.0,4.472925060238568e10,1.0,8.342892574572076,3.1585752184979775e15,0.1953271004909161,7.106052727634515,2.249765237825715e-15,1.0,0.02341239549053343,1.0
33.0,48.0,1.6426636654120014e16,0.0,1.8174879658113913e11,4.0,4.543719914428478e10,1.0,10.198448690631666,3.152619473556299e15,0.1919211789934845,6.214690923896855,1.971278480014715e-15,1.0,0.018818663976785412,1.0
34.0,49.0,4.045334298843946e16,0.0,4.475868408514941e11,4.0,1.1189671021187352e11,1.0,6.589743308937227,3.806676223736962e15,0.09410041154880117,11.87502822525768,3.1195267281229724e-15,1.0,0.014279829598397116,1.0
35.0,50.0,4.106762366299018e16,0.0,4.54383410089217e11,4.0,1.1359585252130424e11,1.0,7.658383916338066,3.790423329985414e15,0.09229711855476348,10.738906930709186,2.8331682231257554e-15,1.0,0.012051774834356476,1.0
36.0,51.0,5.000000002038908e16,0.0,5.532136629127545e11,4.0,1.3830341572718863e11,1.0,8.220346016366701,4.618400138012308e15,0.09236800272258017,16.68554893947141,3.612841772227347e-15,1.0,0.011236510304879571,1.0
37.0,52.0,5.000000010260463e16,0.0,5.532136638224099e11,4.0,1.3830341595460248e11,1.0,10.499771475414626,3.4359082212766865e15,0.06871816428451767,11.801633576931744,3.4347930203288696e-15,1.0,0.0065447295158206345,1.0
38.0,53.0,5.000000031386845e16,0.0,5.532136661598905e11,4.0,1.3830341653897263e11,1.0,9.975324863529366,2.21771366073973e15,0.04435427293636643,14.227709510789715,6.415485354427581e-15,1.0,0.004446398843463175,1.0
39.0,54.0,1.7668644682546157e17,0.0,1.9549071279098894e12,4.0,4.8872678197647235e11,1.0,10.706951706227633,4.722895619793555e15,0.02673037861505603,21.501115584323244,4.5525282189622245e-15,1.0,0.0024965442404590718,1.0
40.0,55.0,1.794066969774398e17,0.0,1.9850047189099133e12,4.0,4.9625117972647833e11,1.0,10.994612115473675,4.702408225655302e15,0.02621088457052761,22.332899238871974,4.7492472297552994e-15,1.0,0.0023839753776887453,1.0
