ndiv,lambda_numeric,lambda_exact
9,-Inf,4.000000
9,-Inf,6.250000
9,-Inf,11.111111
9,-Inf,16.000000
9,-Inf,18.062500
9,-Inf,18.777778
9,-Inf,25.000000
9,-Inf,25.000000
9,-Inf,27.040000
9,-Inf,33.640000
9,-Inf,36.000000
9,-Inf,38.027778
9,-Inf,39.062500
9,-Inf,42.250000
9,-Inf,44.444444
9,-Inf,46.240000
9,-Inf,51.020408
9,-Inf,56.250000
9,-Inf,57.326531
9,-Inf,64.000000
9,-Inf,66.015625
9,-Inf,67.240000
9,-Inf,68.653061
9,-Inf,69.444444
9,-Inf,72.250000
9,-Inf,75.111111
9,-Inf,83.012346
9,-Inf,83.265625
9,-Inf,86.224490
9,-Inf,89.197531
9,-Inf,100.000000
9,-Inf,100.000000
9,-Inf,100.000000
9,-Inf,100.000000
9,-Inf,100.000000
9,-Inf,102.010000
9,-Inf,103.361111
9,-Inf,105.062500
9,-Inf,108.160000
9,-Inf,111.755102
9,-Inf,116.160494
9,-Inf,118.810000
9,-Inf,123.008264
9,-Inf,123.765625
9,-Inf,128.444444
9,-5.8612938350985325e+30,129.132231
9,-1.5659854347224452e+30,134.560000
9,-4.3677847578281621e+29,138.716049
9,-9.0363192005078443e+28,139.669421
9,-8.3062836940402286e+28,144.000000
9,-6.5805287503653916e+28,146.006944
9,-2.0162747026047638e+28,147.448980
9,-1.5468139209987923e+28,148.840000
9,-3.9163381100110566e+26,152.111111
9,-6.0695122322209998e+11,155.115702
9,4.1278385445102389e-04,156.250000
9,3.7585341979051644e+08,156.250000
9,1.2691986764432962e+09,162.562500
9,1.9685818172797484e+09,169.000000
9,2.6612139190392752e+09,169.000000
9,3.0862692937193704e+09,171.005917
9,4.2532462940393252e+09,176.165289
9,5.7549619430719223e+09,177.094675
9,6.2855057376262197e+09,177.777778
9,8.7556953802234745e+09,184.960000
9,9.0815465951956692e+09,187.479290
9,9.9676495797855511e+09,196.000000
9,1.2057864437817310e+10,198.005102
9,1.2391816123049110e+10,198.340278
9,1.2984094514165337e+10,199.515625
9,1.2995111296656990e+10,200.694444
9,1.6890018664950182e+10,202.514793
9,1.7379369482690552e+10,203.710744
9,1.9400514814627293e+10,204.081633
9,2.0665037420410648e+10,208.641975
9,2.2682706673750259e+10,210.250000
9,2.4072905314538074e+10,214.413265
9,2.5610218112888935e+10,219.040000
9,2.6192170903128170e+10,222.010000
9,2.8282397936358536e+10,222.698225
9,2.9914209331623177e+10,225.000000
9,3.0847837806834969e+10,225.000000
9,3.3160312996159801e+10,227.004444
9,3.3812105915928955e+10,229.306122
9,3.6748939826653328e+10,233.071111
9,3.8972373895386955e+10,238.842975
9,4.1144734085627953e+10,243.360000
9,4.3136846227376564e+10,248.668639
9,4.4585680758389679e+10,249.188776
9,4.6232884810274879e+10,256.000000
9,4.6787164245741234e+10,258.003906
9,4.7678158154966385e+10,258.137778
9,4.7957337633229668e+10,258.673611
9,5.0792848570276894e+10,259.567901
9,5.1781758585920242e+10,260.591837
9,5.5020243140377922e+10,264.062500
9,5.6569794976082527e+10,264.062500
9,5.8361494628748520e+10,268.960000
9,6.0010414692684952e+10,274.316406
9,6.0284009182065109e+10,274.612245
9,6.2256978846923523e+10,277.777778
9,6.5652286552048035e+10,277.777778
9,6.5722336862453346e+10,281.207101
9,6.8478566446402954e+10,282.851240
9,6.8817241987649902e+10,289.000000
9,7.1120181103452469e+10,289.000000
9,7.2480723567322739e+10,291.003460
9,7.6176686269879974e+10,297.055363
9,7.6641486034173218e+10,300.444444
9,7.9774580207690842e+10,302.760000
9,8.0047284817365036e+10,306.250000
9,8.6011042229031479e+10,307.280277
9,8.8449361160445160e+10,308.441406
9,9.3998839212814423e+10,316.840000
9,9.4393825411246414e+10,321.236686
9,9.5923147140582977e+10,321.885813
9,9.7597874178901794e+10,324.000000
9,1.0094553026470128e+11,326.003086
9,1.0792513090480650e+11,327.610000
9,1.1564498332766325e+11,328.515625
9,1.1622668530332356e+11,332.049383
9,1.2199043724812502e+11,333.062500
9,1.2340606283894511e+11,333.671111
9,1.3168587195499110e+11,337.223140
9,1.4186851705720129e+11,341.162630
9,1.5073281482948584e+11,342.250000
9,1.5445481147142767e+11,344.897959
9,1.6682245033233234e+11,344.897959
9,1.8279736331050250e+11,351.562500
9,1.9565042243918716e+11,356.790123
9,2.1248610130522171e+11,363.002770
9,2.2522787375958347e+11,363.378906
9,2.6755963852392981e+11,365.484429
9,3.1154989398784058e+11,369.044321
9,3.2353542282605469e+11,369.822485
9,4.1613478090315009e+11,371.204444
9,4.2786092681347223e+11,373.777778
9,5.0630997302394025e+11,375.929012
9,5.6106322308610620e+11,379.224377
9,5.7379719583671179e+11,380.250000
9,9.3286003500170312e+11,391.474490
9,9.8418423149516797e+11,393.709141
9,1.3329783275121104e+12,395.307958
9,2.0418101785943921e+12,400.000000
9,3.6741813416922192e+12,400.000000
9,3.8085967530413496e+12,400.000000
9,3.8176737143022148e+12,400.000000
9,3.8372693639888198e+12,400.000000
9,3.8555866220156450e+12,402.002500
9,3.8681097828026616e+12,403.644628
9,3.8755799813818872e+12,404.456790
9,3.8797367886938008e+12,408.040000
9,3.8818130412639717e+12,412.731302
9,3.8905675483961929e+12,413.444444
9,3.8905675506902090e+12,416.160000
9,4.1736805363737788e+12,418.202500
9,4.1835738461604121e+12,420.250000
9,4.2049515165756138e+12,428.171598
9,4.2249572511160010e+12,429.410494
9,4.2386558425391245e+12,431.173010
9,4.2468500244812173e+12,432.640000
9,4.2514270700904043e+12,436.590028
9,4.2537226509798076e+12,443.002268
9,4.2631768327333901e+12,443.628906
9,4.2631771645852476e+12,447.020408
9,5.3613677868988477e+12,449.036281
9,5.3739577117679922e+12,449.440000
9,5.4011866676105820e+12,451.562500
9,5.4267029362426357e+12,453.081633
9,5.4362795000667891e+12,459.183673
9,5.4442250604532734e+12,464.641975
9,5.4547524598188838e+12,465.650970
9,5.4606659028715391e+12,469.444444
9,5.4636474970117314e+12,473.580499
9,5.4754907067485381e+12,473.702422
9,5.4754907353372490e+12,475.240000
9,7.7082121689594854e+12,484.000000
9,7.7261792121979590e+12,486.002066
9,7.7650685156337246e+12,487.673611
9,7.8015515189974443e+12,488.410000
9,7.8266576371242734e+12,492.033058
9,7.8417876752284912e+12,492.417234
9,7.8503165689384346e+12,495.062500
9,7.8546311244735078e+12,497.633136
9,7.8713213340183828e+12,500.346260
9,7.8713214161522676e+12,502.167355
9,1.2032559745113580e+13,503.753086
9,1.2060556610876301e+13,504.002500
9,1.2121095080021375e+13,506.250000
9,1.2177900872689379e+13,512.698980
9,1.2217035927085920e+13,513.777778
9,1.2240661626220004e+13,515.938776
9,1.2254004499132096e+13,516.528926
9,1.2260765394573918e+13,523.602076
9,1.2286508444290555e+13,531.001890
9,1.2286508479552525e+13,532.071111
9,2.0378712973189379e+13,534.765625
9,2.0426128081898047e+13,535.291322
9,2.0528622059423188e+13,537.030246
9,2.0624767138668566e+13,538.240000
9,2.0691039314689992e+13,541.174515
9,2.0731093541622277e+13,544.444444
9,2.0753744042291383e+13,547.153119
9,2.0765234312914891e+13,554.864198
9,2.0808510859472449e+13,555.191406
9,2.0808510878498660e+13,558.677686
9,3.8781280906523508e+13,561.483932
9,3.8871683618287547e+13,576.000000
9,3.9066909660870758e+13,578.001736
9,3.9249927924294047e+13,578.287982
9,3.9376092233157734e+13,578.402500
9,3.9452395510421383e+13,579.698225
9,3.9495581027349234e+13,580.181474
9,3.9517504910868023e+13,580.371901
9,3.9599509264473453e+13,581.660900
9,3.9599509314124031e+13,584.027778
9,9.1762711874413031e+13,586.960744
9,9.1976957117008031e+13,588.062500
9,9.2439346339055125e+13,588.700831
9,9.2872579354959469e+13,589.795918
9,9.3171221204683406e+13,589.795918
9,9.3351915222613422e+13,592.111111
9,9.3454244536880875e+13,594.140625
9,9.3506223111522141e+13,595.360000
9,9.3699722057454094e+13,603.449905
9,9.3699722287896047e+13,605.160000
9,3.7846023570283956e+14,608.444444
9,3.7934513167090356e+14,611.188272
9,3.8125370587269656e+14,617.877551
9,3.8304119154653512e+14,620.462810
9,3.8427324416586900e+14,625.000000
9,3.8501884240141231e+14,625.000000
9,3.8544121131578000e+14,625.000000
9,3.8565581655524194e+14,625.000000
9,3.8645282920577575e+14,627.001600
9,3.8645283047264425e+14,627.085069
9,2.8532531536991575e+24,631.538752
9,4.0915556459879795e+25,633.025600
9,1.0290971682705025e+26,643.129600
9,3.8601193429288254e+26,643.556787
9,5.2789181762913219e+27,648.750865
9,1.2862303268809995e+28,650.250000
9,1.3756198073811867e+28,657.409600
9,3.4104281709738056e+28,659.555785
9,6.7016680778773420e+28,663.675737
9,7.0307315974539786e+28,664.742911
9,1.0335049697587425e+29,676.000000
9,1.1047534379889845e+29,676.000000
9,1.5646683522046081e+29,676.000000
9,2.5120662572381427e+29,676.000000
9,8.1272165030471886e+29,676.000000
9,Inf,678.001479
9,Inf,678.168403
9,Inf,678.602500
9,Inf,679.719388
9,Inf,680.340278
9,Inf,684.023669
9,Inf,684.694444
9,Inf,689.937778
9,Inf,694.119822
9,Inf,695.041322
9,Inf,699.073600
9,Inf,702.250000
9,Inf,703.402647
9,Inf,704.661157
9,Inf,705.566406
9,Inf,706.440443
9,Inf,708.378698
9,Inf,711.111111
9,Inf,716.199546
9,Inf,723.610000
9,Inf,725.826990
9,Inf,726.841600
9,Inf,726.924556
9,Inf,731.001372
9,Inf,737.021948
9,Inf,739.840000
9,Inf,747.111111
9,Inf,747.903592
9,Inf,749.390625
9,Inf,749.917160
9,Inf,750.151235
9,Inf,756.250000
9,Inf,759.553600
9,Inf,760.183673
9,Inf,761.351166
9,Inf,771.604938
9,Inf,776.020408
9,Inf,777.551775
9,Inf,778.116343
9,Inf,779.857339
9,Inf,784.000000
9,Inf,786.001276
9,Inf,787.737778
9,Inf,788.313609
9,Inf,792.020408
9,Inf,793.361111
9,Inf,797.497600
9,Inf,798.062500
9,Inf,798.676749
10,-Inf,4.000000
10,-Inf,6.250000
10,-Inf,11.111111
10,-Inf,16.000000
10,-Inf,18.062500
10,-Inf,18.777778
10,-Inf,25.000000
10,-Inf,25.000000
10,-Inf,27.040000
10,-Inf,33.640000
10,-Inf,36.000000
10,-Inf,38.027778
10,-Inf,39.062500
10,-Inf,42.250000
10,-Inf,44.444444
10,-Inf,46.240000
10,-Inf,51.020408
10,-Inf,56.250000
10,-Inf,57.326531
10,-Inf,64.000000
10,-Inf,66.015625
10,-Inf,67.240000
10,-Inf,68.653061
10,-Inf,69.444444
10,-Inf,72.250000
10,-Inf,75.111111
10,-Inf,83.012346
10,-Inf,83.265625
10,-Inf,86.224490
10,-Inf,89.197531
10,-Inf,100.000000
10,-Inf,100.000000
10,-Inf,100.000000
10,-Inf,100.000000
10,-Inf,100.000000
10,-Inf,102.010000
10,-Inf,103.361111
10,-Inf,105.062500
10,-Inf,108.160000
10,-Inf,111.755102
10,-Inf,116.160494
10,-Inf,118.810000
10,-Inf,123.008264
10,-Inf,123.765625
10,-Inf,128.444444
10,-Inf,129.132231
10,-Inf,134.560000
10,-Inf,138.716049
10,-Inf,139.669421
10,-Inf,144.000000
10,-Inf,146.006944
10,-Inf,147.448980
10,-Inf,148.840000
10,-Inf,152.111111
10,-2.2104155916769117e+30,155.115702
10,-5.0897049040476714e+28,156.250000
10,-3.4905690666848072e+28,156.250000
10,-3.1206080888694496e+28,162.562500
10,-1.7690944808408753e+28,169.000000
10,-1.2874193030284475e+28,169.000000
10,-8.3776045668059278e+27,171.005917
10,-3.2044566527766894e+27,176.165289
10,-9.8618523123742500e+26,177.094675
10,-3.5443296003965126e+26,177.777778
10,-1.7587017886172707e+25,184.960000
10,-2.9416985832939386e+21,187.479290
10,7.2470294507572046e-05,196.000000
10,2.9943992000121826e+08,198.005102
10,1.0142618976601013e+09,198.340278
10,1.5841568432469089e+09,199.515625
10,2.1276607177293737e+09,200.694444
10,2.4695693857672310e+09,202.514793
10,3.3856322964451847e+09,203.710744
10,4.5516474022510786e+09,204.081633
10,4.9966528557589245e+09,208.641975
10,6.9385954781217356e+09,210.250000
10,7.1688523268981047e+09,214.413265
10,7.9567066864908314e+09,219.040000
10,9.6504408104813499e+09,222.010000
10,9.7233580169390945e+09,222.698225
10,1.0220403486131207e+10,225.000000
10,1.0281462843726025e+10,225.000000
10,1.3303998741693556e+10,227.004444
10,1.3563714476580147e+10,229.306122
10,1.5015297345542368e+10,233.071111
10,1.6303364357565880e+10,238.842975
10,1.7684018294720726e+10,243.360000
10,1.8934479206154194e+10,248.668639
10,2.0240000697960125e+10,249.188776
10,2.0704452632502865e+10,256.000000
10,2.2112447457947647e+10,258.003906
10,2.3217985401052914e+10,258.137778
10,2.3997248273554012e+10,258.673611
10,2.5813713682140591e+10,259.567901
10,2.6522753867338066e+10,260.591837
10,2.8506634859812687e+10,264.062500
10,3.0432521025005188e+10,264.062500
10,3.2316748064938793e+10,268.960000
10,3.4037097850752308e+10,274.316406
10,3.4499594036373711e+10,274.612245
10,3.6266695160183449e+10,277.777778
10,3.7313078111885117e+10,277.777778
10,3.7589211059845848e+10,281.207101
10,3.7709056401416832e+10,282.851240
10,4.0463986465013344e+10,289.000000
10,4.1113635628283928e+10,289.000000
10,4.3028715632706116e+10,291.003460
10,4.4389136951482780e+10,297.055363
10,4.6682177578796227e+10,300.444444
10,4.8242871999834404e+10,302.760000
10,4.9869238816687302e+10,306.250000
10,4.9904716857186829e+10,307.280277
10,5.3293019568843002e+10,308.441406
10,5.3334516021440498e+10,316.840000
10,5.5161482982490181e+10,321.236686
10,5.5541331885965797e+10,321.885813
10,5.8224334616827271e+10,324.000000
10,5.9556120797178528e+10,326.003086
10,6.0240259795494576e+10,327.610000
10,6.0325044977654434e+10,328.515625
10,6.1198255196963303e+10,332.049383
10,6.3281643583184532e+10,333.062500
10,6.3915682416892120e+10,333.671111
10,6.6297255525172264e+10,337.223140
10,6.6529305698956406e+10,341.162630
10,6.9557757036298767e+10,342.250000
10,7.0293197848641418e+10,344.897959
10,7.1853473976357040e+10,344.897959
10,7.4614135484458923e+10,351.562500
10,7.6971002227814926e+10,356.790123
10,7.8808645714287613e+10,363.002770
10,8.1693271091024475e+10,363.378906
10,8.1927886097618958e+10,365.484429
10,8.3644074683622345e+10,369.044321
10,8.3897629614949448e+10,369.822485
10,9.0165759017681549e+10,371.204444
10,9.0797426282966965e+10,373.777778
10,9.3082273423524551e+10,375.929012
10,9.5606542199177155e+10,379.224377
10,9.5752136882535461e+10,380.250000
10,9.9794087370181168e+10,391.474490
10,1.0166920768811267e+11,393.709141
10,1.0428059660543666e+11,395.307958
10,1.0934767409042867e+11,400.000000
10,1.1689114365192290e+11,400.000000
10,1.2055066858301053e+11,400.000000
10,1.2176024623303320e+11,400.000000
10,1.2325029144806090e+11,400.000000
10,1.2930343261569388e+11,402.002500
10,1.3407148133751375e+11,403.644628
10,1.3935754493560098e+11,404.456790
10,1.4998011854364453e+11,408.040000
10,1.5129789155151422e+11,412.731302
10,1.6751143803268817e+11,413.444444
10,1.6836429421997717e+11,416.160000
10,1.8005749894745609e+11,418.202500
10,1.9627783596976224e+11,420.250000
10,2.0788489203436615e+11,428.171598
10,2.3912358613315295e+11,429.410494
10,2.4621795167440512e+11,431.173010
10,2.7962372900572577e+11,432.640000
10,3.0218398465901837e+11,436.590028
10,3.3568991995191266e+11,443.002268
10,3.6946877671670526e+11,443.628906
10,3.9600571445505164e+11,447.020408
10,4.3769578748238123e+11,449.036281
10,4.6306493583511188e+11,449.440000
10,5.5027389708136133e+11,451.562500
10,7.2928167966706982e+11,453.081633
10,7.5848428554850671e+11,459.183673
10,7.8777003239311475e+11,464.641975
10,1.2404837128585449e+12,465.650970
10,1.5787051542543071e+12,469.444444
10,1.6910284917812112e+12,473.580499
10,2.9791816616567568e+12,473.702422
10,3.0567765567765034e+12,475.240000
10,3.0642842744038584e+12,484.000000
10,3.0813856369066855e+12,486.002066
10,3.0988097085383896e+12,487.673611
10,3.1118805626691289e+12,488.410000
10,3.1203757968454502e+12,492.033058
10,3.1255411429901787e+12,492.417234
10,3.1285274535574146e+12,495.062500
10,3.1300692812342388e+12,497.633136
10,3.1388444190734111e+12,500.346260
10,3.1388444233871475e+12,502.167355
10,3.2948432636862993e+12,503.753086
10,3.3028873640594106e+12,504.002500
10,3.3212318262061724e+12,506.250000
10,3.3399412443993462e+12,512.698980
10,3.3539931409791841e+12,513.777778
10,3.3631454691123862e+12,515.938776
10,3.3687266094959170e+12,516.528926
10,3.3719654509779941e+12,523.602076
10,3.3736433523971938e+12,531.001890
10,3.3829583102023506e+12,532.071111
10,3.3829583103198877e+12,534.765625
10,4.0567187202284185e+12,535.291322
10,4.0665169487798896e+12,537.030246
10,4.0888914357141035e+12,538.240000
10,4.1117333107949209e+12,541.174515
10,4.1289311098134438e+12,544.444444
10,4.1401773234729219e+12,547.153119
10,4.1470727959730269e+12,554.864198
10,4.1510984842964673e+12,555.191406
10,4.1531951972088174e+12,558.677686
10,4.1643314495183965e+12,561.483932
10,4.1643314887002134e+12,576.000000
10,4.9323957612325635e+12,578.001736
10,5.5102845576578711e+12,578.287982
10,5.5234812286864521e+12,578.402500
10,5.5536081203694199e+12,579.698225
10,5.5844081725294658e+12,580.181474
10,5.6076434744981514e+12,580.371901
10,5.6228829821500537e+12,581.660900
10,5.6322610148144375e+12,584.027778
10,5.6377571424201211e+12,586.960744
10,5.6406291499133340e+12,588.062500
10,5.6553838050779072e+12,588.700831
10,5.6553838271212207e+12,589.795918
10,6.8748646604447969e+12,589.795918
10,8.0356867353777754e+12,592.111111
10,8.0547799795824492e+12,594.140625
10,8.0985045860851865e+12,595.360000
10,8.1432273859508076e+12,603.449905
10,8.1770115145122119e+12,605.160000
10,8.1992127320949355e+12,608.444444
10,8.2129054629585518e+12,611.188272
10,8.2209479598993545e+12,617.877551
10,8.2251583632306533e+12,620.462810
10,8.2463149652622051e+12,625.000000
10,8.2463150516706729e+12,625.000000
10,1.2474436598821543e+13,625.000000
10,1.2504154004198801e+13,625.000000
10,1.2571955944218611e+13,627.001600
10,1.2641289209203199e+13,627.085069
10,1.2693685597571514e+13,631.538752
10,1.2728157197857615e+13,633.025600
10,1.2749447316200416e+13,643.129600
10,1.2761968667631566e+13,643.556787
10,1.2768530819415094e+13,648.750865
10,1.2801037170855309e+13,650.250000
10,1.2801037195469922e+13,657.409600
10,2.0878051444346934e+13,659.555785
10,2.0927830254325789e+13,663.675737
10,2.1041364135830918e+13,664.742911
10,2.1157394282898059e+13,676.000000
10,2.1245088706036156e+13,676.000000
10,2.1302825618792531e+13,676.000000
10,2.1338521263187750e+13,676.000000
10,2.1359536295501008e+13,676.000000
10,2.1370559035135109e+13,678.001479
10,2.1424594482089613e+13,678.168403
10,2.1424594513257449e+13,678.602500
10,3.9263692179857492e+13,679.719388
10,3.9357541890477031e+13,680.340278
10,3.9571348109281703e+13,684.023669
10,3.9789688455281859e+13,684.694444
10,3.9954674508334727e+13,689.937778
10,4.0063340725762742e+13,694.119822
10,4.0130567694691617e+13,695.041322
10,4.0170173318122820e+13,699.073600
10,4.0190959011138516e+13,702.250000
10,4.0292160259632133e+13,703.402647
10,4.0292160285755086e+13,704.661157
10,6.3988384820984422e+13,705.566406
10,9.2049091650970234e+13,706.440443
10,9.2269501253504391e+13,708.378698
10,9.2771339768223812e+13,711.111111
10,9.3283509948800594e+13,716.199546
10,9.3670446635104000e+13,723.610000
10,9.3925357922431750e+13,725.826990
10,9.4083133694629609e+13,726.841600
10,9.4176132021427594e+13,726.924556
10,9.4224960435278797e+13,731.001372
10,9.4461557867422094e+13,737.021948
10,9.4461557900884359e+13,739.840000
10,3.7747368954967081e+14,747.111111
10,3.7837897115938588e+14,747.903592
10,3.8043879272979588e+14,749.390625
10,3.8254011145275256e+14,749.917160
10,3.8412732319610150e+14,750.151235
10,3.8517305391845431e+14,756.250000
10,3.8582045058658956e+14,759.553600
10,3.8620214685043600e+14,760.183673
10,3.8640259953219294e+14,761.351166
10,3.8737153919562844e+14,771.604938
10,3.8737153922411531e+14,776.020408
10,1.0774979654487521e+26,777.551775
10,3.1269554857238748e+26,778.116343
10,6.2949432479127777e+26,779.857339
10,1.3832512064228938e+27,784.000000
10,2.1154245868761201e+27,786.001276
10,3.2160526747120884e+27,787.737778
10,3.5543019696951771e+27,788.313609
10,4.2680195279352289e+27,792.020408
10,7.6382180252214351e+27,793.361111
10,9.4322490569171401e+27,797.497600
10,1.3761301770787867e+28,798.062500
10,1.6668634171654605e+28,798.676749
10,4.2004690571039257e+28,802.103316
10,5.3588568728222378e+28,802.777778
10,9.6375499950063492e+28,802.777778
10,1.5353257761531549e+29,809.402500
10,4.4161569660563312e+29,810.059172
10,Inf,813.927336
10,Inf,814.842975
10,Inf,816.326531
10,Inf,830.293553
10,Inf,830.487603
10,Inf,834.567901
10,Inf,834.797194
10,Inf,841.000000
10,Inf,841.000000
10,Inf,843.001189
10,Inf,843.418403
10,Inf,843.764172
10,Inf,847.705621
10,Inf,848.265625
10,Inf,849.019025
10,Inf,852.640000
10,Inf,856.198488
10,Inf,857.653061
10,Inf,859.096314
10,Inf,859.415512
10,Inf,862.618656
10,Inf,873.304400
10,Inf,876.160000
10,Inf,881.010331
10,Inf,885.062500
10,Inf,888.040000
10,Inf,890.425600
10,Inf,890.792899
10,Inf,891.743163
10,Inf,900.000000
10,Inf,900.000000
10,Inf,900.000000
10,Inf,900.000000
10,Inf,900.000000
10,Inf,902.001111
10,Inf,903.753906
10,Inf,904.290816
10,Inf,908.017778
10,Inf,914.173010
10,Inf,914.541023
10,Inf,917.224490
10,Inf,918.090000
10,Inf,918.556213
10,Inf,920.111111
10,Inf,920.990548
10,Inf,930.250000
10,Inf,932.284444
10,Inf,939.658284
10,Inf,941.854935
10,Inf,942.717421
10,Inf,945.562500
10,Inf,946.177600
10,Inf,947.271605
10,Inf,950.694444
10,Inf,951.235457
10,Inf,954.368622
10,Inf,955.371901
10,Inf,963.001041
9,-Inf,4.000000
9,-Inf,6.250000
9,-Inf,11.111111
9,-Inf,16.000000
9,-Inf,18.062500
9,-Inf,18.777778
9,-Inf,25.000000
9,-Inf,25.000000
9,-Inf,27.040000
9,-Inf,33.640000
9,-Inf,36.000000
9,-Inf,38.027778
9,-Inf,39.062500
9,-Inf,42.250000
9,-Inf,44.444444
9,-Inf,46.240000
9,-Inf,51.020408
9,-Inf,56.250000
9,-Inf,57.326531
9,-Inf,64.000000
9,-Inf,66.015625
9,-Inf,67.240000
9,-Inf,68.653061
9,-Inf,69.444444
9,-Inf,72.250000
9,-Inf,75.111111
9,-Inf,83.012346
9,-Inf,83.265625
9,-Inf,86.224490
9,-Inf,89.197531
9,-Inf,100.000000
9,-Inf,100.000000
9,-Inf,100.000000
9,-Inf,100.000000
9,-Inf,100.000000
9,-Inf,102.010000
9,-Inf,103.361111
9,-Inf,105.062500
9,-Inf,108.160000
9,-Inf,111.755102
9,-Inf,116.160494
9,-Inf,118.810000
9,-Inf,123.008264
9,-Inf,123.765625
9,-Inf,128.444444
9,-5.8612938350985325e+30,129.132231
9,-1.5659854347224452e+30,134.560000
9,-4.3677847578281621e+29,138.716049
9,-9.0363192005078443e+28,139.669421
9,-8.3062836940402286e+28,144.000000
9,-6.5805287503653916e+28,146.006944
9,-2.0162747026047638e+28,147.448980
9,-1.5468139209987923e+28,148.840000
9,-3.9163381100110566e+26,152.111111
9,-6.0695122322209998e+11,155.115702
9,4.1278385445102389e-04,156.250000
9,3.7585341979051644e+08,156.250000
9,1.2691986764432962e+09,162.562500
9,1.9685818172797484e+09,169.000000
9,2.6612139190392752e+09,169.000000
9,3.0862692937193704e+09,171.005917
9,4.2532462940393252e+09,176.165289
9,5.7549619430719223e+09,177.094675
9,6.2855057376262197e+09,177.777778
9,8.7556953802234745e+09,184.960000
9,9.0815465951956692e+09,187.479290
9,9.9676495797855511e+09,196.000000
9,1.2057864437817310e+10,198.005102
9,1.2391816123049110e+10,198.340278
9,1.2984094514165337e+10,199.515625
9,1.2995111296656990e+10,200.694444
9,1.6890018664950182e+10,202.514793
9,1.7379369482690552e+10,203.710744
9,1.9400514814627293e+10,204.081633
9,2.0665037420410648e+10,208.641975
9,2.2682706673750259e+10,210.250000
9,2.4072905314538074e+10,214.413265
9,2.5610218112888935e+10,219.040000
9,2.6192170903128170e+10,222.010000
9,2.8282397936358536e+10,222.698225
9,2.9914209331623177e+10,225.000000
9,3.0847837806834969e+10,225.000000
9,3.3160312996159801e+10,227.004444
9,3.3812105915928955e+10,229.306122
9,3.6748939826653328e+10,233.071111
9,3.8972373895386955e+10,238.842975
9,4.1144734085627953e+10,243.360000
9,4.3136846227376564e+10,248.668639
9,4.4585680758389679e+10,249.188776
9,4.6232884810274879e+10,256.000000
9,4.6787164245741234e+10,258.003906
9,4.7678158154966385e+10,258.137778
9,4.7957337633229668e+10,258.673611
9,5.0792848570276894e+10,259.567901
9,5.1781758585920242e+10,260.591837
9,5.5020243140377922e+10,264.062500
9,5.6569794976082527e+10,264.062500
9,5.8361494628748520e+10,268.960000
9,6.0010414692684952e+10,274.316406
9,6.0284009182065109e+10,274.612245
9,6.2256978846923523e+10,277.777778
9,6.5652286552048035e+10,277.777778
9,6.5722336862453346e+10,281.207101
9,6.8478566446402954e+10,282.851240
9,6.8817241987649902e+10,289.000000
9,7.1120181103452469e+10,289.000000
9,7.2480723567322739e+10,291.003460
9,7.6176686269879974e+10,297.055363
9,7.6641486034173218e+10,300.444444
9,7.9774580207690842e+10,302.760000
9,8.0047284817365036e+10,306.250000
9,8.6011042229031479e+10,307.280277
9,8.8449361160445160e+10,308.441406
9,9.3998839212814423e+10,316.840000
9,9.4393825411246414e+10,321.236686
9,9.5923147140582977e+10,321.885813
9,9.7597874178901794e+10,324.000000
9,1.0094553026470128e+11,326.003086
9,1.0792513090480650e+11,327.610000
9,1.1564498332766325e+11,328.515625
9,1.1622668530332356e+11,332.049383
9,1.2199043724812502e+11,333.062500
9,1.2340606283894511e+11,333.671111
9,1.3168587195499110e+11,337.223140
9,1.4186851705720129e+11,341.162630
9,1.5073281482948584e+11,342.250000
9,1.5445481147142767e+11,344.897959
9,1.6682245033233234e+11,344.897959
9,1.8279736331050250e+11,351.562500
9,1.9565042243918716e+11,356.790123
9,2.1248610130522171e+11,363.002770
9,2.2522787375958347e+11,363.378906
9,2.6755963852392981e+11,365.484429
9,3.1154989398784058e+11,369.044321
9,3.2353542282605469e+11,369.822485
9,4.1613478090315009e+11,371.204444
9,4.2786092681347223e+11,373.777778
9,5.0630997302394025e+11,375.929012
9,5.6106322308610620e+11,379.224377
9,5.7379719583671179e+11,380.250000
9,9.3286003500170312e+11,391.474490
9,9.8418423149516797e+11,393.709141
9,1.3329783275121104e+12,395.307958
9,2.0418101785943921e+12,400.000000
9,3.6741813416922192e+12,400.000000
9,3.8085967530413496e+12,400.000000
9,3.8176737143022148e+12,400.000000
9,3.8372693639888198e+12,400.000000
9,3.8555866220156450e+12,402.002500
9,3.8681097828026616e+12,403.644628
9,3.8755799813818872e+12,404.456790
9,3.8797367886938008e+12,408.040000
9,3.8818130412639717e+12,412.731302
9,3.8905675483961929e+12,413.444444
9,3.8905675506902090e+12,416.160000
9,4.1736805363737788e+12,418.202500
9,4.1835738461604121e+12,420.250000
9,4.2049515165756138e+12,428.171598
9,4.2249572511160010e+12,429.410494
9,4.2386558425391245e+12,431.173010
9,4.2468500244812173e+12,432.640000
9,4.2514270700904043e+12,436.590028
9,4.2537226509798076e+12,443.002268
9,4.2631768327333901e+12,443.628906
9,4.2631771645852476e+12,447.020408
9,5.3613677868988477e+12,449.036281
9,5.3739577117679922e+12,449.440000
9,5.4011866676105820e+12,451.562500
9,5.4267029362426357e+12,453.081633
9,5.4362795000667891e+12,459.183673
9,5.4442250604532734e+12,464.641975
9,5.4547524598188838e+12,465.650970
9,5.4606659028715391e+12,469.444444
9,5.4636474970117314e+12,473.580499
9,5.4754907067485381e+12,473.702422
9,5.4754907353372490e+12,475.240000
9,7.7082121689594854e+12,484.000000
9,7.7261792121979590e+12,486.002066
9,7.7650685156337246e+12,487.673611
9,7.8015515189974443e+12,488.410000
9,7.8266576371242734e+12,492.033058
9,7.8417876752284912e+12,492.417234
9,7.8503165689384346e+12,495.062500
9,7.8546311244735078e+12,497.633136
9,7.8713213340183828e+12,500.346260
9,7.8713214161522676e+12,502.167355
9,1.2032559745113580e+13,503.753086
9,1.2060556610876301e+13,504.002500
9,1.2121095080021375e+13,506.250000
9,1.2177900872689379e+13,512.698980
9,1.2217035927085920e+13,513.777778
9,1.2240661626220004e+13,515.938776
9,1.2254004499132096e+13,516.528926
9,1.2260765394573918e+13,523.602076
9,1.2286508444290555e+13,531.001890
9,1.2286508479552525e+13,532.071111
9,2.0378712973189379e+13,534.765625
9,2.0426128081898047e+13,535.291322
9,2.0528622059423188e+13,537.030246
9,2.0624767138668566e+13,538.240000
9,2.0691039314689992e+13,541.174515
9,2.0731093541622277e+13,544.444444
9,2.0753744042291383e+13,547.153119
9,2.0765234312914891e+13,554.864198
9,2.0808510859472449e+13,555.191406
9,2.0808510878498660e+13,558.677686
9,3.8781280906523508e+13,561.483932
9,3.8871683618287547e+13,576.000000
9,3.9066909660870758e+13,578.001736
9,3.9249927924294047e+13,578.287982
9,3.9376092233157734e+13,578.402500
9,3.9452395510421383e+13,579.698225
9,3.9495581027349234e+13,580.181474
9,3.9517504910868023e+13,580.371901
9,3.9599509264473453e+13,581.660900
9,3.9599509314124031e+13,584.027778
9,9.1762711874413031e+13,586.960744
9,9.1976957117008031e+13,588.062500
9,9.2439346339055125e+13,588.700831
9,9.2872579354959469e+13,589.795918
9,9.3171221204683406e+13,589.795918
9,9.3351915222613422e+13,592.111111
9,9.3454244536880875e+13,594.140625
9,9.3506223111522141e+13,595.360000
9,9.3699722057454094e+13,603.449905
9,9.3699722287896047e+13,605.160000
9,3.7846023570283956e+14,608.444444
9,3.7934513167090356e+14,611.188272
9,3.8125370587269656e+14,617.877551
9,3.8304119154653512e+14,620.462810
9,3.8427324416586900e+14,625.000000
9,3.8501884240141231e+14,625.000000
9,3.8544121131578000e+14,625.000000
9,3.8565581655524194e+14,625.000000
9,3.8645282920577575e+14,627.001600
9,3.8645283047264425e+14,627.085069
9,2.8532531536991575e+24,631.538752
9,4.0915556459879795e+25,633.025600
9,1.0290971682705025e+26,643.129600
9,3.8601193429288254e+26,643.556787
9,5.2789181762913219e+27,648.750865
9,1.2862303268809995e+28,650.250000
9,1.3756198073811867e+28,657.409600
9,3.4104281709738056e+28,659.555785
9,6.7016680778773420e+28,663.675737
9,7.0307315974539786e+28,664.742911
9,1.0335049697587425e+29,676.000000
9,1.1047534379889845e+29,676.000000
9,1.5646683522046081e+29,676.000000
9,2.5120662572381427e+29,676.000000
9,8.1272165030471886e+29,676.000000
9,Inf,678.001479
9,Inf,678.168403
9,Inf,678.602500
9,Inf,679.719388
9,Inf,680.340278
9,Inf,684.023669
9,Inf,684.694444
9,Inf,689.937778
9,Inf,694.119822
9,Inf,695.041322
9,Inf,699.073600
9,Inf,702.250000
9,Inf,703.402647
9,Inf,704.661157
9,Inf,705.566406
9,Inf,706.440443
9,Inf,708.378698
9,Inf,711.111111
9,Inf,716.199546
9,Inf,723.610000
9,Inf,725.826990
9,Inf,726.841600
9,Inf,726.924556
9,Inf,731.001372
9,Inf,737.021948
9,Inf,739.840000
9,Inf,747.111111
9,Inf,747.903592
9,Inf,749.390625
9,Inf,749.917160
9,Inf,750.151235
9,Inf,756.250000
9,Inf,759.553600
9,Inf,760.183673
9,Inf,761.351166
9,Inf,771.604938
9,Inf,776.020408
9,Inf,777.551775
9,Inf,778.116343
9,Inf,779.857339
9,Inf,784.000000
9,Inf,786.001276
9,Inf,787.737778
9,Inf,788.313609
9,Inf,792.020408
9,Inf,793.361111
9,Inf,797.497600
9,Inf,798.062500
9,Inf,798.676749
10,-Inf,4.000000
10,-Inf,6.250000
10,-Inf,11.111111
10,-Inf,16.000000
10,-Inf,18.062500
10,-Inf,18.777778
10,-Inf,25.000000
10,-Inf,25.000000
10,-Inf,27.040000
10,-Inf,33.640000
10,-Inf,36.000000
10,-Inf,38.027778
10,-Inf,39.062500
10,-Inf,42.250000
10,-Inf,44.444444
10,-Inf,46.240000
10,-Inf,51.020408
10,-Inf,56.250000
10,-Inf,57.326531
10,-Inf,64.000000
10,-Inf,66.015625
10,-Inf,67.240000
10,-Inf,68.653061
10,-Inf,69.444444
10,-Inf,72.250000
10,-Inf,75.111111
10,-Inf,83.012346
10,-Inf,83.265625
10,-Inf,86.224490
10,-Inf,89.197531
10,-Inf,100.000000
10,-Inf,100.000000
10,-Inf,100.000000
10,-Inf,100.000000
10,-Inf,100.000000
10,-Inf,102.010000
10,-Inf,103.361111
10,-Inf,105.062500
10,-Inf,108.160000
10,-Inf,111.755102
10,-Inf,116.160494
10,-Inf,118.810000
10,-Inf,123.008264
10,-Inf,123.765625
10,-Inf,128.444444
10,-Inf,129.132231
10,-Inf,134.560000
10,-Inf,138.716049
10,-Inf,139.669421
10,-Inf,144.000000
10,-Inf,146.006944
10,-Inf,147.448980
10,-Inf,148.840000
10,-Inf,152.111111
10,-2.2104155916769117e+30,155.115702
10,-5.0897049040476714e+28,156.250000
10,-3.4905690666848072e+28,156.250000
10,-3.1206080888694496e+28,162.562500
10,-1.7690944808408753e+28,169.000000
10,-1.2874193030284475e+28,169.000000
10,-8.3776045668059278e+27,171.005917
10,-3.2044566527766894e+27,176.165289
10,-9.8618523123742500e+26,177.094675
10,-3.5443296003965126e+26,177.777778
10,-1.7587017886172707e+25,184.960000
10,-2.9416985832939386e+21,187.479290
10,7.2470294507572046e-05,196.000000
10,2.9943992000121826e+08,198.005102
10,1.0142618976601013e+09,198.340278
10,1.5841568432469089e+09,199.515625
10,2.1276607177293737e+09,200.694444
10,2.4695693857672310e+09,202.514793
10,3.3856322964451847e+09,203.710744
10,4.5516474022510786e+09,204.081633
10,4.9966528557589245e+09,208.641975
10,6.9385954781217356e+09,210.250000
10,7.1688523268981047e+09,214.413265
10,7.9567066864908314e+09,219.040000
10,9.6504408104813499e+09,222.010000
10,9.7233580169390945e+09,222.698225
10,1.0220403486131207e+10,225.000000
10,1.0281462843726025e+10,225.000000
10,1.3303998741693556e+10,227.004444
10,1.3563714476580147e+10,229.306122
10,1.5015297345542368e+10,233.071111
10,1.6303364357565880e+10,238.842975
10,1.7684018294720726e+10,243.360000
10,1.8934479206154194e+10,248.668639
10,2.0240000697960125e+10,249.188776
10,2.0704452632502865e+10,256.000000
10,2.2112447457947647e+10,258.003906
10,2.3217985401052914e+10,258.137778
10,2.3997248273554012e+10,258.673611
10,2.5813713682140591e+10,259.567901
10,2.6522753867338066e+10,260.591837
10,2.8506634859812687e+10,264.062500
10,3.0432521025005188e+10,264.062500
10,3.2316748064938793e+10,268.960000
10,3.4037097850752308e+10,274.316406
10,3.4499594036373711e+10,274.612245
10,3.6266695160183449e+10,277.777778
10,3.7313078111885117e+10,277.777778
10,3.7589211059845848e+10,281.207101
10,3.7709056401416832e+10,282.851240
10,4.0463986465013344e+10,289.000000
10,4.1113635628283928e+10,289.000000
10,4.3028715632706116e+10,291.003460
10,4.4389136951482780e+10,297.055363
10,4.6682177578796227e+10,300.444444
10,4.8242871999834404e+10,302.760000
10,4.9869238816687302e+10,306.250000
10,4.9904716857186829e+10,307.280277
10,5.3293019568843002e+10,308.441406
10,5.3334516021440498e+10,316.840000
10,5.5161482982490181e+10,321.236686
10,5.5541331885965797e+10,321.885813
10,5.8224334616827271e+10,324.000000
10,5.9556120797178528e+10,326.003086
10,6.0240259795494576e+10,327.610000
10,6.0325044977654434e+10,328.515625
10,6.1198255196963303e+10,332.049383
10,6.3281643583184532e+10,333.062500
10,6.3915682416892120e+10,333.671111
10,6.6297255525172264e+10,337.223140
10,6.6529305698956406e+10,341.162630
10,6.9557757036298767e+10,342.250000
10,7.0293197848641418e+10,344.897959
10,7.1853473976357040e+10,344.897959
10,7.4614135484458923e+10,351.562500
10,7.6971002227814926e+10,356.790123
10,7.8808645714287613e+10,363.002770
10,8.1693271091024475e+10,363.378906
10,8.1927886097618958e+10,365.484429
10,8.3644074683622345e+10,369.044321
10,8.3897629614949448e+10,369.822485
10,9.0165759017681549e+10,371.204444
10,9.0797426282966965e+10,373.777778
10,9.3082273423524551e+10,375.929012
10,9.5606542199177155e+10,379.224377
10,9.5752136882535461e+10,380.250000
10,9.9794087370181168e+10,391.474490
10,1.0166920768811267e+11,393.709141
10,1.0428059660543666e+11,395.307958
10,1.0934767409042867e+11,400.000000
10,1.1689114365192290e+11,400.000000
10,1.2055066858301053e+11,400.000000
10,1.2176024623303320e+11,400.000000
10,1.2325029144806090e+11,400.000000
10,1.2930343261569388e+11,402.002500
10,1.3407148133751375e+11,403.644628
10,1.3935754493560098e+11,404.456790
10,1.4998011854364453e+11,408.040000
10,1.5129789155151422e+11,412.731302
10,1.6751143803268817e+11,413.444444
10,1.6836429421997717e+11,416.160000
10,1.8005749894745609e+11,418.202500
10,1.9627783596976224e+11,420.250000
10,2.0788489203436615e+11,428.171598
10,2.3912358613315295e+11,429.410494
10,2.4621795167440512e+11,431.173010
10,2.7962372900572577e+11,432.640000
10,3.0218398465901837e+11,436.590028
10,3.3568991995191266e+11,443.002268
10,3.6946877671670526e+11,443.628906
10,3.9600571445505164e+11,447.020408
10,4.3769578748238123e+11,449.036281
10,4.6306493583511188e+11,449.440000
10,5.5027389708136133e+11,451.562500
10,7.2928167966706982e+11,453.081633
10,7.5848428554850671e+11,459.183673
10,7.8777003239311475e+11,464.641975
10,1.2404837128585449e+12,465.650970
10,1.5787051542543071e+12,469.444444
10,1.6910284917812112e+12,473.580499
10,2.9791816616567568e+12,473.702422
10,3.0567765567765034e+12,475.240000
10,3.0642842744038584e+12,484.000000
10,3.0813856369066855e+12,486.002066
10,3.0988097085383896e+12,487.673611
10,3.1118805626691289e+12,488.410000
10,3.1203757968454502e+12,492.033058
10,3.1255411429901787e+12,492.417234
10,3.1285274535574146e+12,495.062500
10,3.1300692812342388e+12,497.633136
10,3.1388444190734111e+12,500.346260
10,3.1388444233871475e+12,502.167355
10,3.2948432636862993e+12,503.753086
10,3.3028873640594106e+12,504.002500
10,3.3212318262061724e+12,506.250000
10,3.3399412443993462e+12,512.698980
10,3.3539931409791841e+12,513.777778
10,3.3631454691123862e+12,515.938776
10,3.3687266094959170e+12,516.528926
10,3.3719654509779941e+12,523.602076
10,3.3736433523971938e+12,531.001890
10,3.3829583102023506e+12,532.071111
10,3.3829583103198877e+12,534.765625
10,4.0567187202284185e+12,535.291322
10,4.0665169487798896e+12,537.030246
10,4.0888914357141035e+12,538.240000
10,4.1117333107949209e+12,541.174515
10,4.1289311098134438e+12,544.444444
10,4.1401773234729219e+12,547.153119
10,4.1470727959730269e+12,554.864198
10,4.1510984842964673e+12,555.191406
10,4.1531951972088174e+12,558.677686
10,4.1643314495183965e+12,561.483932
10,4.1643314887002134e+12,576.000000
10,4.9323957612325635e+12,578.001736
10,5.5102845576578711e+12,578.287982
10,5.5234812286864521e+12,578.402500
10,5.5536081203694199e+12,579.698225
10,5.5844081725294658e+12,580.181474
10,5.6076434744981514e+12,580.371901
10,5.6228829821500537e+12,581.660900
10,5.6322610148144375e+12,584.027778
10,5.6377571424201211e+12,586.960744
10,5.6406291499133340e+12,588.062500
10,5.6553838050779072e+12,588.700831
10,5.6553838271212207e+12,589.795918
10,6.8748646604447969e+12,589.795918
10,8.0356867353777754e+12,592.111111
10,8.0547799795824492e+12,594.140625
10,8.0985045860851865e+12,595.360000
10,8.1432273859508076e+12,603.449905
10,8.1770115145122119e+12,605.160000
10,8.1992127320949355e+12,608.444444
10,8.2129054629585518e+12,611.188272
10,8.2209479598993545e+12,617.877551
10,8.2251583632306533e+12,620.462810
10,8.2463149652622051e+12,625.000000
10,8.2463150516706729e+12,625.000000
10,1.2474436598821543e+13,625.000000
10,1.2504154004198801e+13,625.000000
10,1.2571955944218611e+13,627.001600
10,1.2641289209203199e+13,627.085069
10,1.2693685597571514e+13,631.538752
10,1.2728157197857615e+13,633.025600
10,1.2749447316200416e+13,643.129600
10,1.2761968667631566e+13,643.556787
10,1.2768530819415094e+13,648.750865
10,1.2801037170855309e+13,650.250000
10,1.2801037195469922e+13,657.409600
10,2.0878051444346934e+13,659.555785
10,2.0927830254325789e+13,663.675737
10,2.1041364135830918e+13,664.742911
10,2.1157394282898059e+13,676.000000
10,2.1245088706036156e+13,676.000000
10,2.1302825618792531e+13,676.000000
10,2.1338521263187750e+13,676.000000
10,2.1359536295501008e+13,676.000000
10,2.1370559035135109e+13,678.001479
10,2.1424594482089613e+13,678.168403
10,2.1424594513257449e+13,678.602500
10,3.9263692179857492e+13,679.719388
10,3.9357541890477031e+13,680.340278
10,3.9571348109281703e+13,684.023669
10,3.9789688455281859e+13,684.694444
10,3.9954674508334727e+13,689.937778
10,4.0063340725762742e+13,694.119822
10,4.0130567694691617e+13,695.041322
10,4.0170173318122820e+13,699.073600
10,4.0190959011138516e+13,702.250000
10,4.0292160259632133e+13,703.402647
10,4.0292160285755086e+13,704.661157
10,6.3988384820984422e+13,705.566406
10,9.2049091650970234e+13,706.440443
10,9.2269501253504391e+13,708.378698
10,9.2771339768223812e+13,711.111111
10,9.3283509948800594e+13,716.199546
10,9.3670446635104000e+13,723.610000
10,9.3925357922431750e+13,725.826990
10,9.4083133694629609e+13,726.841600
10,9.4176132021427594e+13,726.924556
10,9.4224960435278797e+13,731.001372
10,9.4461557867422094e+13,737.021948
10,9.4461557900884359e+13,739.840000
10,3.7747368954967081e+14,747.111111
10,3.7837897115938588e+14,747.903592
10,3.8043879272979588e+14,749.390625
10,3.8254011145275256e+14,749.917160
10,3.8412732319610150e+14,750.151235
10,3.8517305391845431e+14,756.250000
10,3.8582045058658956e+14,759.553600
10,3.8620214685043600e+14,760.183673
10,3.8640259953219294e+14,761.351166
10,3.8737153919562844e+14,771.604938
10,3.8737153922411531e+14,776.020408
10,1.0774979654487521e+26,777.551775
10,3.1269554857238748e+26,778.116343
10,6.2949432479127777e+26,779.857339
10,1.3832512064228938e+27,784.000000
10,2.1154245868761201e+27,786.001276
10,3.2160526747120884e+27,787.737778
10,3.5543019696951771e+27,788.313609
10,4.2680195279352289e+27,792.020408
10,7.6382180252214351e+27,793.361111
10,9.4322490569171401e+27,797.497600
10,1.3761301770787867e+28,798.062500
10,1.6668634171654605e+28,798.676749
10,4.2004690571039257e+28,802.103316
10,5.3588568728222378e+28,802.777778
10,9.6375499950063492e+28,802.777778
10,1.5353257761531549e+29,809.402500
10,4.4161569660563312e+29,810.059172
10,Inf,813.927336
10,Inf,814.842975
10,Inf,816.326531
10,Inf,830.293553
10,Inf,830.487603
10,Inf,834.567901
10,Inf,834.797194
10,Inf,841.000000
10,Inf,841.000000
10,Inf,843.001189
10,Inf,843.418403
10,Inf,843.764172
10,Inf,847.705621
10,Inf,848.265625
10,Inf,849.019025
10,Inf,852.640000
10,Inf,856.198488
10,Inf,857.653061
10,Inf,859.096314
10,Inf,859.415512
10,Inf,862.618656
10,Inf,873.304400
10,Inf,876.160000
10,Inf,881.010331
10,Inf,885.062500
10,Inf,888.040000
10,Inf,890.425600
10,Inf,890.792899
10,Inf,891.743163
10,Inf,900.000000
10,Inf,900.000000
10,Inf,900.000000
10,Inf,900.000000
10,Inf,900.000000
10,Inf,902.001111
10,Inf,903.753906
10,Inf,904.290816
10,Inf,908.017778
10,Inf,914.173010
10,Inf,914.541023
10,Inf,917.224490
10,Inf,918.090000
10,Inf,918.556213
10,Inf,920.111111
10,Inf,920.990548
10,Inf,930.250000
10,Inf,932.284444
10,Inf,939.658284
10,Inf,941.854935
10,Inf,942.717421
10,Inf,945.562500
10,Inf,946.177600
10,Inf,947.271605
10,Inf,950.694444
10,Inf,951.235457
10,Inf,954.368622
10,Inf,955.371901
10,Inf,963.001041
10,-Inf,4.000000
10,-Inf,6.250000
10,-Inf,11.111111
10,-Inf,16.000000
10,-Inf,18.062500
10,-Inf,18.777778
10,-Inf,25.000000
10,-Inf,25.000000
10,-Inf,27.040000
10,-Inf,33.640000
10,-Inf,36.000000
10,-Inf,38.027778
10,-Inf,39.062500
10,-Inf,42.250000
10,-Inf,44.444444
10,-Inf,46.240000
10,-Inf,51.020408
10,-Inf,56.250000
10,-Inf,57.326531
10,-Inf,64.000000
10,-Inf,66.015625
10,-Inf,67.240000
10,-Inf,68.653061
10,-Inf,69.444444
10,-Inf,72.250000
10,-Inf,75.111111
10,-Inf,83.012346
10,-Inf,83.265625
10,-Inf,86.224490
10,-Inf,89.197531
10,-Inf,100.000000
10,-Inf,100.000000
10,-Inf,100.000000
10,-Inf,100.000000
10,-Inf,100.000000
10,-Inf,102.010000
10,-Inf,103.361111
10,-Inf,105.062500
10,-Inf,108.160000
10,-Inf,111.755102
10,-Inf,116.160494
10,-Inf,118.810000
10,-Inf,123.008264
10,-Inf,123.765625
10,-Inf,128.444444
10,-Inf,129.132231
10,-Inf,134.560000
10,-Inf,138.716049
10,-Inf,139.669421
10,-Inf,144.000000
10,-Inf,146.006944
10,-Inf,147.448980
10,-Inf,148.840000
10,-Inf,152.111111
10,-2.2104155916769117e+30,155.115702
10,-5.0897049040476714e+28,156.250000
10,-3.4905690666848072e+28,156.250000
10,-3.1206080888694496e+28,162.562500
10,-1.7690944808408753e+28,169.000000
10,-1.2874193030284475e+28,169.000000
10,-8.3776045668059278e+27,171.005917
10,-3.2044566527766894e+27,176.165289
10,-9.8618523123742500e+26,177.094675
10,-3.5443296003965126e+26,177.777778
10,-1.7587017886172707e+25,184.960000
10,-2.9416985832939386e+21,187.479290
10,7.2470294507572046e-05,196.000000
10,2.9943992000121826e+08,198.005102
10,1.0142618976601013e+09,198.340278
10,1.5841568432469089e+09,199.515625
10,2.1276607177293737e+09,200.694444
10,2.4695693857672310e+09,202.514793
10,3.3856322964451847e+09,203.710744
10,4.5516474022510786e+09,204.081633
10,4.9966528557589245e+09,208.641975
10,6.9385954781217356e+09,210.250000
10,7.1688523268981047e+09,214.413265
10,7.9567066864908314e+09,219.040000
10,9.6504408104813499e+09,222.010000
10,9.7233580169390945e+09,222.698225
10,1.0220403486131207e+10,225.000000
10,1.0281462843726025e+10,225.000000
10,1.3303998741693556e+10,227.004444
10,1.3563714476580147e+10,229.306122
10,1.5015297345542368e+10,233.071111
10,1.6303364357565880e+10,238.842975
10,1.7684018294720726e+10,243.360000
10,1.8934479206154194e+10,248.668639
10,2.0240000697960125e+10,249.188776
10,2.0704452632502865e+10,256.000000
10,2.2112447457947647e+10,258.003906
10,2.3217985401052914e+10,258.137778
10,2.3997248273554012e+10,258.673611
10,2.5813713682140591e+10,259.567901
10,2.6522753867338066e+10,260.591837
10,2.8506634859812687e+10,264.062500
10,3.0432521025005188e+10,264.062500
10,3.2316748064938793e+10,268.960000
10,3.4037097850752308e+10,274.316406
10,3.4499594036373711e+10,274.612245
10,3.6266695160183449e+10,277.777778
10,3.7313078111885117e+10,277.777778
10,3.7589211059845848e+10,281.207101
10,3.7709056401416832e+10,282.851240
10,4.0463986465013344e+10,289.000000
10,4.1113635628283928e+10,289.000000
10,4.3028715632706116e+10,291.003460
10,4.4389136951482780e+10,297.055363
10,4.6682177578796227e+10,300.444444
10,4.8242871999834404e+10,302.760000
10,4.9869238816687302e+10,306.250000
10,4.9904716857186829e+10,307.280277
10,5.3293019568843002e+10,308.441406
10,5.3334516021440498e+10,316.840000
10,5.5161482982490181e+10,321.236686
10,5.5541331885965797e+10,321.885813
10,5.8224334616827271e+10,324.000000
10,5.9556120797178528e+10,326.003086
10,6.0240259795494576e+10,327.610000
10,6.0325044977654434e+10,328.515625
10,6.1198255196963303e+10,332.049383
10,6.3281643583184532e+10,333.062500
10,6.3915682416892120e+10,333.671111
10,6.6297255525172264e+10,337.223140
10,6.6529305698956406e+10,341.162630
10,6.9557757036298767e+10,342.250000
10,7.0293197848641418e+10,344.897959
10,7.1853473976357040e+10,344.897959
10,7.4614135484458923e+10,351.562500
10,7.6971002227814926e+10,356.790123
10,7.8808645714287613e+10,363.002770
10,8.1693271091024475e+10,363.378906
10,8.1927886097618958e+10,365.484429
10,8.3644074683622345e+10,369.044321
10,8.3897629614949448e+10,369.822485
10,9.0165759017681549e+10,371.204444
10,9.0797426282966965e+10,373.777778
10,9.3082273423524551e+10,375.929012
10,9.5606542199177155e+10,379.224377
10,9.5752136882535461e+10,380.250000
10,9.9794087370181168e+10,391.474490
10,1.0166920768811267e+11,393.709141
10,1.0428059660543666e+11,395.307958
10,1.0934767409042867e+11,400.000000
10,1.1689114365192290e+11,400.000000
10,1.2055066858301053e+11,400.000000
10,1.2176024623303320e+11,400.000000
10,1.2325029144806090e+11,400.000000
10,1.2930343261569388e+11,402.002500
10,1.3407148133751375e+11,403.644628
10,1.3935754493560098e+11,404.456790
10,1.4998011854364453e+11,408.040000
10,1.5129789155151422e+11,412.731302
10,1.6751143803268817e+11,413.444444
10,1.6836429421997717e+11,416.160000
10,1.8005749894745609e+11,418.202500
10,1.9627783596976224e+11,420.250000
10,2.0788489203436615e+11,428.171598
10,2.3912358613315295e+11,429.410494
10,2.4621795167440512e+11,431.173010
10,2.7962372900572577e+11,432.640000
10,3.0218398465901837e+11,436.590028
10,3.3568991995191266e+11,443.002268
10,3.6946877671670526e+11,443.628906
10,3.9600571445505164e+11,447.020408
10,4.3769578748238123e+11,449.036281
10,4.6306493583511188e+11,449.440000
10,5.5027389708136133e+11,451.562500
10,7.2928167966706982e+11,453.081633
10,7.5848428554850671e+11,459.183673
10,7.8777003239311475e+11,464.641975
10,1.2404837128585449e+12,465.650970
10,1.5787051542543071e+12,469.444444
10,1.6910284917812112e+12,473.580499
10,2.9791816616567568e+12,473.702422
10,3.0567765567765034e+12,475.240000
10,3.0642842744038584e+12,484.000000
10,3.0813856369066855e+12,486.002066
10,3.0988097085383896e+12,487.673611
10,3.1118805626691289e+12,488.410000
10,3.1203757968454502e+12,492.033058
10,3.1255411429901787e+12,492.417234
10,3.1285274535574146e+12,495.062500
10,3.1300692812342388e+12,497.633136
10,3.1388444190734111e+12,500.346260
10,3.1388444233871475e+12,502.167355
10,3.2948432636862993e+12,503.753086
10,3.3028873640594106e+12,504.002500
10,3.3212318262061724e+12,506.250000
10,3.3399412443993462e+12,512.698980
10,3.3539931409791841e+12,513.777778
10,3.3631454691123862e+12,515.938776
10,3.3687266094959170e+12,516.528926
10,3.3719654509779941e+12,523.602076
10,3.3736433523971938e+12,531.001890
10,3.3829583102023506e+12,532.071111
10,3.3829583103198877e+12,534.765625
10,4.0567187202284185e+12,535.291322
10,4.0665169487798896e+12,537.030246
10,4.0888914357141035e+12,538.240000
10,4.1117333107949209e+12,541.174515
10,4.1289311098134438e+12,544.444444
10,4.1401773234729219e+12,547.153119
10,4.1470727959730269e+12,554.864198
10,4.1510984842964673e+12,555.191406
10,4.1531951972088174e+12,558.677686
10,4.1643314495183965e+12,561.483932
10,4.1643314887002134e+12,576.000000
10,4.9323957612325635e+12,578.001736
10,5.5102845576578711e+12,578.287982
10,5.5234812286864521e+12,578.402500
10,5.5536081203694199e+12,579.698225
10,5.5844081725294658e+12,580.181474
10,5.6076434744981514e+12,580.371901
10,5.6228829821500537e+12,581.660900
10,5.6322610148144375e+12,584.027778
10,5.6377571424201211e+12,586.960744
10,5.6406291499133340e+12,588.062500
10,5.6553838050779072e+12,588.700831
10,5.6553838271212207e+12,589.795918
10,6.8748646604447969e+12,589.795918
10,8.0356867353777754e+12,592.111111
10,8.0547799795824492e+12,594.140625
10,8.0985045860851865e+12,595.360000
10,8.1432273859508076e+12,603.449905
10,8.1770115145122119e+12,605.160000
10,8.1992127320949355e+12,608.444444
10,8.2129054629585518e+12,611.188272
10,8.2209479598993545e+12,617.877551
10,8.2251583632306533e+12,620.462810
10,8.2463149652622051e+12,625.000000
10,8.2463150516706729e+12,625.000000
10,1.2474436598821543e+13,625.000000
10,1.2504154004198801e+13,625.000000
10,1.2571955944218611e+13,627.001600
10,1.2641289209203199e+13,627.085069
10,1.2693685597571514e+13,631.538752
10,1.2728157197857615e+13,633.025600
10,1.2749447316200416e+13,643.129600
10,1.2761968667631566e+13,643.556787
10,1.2768530819415094e+13,648.750865
10,1.2801037170855309e+13,650.250000
10,1.2801037195469922e+13,657.409600
10,2.0878051444346934e+13,659.555785
10,2.0927830254325789e+13,663.675737
10,2.1041364135830918e+13,664.742911
10,2.1157394282898059e+13,676.000000
10,2.1245088706036156e+13,676.000000
10,2.1302825618792531e+13,676.000000
10,2.1338521263187750e+13,676.000000
10,2.1359536295501008e+13,676.000000
10,2.1370559035135109e+13,678.001479
10,2.1424594482089613e+13,678.168403
10,2.1424594513257449e+13,678.602500
10,3.9263692179857492e+13,679.719388
10,3.9357541890477031e+13,680.340278
10,3.9571348109281703e+13,684.023669
10,3.9789688455281859e+13,684.694444
10,3.9954674508334727e+13,689.937778
10,4.0063340725762742e+13,694.119822
10,4.0130567694691617e+13,695.041322
10,4.0170173318122820e+13,699.073600
10,4.0190959011138516e+13,702.250000
10,4.0292160259632133e+13,703.402647
10,4.0292160285755086e+13,704.661157
10,6.3988384820984422e+13,705.566406
10,9.2049091650970234e+13,706.440443
10,9.2269501253504391e+13,708.378698
10,9.2771339768223812e+13,711.111111
10,9.3283509948800594e+13,716.199546
10,9.3670446635104000e+13,723.610000
10,9.3925357922431750e+13,725.826990
10,9.4083133694629609e+13,726.841600
10,9.4176132021427594e+13,726.924556
10,9.4224960435278797e+13,731.001372
10,9.4461557867422094e+13,737.021948
10,9.4461557900884359e+13,739.840000
10,3.7747368954967081e+14,747.111111
10,3.7837897115938588e+14,747.903592
10,3.8043879272979588e+14,749.390625
10,3.8254011145275256e+14,749.917160
10,3.8412732319610150e+14,750.151235
10,3.8517305391845431e+14,756.250000
10,3.8582045058658956e+14,759.553600
10,3.8620214685043600e+14,760.183673
10,3.8640259953219294e+14,761.351166
10,3.8737153919562844e+14,771.604938
10,3.8737153922411531e+14,776.020408
10,1.0774979654487521e+26,777.551775
10,3.1269554857238748e+26,778.116343
10,6.2949432479127777e+26,779.857339
10,1.3832512064228938e+27,784.000000
10,2.1154245868761201e+27,786.001276
10,3.2160526747120884e+27,787.737778
10,3.5543019696951771e+27,788.313609
10,4.2680195279352289e+27,792.020408
10,7.6382180252214351e+27,793.361111
10,9.4322490569171401e+27,797.497600
10,1.3761301770787867e+28,798.062500
10,1.6668634171654605e+28,798.676749
10,4.2004690571039257e+28,802.103316
10,5.3588568728222378e+28,802.777778
10,9.6375499950063492e+28,802.777778
10,1.5353257761531549e+29,809.402500
10,4.4161569660563312e+29,810.059172
10,Inf,813.927336
10,Inf,814.842975
10,Inf,816.326531
10,Inf,830.293553
10,Inf,830.487603
10,Inf,834.567901
10,Inf,834.797194
10,Inf,841.000000
10,Inf,841.000000
10,Inf,843.001189
10,Inf,843.418403
10,Inf,843.764172
10,Inf,847.705621
10,Inf,848.265625
10,Inf,849.019025
10,Inf,852.640000
10,Inf,856.198488
10,Inf,857.653061
10,Inf,859.096314
10,Inf,859.415512
10,Inf,862.618656
10,Inf,873.304400
10,Inf,876.160000
10,Inf,881.010331
10,Inf,885.062500
10,Inf,888.040000
10,Inf,890.425600
10,Inf,890.792899
10,Inf,891.743163
10,Inf,900.000000
10,Inf,900.000000
10,Inf,900.000000
10,Inf,900.000000
10,Inf,900.000000
10,Inf,902.001111
10,Inf,903.753906
10,Inf,904.290816
10,Inf,908.017778
10,Inf,914.173010
10,Inf,914.541023
10,Inf,917.224490
10,Inf,918.090000
10,Inf,918.556213
10,Inf,920.111111
10,Inf,920.990548
10,Inf,930.250000
10,Inf,932.284444
10,Inf,939.658284
10,Inf,941.854935
10,Inf,942.717421
10,Inf,945.562500
10,Inf,946.177600
10,Inf,947.271605
10,Inf,950.694444
10,Inf,951.235457
10,Inf,954.368622
10,Inf,955.371901
10,Inf,963.001041
10,-Inf,4.000000
10,-Inf,6.250000
10,-Inf,11.111111
10,-Inf,16.000000
10,-Inf,18.062500
10,-Inf,18.777778
10,-Inf,25.000000
10,-Inf,25.000000
10,-Inf,27.040000
10,-Inf,33.640000
10,-3.6753910351660661e+30,36.000000
10,-3.5093573195575673e+29,38.027778
10,-6.9812419371630966e+28,39.062500
10,-2.6950079469101365e+26,42.250000
10,-2.3506345509479745e+25,44.444444
10,-9.4503386462748200e+23,46.240000
10,-9.7397083327810864e+11,51.020408
10,6.0334460873141804e-04,56.250000
10,2.9945767235259819e+08,57.326531
10,1.0144724812464125e+09,64.000000
10,1.5842756661138284e+09,66.015625
10,2.1283058129840529e+09,67.240000
10,2.4696705422927318e+09,68.653061
10,3.3878162196463232e+09,69.444444
10,4.5527809966324139e+09,72.250000
10,5.0008112316476917e+09,75.111111
10,6.9430735730837593e+09,83.012346
10,7.1755030990855770e+09,83.265625
10,7.9592596654055386e+09,86.224490
10,9.6521710044325104e+09,89.197531
10,9.7316886594878883e+09,100.000000
10,1.0224611783959509e+10,100.000000
10,1.0295082949031134e+10,100.000000
10,1.3324459018047354e+10,100.000000
10,1.3579572956221972e+10,100.000000
10,1.5027390815554962e+10,102.010000
10,1.6325486275340433e+10,103.361111
10,1.7708449711896664e+10,105.062500
10,1.8957568010229706e+10,108.160000
10,2.0259135338045128e+10,111.755102
10,2.0720892078176975e+10,116.160494
10,2.2142449406225628e+10,118.810000
10,2.3248780712022495e+10,123.008264
10,2.4038359461043941e+10,123.765625
10,2.5831222588293781e+10,128.444444
10,2.6564903436540733e+10,129.132231
10,2.8553063143140812e+10,134.560000
10,3.0482656730793919e+10,138.716049
10,3.2378183936823524e+10,139.669421
10,3.4065883867121620e+10,144.000000
10,3.4532567942301689e+10,146.006944
10,3.6314267971348785e+10,147.448980
10,3.7344888776662415e+10,148.840000
10,3.7636307219203773e+10,152.111111
10,3.7740478643271919e+10,155.115702
10,4.0516593141607567e+10,156.250000
10,4.1157993533084152e+10,156.250000
10,4.3099700665499184e+10,162.562500
10,4.4431135965191238e+10,169.000000
10,4.6764853503006020e+10,169.000000
10,4.8292135203185028e+10,171.005917
10,4.9893244031155800e+10,176.165289
10,4.9932913912396347e+10,177.094675
10,5.3328566944941032e+10,177.777778
10,5.3400141492826271e+10,184.960000
10,5.5215120442223473e+10,187.479290
10,5.5572028732495872e+10,196.000000
10,5.8284467419834023e+10,198.005102
10,5.9591672817662086e+10,198.340278
10,6.0279186979977425e+10,199.515625
10,6.0377379908306763e+10,200.694444
10,6.1256910015429649e+10,202.514793
10,6.3312130729635506e+10,203.710744
10,6.3979169940948494e+10,204.081633
10,6.6327197717274040e+10,208.641975
10,6.6604087545009933e+10,210.250000
10,6.9609689233188873e+10,214.413265
10,7.0337994624563812e+10,219.040000
10,7.1870334578139313e+10,222.010000
10,7.4641162496800446e+10,222.698225
10,7.7065178515057343e+10,225.000000
10,7.8896990891067047e+10,225.000000
10,8.1758749690469360e+10,227.004444
10,8.2002399898884018e+10,229.306122
10,8.3732287138363174e+10,233.071111
10,8.3972244606934875e+10,238.842975
10,9.0261862397290924e+10,243.360000
10,9.0837961891127197e+10,248.668639
10,9.3143492971039871e+10,249.188776
10,9.5638680977711578e+10,256.000000
10,9.5792939491499329e+10,258.003906
10,9.9835140263178696e+10,258.137778
10,1.0183177485837770e+11,258.673611
10,1.0435494290747125e+11,259.567901
10,1.0938468255312642e+11,260.591837
10,1.1705118802945071e+11,264.062500
10,1.2064030031497469e+11,264.062500
10,1.2178328656325365e+11,268.960000
10,1.2328196040468770e+11,274.316406
10,1.2932389981667717e+11,274.612245
10,1.3419434977521837e+11,277.777778
10,1.3937989502530054e+11,277.777778
10,1.4999797924053336e+11,281.207101
10,1.5134368772257858e+11,282.851240
10,1.6752566696248126e+11,289.000000
10,1.6857564244983185e+11,289.000000
10,1.8016355930212781e+11,291.003460
10,1.9626283760433398e+11,297.055363
10,2.0798991805335843e+11,300.444444
10,2.3916600791936209e+11,302.760000
10,2.4634760355115680e+11,306.250000
10,2.7957624443753857e+11,307.280277
10,3.0239490053062238e+11,308.441406
10,3.3558576615303394e+11,316.840000
10,3.6958958664464911e+11,321.236686
10,3.9611874233713574e+11,321.885813
10,4.6301765370803583e+11,324.000000
10,5.5047806735746033e+11,326.003086
10,7.2939034441749341e+11,327.610000
10,7.5837975110990112e+11,328.515625
10,7.8785574816027148e+11,332.049383
10,1.2406772606247905e+12,333.062500
10,1.5786643215945791e+12,333.671111
10,1.6911300933536909e+12,337.223140
10,2.9792795876559766e+12,341.162630
10,4.9326485654329795e+12,342.250000
10,6.1135531135532344e+12,344.897959
10,6.1135531135536289e+12,344.897959
10,6.1234728055432959e+12,351.562500
10,6.1288719639867686e+12,356.790123
10,6.1452102932796816e+12,363.002770
10,6.1654668010837842e+12,363.378906
10,6.1662195444773623e+12,365.484429
10,6.1784852144688838e+12,369.044321
10,6.1852659050166436e+12,369.822485
10,6.1884165634556699e+12,371.204444
10,6.1897869659477129e+12,373.777778
10,6.1903332631775000e+12,375.929012
10,6.2094730630195918e+12,379.224377
10,6.2117821570405371e+12,380.250000
10,6.2117823820431885e+12,391.474490
10,6.2479167864272793e+12,393.709141
10,6.2780560816793154e+12,395.307958
10,6.3001618744926006e+12,400.000000
10,6.3155941749624346e+12,400.000000
10,6.3256718024368984e+12,400.000000
10,6.3313513469013721e+12,400.000000
10,6.3332595203317969e+12,400.000000
10,6.5842220583809629e+12,402.002500
10,6.5903505478758789e+12,403.644628
10,6.5996101491842627e+12,404.456790
10,6.6009672413664355e+12,408.040000
10,6.6226940390964531e+12,412.731302
10,6.6390465290729551e+12,413.444444
10,6.6445228022459336e+12,416.160000
10,6.6597254399097051e+12,418.202500
10,6.6686485193300127e+12,420.250000
10,6.6734912056684961e+12,428.171598
10,6.6760052449901904e+12,429.410494
10,6.6772011231951475e+12,431.173010
10,6.6842320570775762e+12,432.640000
10,6.6954453217786631e+12,436.590028
10,6.6955609942179844e+12,443.002268
10,6.7248848661231709e+12,443.628906
10,6.7568158009738340e+12,447.020408
10,6.7803492529447256e+12,449.036281
10,6.7968300901343428e+12,449.440000
10,6.8076140044442158e+12,451.562500
10,6.8136974711019189e+12,453.081633
10,6.8157058602288359e+12,459.183673
10,6.8751047117064570e+12,464.641975
10,8.0905827197665605e+12,465.650970
10,8.1086226533119482e+12,469.444444
10,8.1195783932577158e+12,473.580499
10,8.1305137100981191e+12,473.702422
10,8.1482841888246729e+12,475.240000
10,8.1606549004550557e+12,484.000000
10,8.1787901677700869e+12,486.002066
10,8.2009991339973203e+12,487.673611
10,8.2093917355024062e+12,488.410000
10,8.2164303326758887e+12,492.033058
10,8.2261440158956484e+12,492.417234
10,8.2322797665673613e+12,495.062500
10,8.2355773289895762e+12,497.633136
10,8.2459789434192832e+12,500.346260
10,8.2470837262633477e+12,502.167355
10,8.2577895336529277e+12,503.753086
10,8.2943822042387422e+12,504.002500
10,8.3220906175557344e+12,506.250000
10,8.3416468378591436e+12,512.698980
10,8.3545070463138896e+12,513.777778
10,8.3618060678821387e+12,515.938776
10,8.3638804576691162e+12,516.528926
10,1.0964658652216355e+13,523.602076
10,1.0989167273386553e+13,531.001890
10,1.1046403876518396e+13,532.071111
10,1.1047242501482748e+13,534.765625
10,1.1058987745803176e+13,535.291322
10,1.1091529532416682e+13,537.030246
10,1.1106552200289939e+13,538.240000
10,1.1137515037173275e+13,541.174515
10,1.1146130312421406e+13,544.444444
10,1.1172392247637736e+13,547.153119
10,1.1188138813472893e+13,554.864198
10,1.1192982328601684e+13,555.191406
10,1.1201685154321740e+13,558.677686
10,1.1209114659270412e+13,561.483932
10,1.1215211986733590e+13,576.000000
10,1.1216643648800461e+13,578.001736
10,1.1239958806530611e+13,578.287982
10,1.1274744582485812e+13,578.402500
10,1.1299702934142488e+13,579.698225
10,1.1316207704149420e+13,580.181474
10,1.1326137906234484e+13,580.371901
10,1.1327840814663301e+13,581.660900
10,1.5958121029737135e+13,584.027778
10,1.5996236602550799e+13,586.960744
10,1.6087370844509346e+13,588.062500
10,1.6143123377964242e+13,588.700831
10,1.6159261308211393e+13,589.795918
10,1.6188208398102900e+13,589.795918
10,1.6200593958046584e+13,592.111111
10,1.6253385471050723e+13,594.140625
10,1.6267030833667238e+13,595.360000
10,1.6310353458785324e+13,603.449905
10,1.6314445387529447e+13,605.160000
10,1.6343914440710318e+13,608.444444
10,1.6361339450499453e+13,611.188272
10,1.6369439361666635e+13,617.877551
10,1.6374801948621881e+13,620.462810
10,1.6382941638757801e+13,625.000000
10,1.6383585713838371e+13,625.000000
10,1.6417964007388992e+13,625.000000
10,1.6451785276534693e+13,625.000000
10,1.6474084099217127e+13,627.001600
10,1.6490637411351947e+13,627.085069
10,1.6491640786754354e+13,631.538752
10,2.4735467243408648e+13,633.025600
10,2.4799878269071008e+13,643.129600
10,2.4953183491732750e+13,643.556787
10,2.5113717006098578e+13,648.750865
10,2.5122996803029719e+13,650.250000
10,2.5136872549327363e+13,657.409600
10,2.5195365668934246e+13,659.555785
10,2.5264223249878469e+13,663.675737
10,2.5267411992618559e+13,664.742911
10,2.5336709409056617e+13,676.000000
10,2.5358571115137328e+13,676.000000
10,2.5403509988663555e+13,676.000000
10,2.5408967227713777e+13,676.000000
10,2.5439066540352402e+13,676.000000
10,2.5456379878401488e+13,678.001479
10,2.5467385338070703e+13,678.168403
10,2.5467728066208656e+13,678.602500
10,2.5473871615496730e+13,679.719388
10,2.5519769733437793e+13,680.340278
10,2.5551426646743879e+13,684.023669
10,2.5583674861234918e+13,684.694444
10,2.5584185287003027e+13,689.937778
10,4.1352956616675508e+13,694.119822
10,4.1469255642410820e+13,695.041322
10,4.1743985371361898e+13,699.073600
10,4.2044515081761266e+13,702.250000
10,4.2107844860800906e+13,703.402647
10,4.2144988674359656e+13,704.661157
10,4.2237608638086148e+13,705.566406
10,4.2293299599469133e+13,706.440443
10,4.2349151332349086e+13,708.378698
10,4.2452050635591336e+13,711.111111
10,4.2472389328031148e+13,716.199546
10,4.2537571309485992e+13,723.610000
10,4.2576947148829375e+13,725.826990
10,4.2619988568843648e+13,726.841600
10,4.2626571121458359e+13,726.924556
10,4.2656074479043281e+13,731.001372
10,4.2671441762208438e+13,737.021948
10,4.2676921446740609e+13,739.840000
10,4.2697883817001203e+13,747.111111
10,4.2746638140885414e+13,747.903592
10,4.2813099429975547e+13,749.390625
10,4.2813393320980609e+13,749.917160
10,7.7709509320279047e+13,750.151235
10,7.7941363004537062e+13,756.250000
10,7.8485187451244672e+13,759.553600
10,7.9072608505296297e+13,760.183673
10,7.9298698760653547e+13,761.351166
10,7.9367144318844438e+13,771.604938
10,7.9535837284844703e+13,776.020408
10,7.9551962499742031e+13,777.551775
10,7.9735944451214516e+13,778.116343
10,7.9895950215699375e+13,779.857339
10,7.9917120468933297e+13,784.000000
10,8.0061612833803906e+13,786.001276
10,8.0125516250168922e+13,787.737778
10,8.0172620330531688e+13,788.313609
10,8.0235288159125797e+13,792.020408
10,8.0286509473999734e+13,793.361111
10,8.0289348610180359e+13,797.497600
10,8.0314941224207281e+13,798.062500
10,8.0323427059456547e+13,798.676749
10,8.0376721684498641e+13,802.103316
10,8.0522721668624516e+13,802.777778
10,8.0522944659319938e+13,802.777778
10,1.8208952738207253e+14,809.402500
10,1.8265505713450631e+14,810.059172
10,1.8397480845681625e+14,813.927336
10,1.8538703041414022e+14,814.842975
10,1.8608433066378472e+14,816.326531
10,1.8624335284467119e+14,830.293553
10,1.8652509859223306e+14,830.487603
10,1.8663308415022706e+14,834.567901
10,1.8708835861169528e+14,834.797194
10,1.8733324549139081e+14,841.000000
10,1.8749642464971859e+14,841.000000
10,1.8781830868822656e+14,843.001189
10,1.8787431019951447e+14,843.418403
10,1.8805566048905200e+14,843.764172
10,1.8820942207667544e+14,847.705621
10,1.8823313225925262e+14,848.265625
10,1.8832756674108125e+14,849.019025
10,1.8838912358776162e+14,852.640000
10,1.8840870689681922e+14,856.198488
10,1.8842300169068588e+14,857.653061
10,1.8880342226547609e+14,859.096314
10,1.8880368074474444e+14,859.415512
10,7.4650103943491575e+14,862.618656
10,7.4887408261193350e+14,873.304400
10,7.5439458834000588e+14,876.160000
10,7.6026859712687738e+14,881.010331
10,7.6351945881552400e+14,885.062500
10,7.6416922707970688e+14,888.040000
10,7.6496847188059300e+14,890.425600
10,7.6575468904727962e+14,890.792899
10,7.6759343811214012e+14,891.743163
10,7.6827941387155038e+14,900.000000
10,7.6922939500097575e+14,900.000000
10,7.7048027106990538e+14,900.000000
10,7.7051251459682725e+14,900.000000
10,7.7145364555736300e+14,900.000000
10,7.7187787344648812e+14,902.001111
10,7.7211070657937150e+14,903.753906
10,7.7253873458598575e+14,904.290816
10,7.7267345048475175e+14,908.017778
10,7.7278049536126550e+14,914.173010
10,7.7285846552651950e+14,914.541023
10,7.7433392910575962e+14,917.224490
10,7.7433460230760950e+14,918.090000
10,1.0515831038917484e+26,918.556213
10,2.1331998989417846e+26,920.111111
10,5.1840431278990903e+26,920.990548
10,1.1991957549925779e+27,930.250000
10,1.8063444032670467e+29,932.284444
10,1.8660946114521400e+29,939.658284
10,Inf,941.854935
10,Inf,942.717421
10,Inf,945.562500
10,Inf,946.177600
10,Inf,947.271605
10,Inf,950.694444
10,Inf,951.235457
10,Inf,954.368622
10,Inf,955.371901
10,Inf,963.001041
10,-Inf,4.000000
10,-Inf,6.250000
10,-Inf,11.111111
10,-Inf,16.000000
10,-Inf,18.062500
10,-Inf,18.777778
10,-Inf,25.000000
10,-Inf,25.000000
10,-Inf,27.040000
10,-Inf,33.640000
10,-Inf,36.000000
10,-Inf,38.027778
10,-Inf,39.062500
10,-Inf,42.250000
10,-Inf,44.444444
10,-Inf,46.240000
10,-Inf,51.020408
10,-Inf,56.250000
10,-Inf,57.326531
10,-Inf,64.000000
10,-Inf,66.015625
10,-Inf,67.240000
10,-Inf,68.653061
10,-Inf,69.444444
10,-Inf,72.250000
10,-Inf,75.111111
10,-Inf,83.012346
10,-Inf,83.265625
10,-Inf,86.224490
10,-Inf,89.197531
10,-Inf,100.000000
10,-Inf,100.000000
10,-Inf,100.000000
10,-Inf,100.000000
10,-Inf,100.000000
10,-Inf,102.010000
10,-Inf,103.361111
10,-Inf,105.062500
10,-Inf,108.160000
10,-Inf,111.755102
10,-Inf,116.160494
10,-Inf,118.810000
10,-Inf,123.008264
10,-Inf,123.765625
10,-Inf,128.444444
10,-Inf,129.132231
10,-Inf,134.560000
10,-Inf,138.716049
10,-Inf,139.669421
10,-Inf,144.000000
10,-Inf,146.006944
10,-Inf,147.448980
10,-Inf,148.840000
10,-Inf,152.111111
10,-Inf,155.115702
10,-Inf,156.250000
10,-Inf,156.250000
10,-Inf,162.562500
10,-Inf,169.000000
10,-Inf,169.000000
10,-Inf,171.005917
10,-Inf,176.165289
10,-Inf,177.094675
10,-Inf,177.777778
10,-Inf,184.960000
10,-Inf,187.479290
10,-Inf,196.000000
10,-Inf,198.005102
10,-Inf,198.340278
10,-Inf,199.515625
10,-Inf,200.694444
10,-Inf,202.514793
10,-Inf,203.710744
10,-Inf,204.081633
10,-Inf,208.641975
10,-Inf,210.250000
10,-Inf,214.413265
10,-Inf,219.040000
10,-Inf,222.010000
10,-Inf,222.698225
10,-Inf,225.000000
10,-Inf,225.000000
10,-Inf,227.004444
10,-Inf,229.306122
10,-Inf,233.071111
10,-Inf,238.842975
10,-Inf,243.360000
10,-Inf,248.668639
10,-Inf,249.188776
10,-Inf,256.000000
10,-Inf,258.003906
10,-Inf,258.137778
10,-Inf,258.673611
10,-Inf,259.567901
10,-Inf,260.591837
10,-Inf,264.062500
10,-Inf,264.062500
10,-Inf,268.960000
10,-Inf,274.316406
10,-Inf,274.612245
10,-Inf,277.777778
10,-Inf,277.777778
10,-Inf,281.207101
10,-Inf,282.851240
10,-Inf,289.000000
10,-Inf,289.000000
10,-Inf,291.003460
10,-Inf,297.055363
10,-Inf,300.444444
10,-Inf,302.760000
10,-Inf,306.250000
10,-Inf,307.280277
10,-Inf,308.441406
10,-Inf,316.840000
10,-Inf,321.236686
10,-Inf,321.885813
10,-Inf,324.000000
10,-Inf,326.003086
10,-Inf,327.610000
10,-Inf,328.515625
10,-Inf,332.049383
10,-Inf,333.062500
10,-Inf,333.671111
10,-Inf,337.223140
10,-Inf,341.162630
10,-Inf,342.250000
10,-Inf,344.897959
10,-Inf,344.897959
10,-Inf,351.562500
10,-Inf,356.790123
10,-Inf,363.002770
10,-Inf,363.378906
10,-Inf,365.484429
10,-Inf,369.044321
10,-Inf,369.822485
10,-Inf,371.204444
10,-Inf,373.777778
10,-Inf,375.929012
10,-Inf,379.224377
10,-Inf,380.250000
10,-Inf,391.474490
10,-Inf,393.709141
10,-Inf,395.307958
10,-Inf,400.000000
10,-2.1574407003316562e+13,400.000000
10,-8.3035433747759873e+12,400.000000
10,-1.5841520890687627e+12,400.000000
10,-1.7427469786986616e+08,400.000000
10,1.0000000000000004e+00,402.002500
10,1.0000000000000009e+00,403.644628
10,1.0000000000000009e+00,404.456790
10,1.0000000000005065e+00,408.040000
10,1.0000000000012448e+00,412.731302
10,1.0000000000027085e+00,413.444444
10,1.0000000000041334e+00,416.160000
10,1.0000000000046425e+00,418.202500
10,1.0000000000117453e+00,420.250000
10,1.0000000000124716e+00,428.171598
10,1.0000000000197540e+00,429.410494
10,1.0000000000204454e+00,431.173010
10,1.0000000000391311e+00,432.640000
10,1.0000000000395151e+00,436.590028
10,1.0000000000553240e+00,443.002268
10,1.0000000000556026e+00,443.628906
10,1.0000000000917055e+00,447.020408
10,1.0000000000951172e+00,449.036281
10,1.0000000001158420e+00,449.440000
10,1.0000000001250604e+00,451.562500
10,1.0000000001780496e+00,453.081633
10,1.0000000001962268e+00,459.183673
10,1.0000000002150133e+00,464.641975
10,1.0000000002412230e+00,465.650970
10,1.0000000003145515e+00,469.444444
10,1.0000000003596927e+00,473.580499
10,1.0000000003633420e+00,473.702422
10,1.0000000004163287e+00,475.240000
10,1.0000000005214451e+00,484.000000
10,1.0000000005751499e+00,486.002066
10,1.0000000005960783e+00,487.673611
10,1.0000000006484828e+00,488.410000
10,1.0000000008022396e+00,492.033058
10,1.0000000008395236e+00,492.417234
10,1.0000000008767957e+00,495.062500
10,1.0000000009052690e+00,497.633136
10,1.0000000010838330e+00,500.346260
10,1.0000000010943564e+00,502.167355
10,1.0000000011100421e+00,503.753086
10,1.0000000011172168e+00,504.002500
10,1.2850575694548712e+09,506.250000
10,3.0591421329467912e+09,512.698980
10,6.0613718815926971e+09,513.777778
10,1.0043063506013256e+10,515.938776
10,1.3646165829040739e+10,516.528926
10,1.6388989084838808e+10,523.602076
10,2.0925926180553242e+10,531.001890
10,2.2044142561786533e+10,532.071111
10,2.3959736271342869e+10,534.765625
10,2.4927161014369194e+10,535.291322
10,3.1262749421103264e+10,537.030246
10,3.8242283512279724e+10,538.240000
10,3.9334806253691322e+10,541.174515
10,5.3969077503981148e+10,544.444444
10,5.4144826468143547e+10,547.153119
10,7.0925324573201767e+10,554.864198
10,8.1800170502981735e+10,555.191406
10,1.0479378788207268e+11,558.677686
10,1.0623526209203278e+11,561.483932
10,1.2654112910406807e+11,576.000000
10,1.3312095887311809e+11,578.001736
10,1.5159356145338828e+11,578.287982
10,1.9208246802037683e+11,578.402500
10,2.8668029417151782e+11,579.698225
10,3.7670570941070801e+11,580.181474
10,3.7898505690080817e+11,580.371901
10,6.3811991994268298e+11,581.660900
10,7.0564234107635193e+11,584.027778
10,1.7148615540479612e+12,586.960744
10,2.2370029248270117e+12,588.062500
10,3.0580798587943804e+12,588.700831
10,3.3103667894628491e+12,589.795918
10,3.7525308630628208e+12,589.795918
10,5.9636200415771670e+12,592.111111
10,7.8094696988682500e+12,594.140625
10,1.6306277903774971e+13,595.360000
10,Inf,603.449905
10,Inf,605.160000
10,Inf,608.444444
10,Inf,611.188272
10,Inf,617.877551
10,Inf,620.462810
10,Inf,625.000000
10,Inf,625.000000
10,Inf,625.000000
10,Inf,625.000000
10,Inf,627.001600
10,Inf,627.085069
10,Inf,631.538752
10,Inf,633.025600
10,Inf,643.129600
10,Inf,643.556787
10,Inf,648.750865
10,Inf,650.250000
10,Inf,657.409600
10,Inf,659.555785
10,Inf,663.675737
10,Inf,664.742911
10,Inf,676.000000
10,Inf,676.000000
10,Inf,676.000000
10,Inf,676.000000
10,Inf,676.000000
10,Inf,678.001479
10,Inf,678.168403
10,Inf,678.602500
10,Inf,679.719388
10,Inf,680.340278
10,Inf,684.023669
10,Inf,684.694444
10,Inf,689.937778
10,Inf,694.119822
10,Inf,695.041322
10,Inf,699.073600
10,Inf,702.250000
10,Inf,703.402647
10,Inf,704.661157
10,Inf,705.566406
10,Inf,706.440443
10,Inf,708.378698
10,Inf,711.111111
10,Inf,716.199546
10,Inf,723.610000
10,Inf,725.826990
10,Inf,726.841600
10,Inf,726.924556
10,Inf,731.001372
10,Inf,737.021948
10,Inf,739.840000
10,Inf,747.111111
10,Inf,747.903592
10,Inf,749.390625
10,Inf,749.917160
10,Inf,750.151235
10,Inf,756.250000
10,Inf,759.553600
10,Inf,760.183673
10,Inf,761.351166
10,Inf,771.604938
10,Inf,776.020408
10,Inf,777.551775
10,Inf,778.116343
10,Inf,779.857339
10,Inf,784.000000
10,Inf,786.001276
10,Inf,787.737778
10,Inf,788.313609
10,Inf,792.020408
10,Inf,793.361111
10,Inf,797.497600
10,Inf,798.062500
10,Inf,798.676749
10,Inf,802.103316
10,Inf,802.777778
10,Inf,802.777778
10,Inf,809.402500
10,Inf,810.059172
10,Inf,813.927336
10,Inf,814.842975
10,Inf,816.326531
10,Inf,830.293553
10,Inf,830.487603
10,Inf,834.567901
10,Inf,834.797194
10,Inf,841.000000
10,Inf,841.000000
10,Inf,843.001189
10,Inf,843.418403
10,Inf,843.764172
10,Inf,847.705621
10,Inf,848.265625
10,Inf,849.019025
10,Inf,852.640000
10,Inf,856.198488
10,Inf,857.653061
10,Inf,859.096314
10,Inf,859.415512
10,Inf,862.618656
10,Inf,873.304400
10,Inf,876.160000
10,Inf,881.010331
10,Inf,885.062500
10,Inf,888.040000
10,Inf,890.425600
10,Inf,890.792899
10,Inf,891.743163
10,Inf,900.000000
10,Inf,900.000000
10,Inf,900.000000
10,Inf,900.000000
10,Inf,900.000000
10,Inf,902.001111
10,Inf,903.753906
10,Inf,904.290816
10,Inf,908.017778
10,Inf,914.173010
10,Inf,914.541023
10,Inf,917.224490
10,Inf,918.090000
10,Inf,918.556213
10,Inf,920.111111
10,Inf,920.990548
10,Inf,930.250000
10,Inf,932.284444
10,Inf,939.658284
10,Inf,941.854935
10,Inf,942.717421
10,Inf,945.562500
10,Inf,946.177600
10,Inf,947.271605
10,Inf,950.694444
10,Inf,951.235457
10,Inf,954.368622
10,Inf,955.371901
10,Inf,963.001041
10,-1.7560548604013341e-07,4.000000
10,-9.7880336299834259e-08,6.250000
10,-6.8005647507897787e-08,11.111111
10,-4.0835972120154132e-08,16.000000
10,-5.8244588141011088e-09,18.062500
10,-5.8185259719484064e-09,18.777778
10,-5.8185259719484064e-09,25.000000
10,-5.1862645441555951e-09,25.000000
10,-3.3699184381930818e-09,27.040000
10,-3.1255231600021666e-09,33.640000
10,-1.6846048099609040e-09,36.000000
10,-8.6698942066937164e-10,38.027778
10,-1.0865449635359533e-10,39.062500
10,-1.0865449635359533e-10,42.250000
10,-5.3326754068584012e-11,44.444444
10,-5.3326754068584012e-11,46.240000
10,-4.8725391832491401e-11,51.020408
10,-1.4872983083440141e-11,56.250000
10,-1.4872983083440141e-11,57.326531
10,-8.9306054916508209e-13,64.000000
10,-8.9306054916508199e-13,66.015625
10,-1.7146071425273558e-13,67.240000
10,-7.7616606671268282e-14,68.653061
10,-7.7616606671268282e-14,69.444444
10,-6.5520246079668503e-14,72.250000
10,-7.5816878559398922e-15,75.111111
10,-2.0018648771627577e-15,83.012346
10,-1.3305155921314436e-15,83.265625
10,-1.3305155921314436e-15,86.224490
10,-9.9638123957122689e-16,89.197531
10,-9.9638123957122669e-16,100.000000
10,-1.7004110333511823e-16,100.000000
10,-1.7004110333511820e-16,100.000000
10,-1.3195240942676115e-16,100.000000
10,-7.4783911336443948e-17,100.000000
10,-7.4783911336443948e-17,102.010000
10,-4.2057653714815013e-17,103.361111
10,-3.9154077063527949e-17,105.062500
10,-3.9154077063527943e-17,108.160000
10,-7.9375895009686362e-19,111.755102
10,5.6963415578856660e-17,116.160494
10,1.6337877628511689e-16,118.810000
10,1.6337877628511689e-16,123.008264
10,2.2444644326133624e-16,123.765625
10,5.4176091149287192e-16,128.444444
10,5.4176091149287192e-16,129.132231
10,5.8478287893300181e-16,134.560000
10,8.4962863408094767e-16,138.716049
10,8.4962863408094767e-16,139.669421
10,9.2615326181448941e-16,144.000000
10,1.0266836458747476e-15,146.006944
10,1.2110355884777845e-15,147.448980
10,1.2110355884777847e-15,148.840000
10,1.3164426200015606e-15,152.111111
10,1.3164426200015606e-15,155.115702
10,1.3204196413424684e-15,156.250000
10,1.6775236072373604e-15,156.250000
10,1.8643210937632847e-15,162.562500
10,2.2120294214202434e-15,169.000000
10,2.2120294214202438e-15,169.000000
10,2.8702503407549265e-15,171.005917
10,2.8702503407549269e-15,176.165289
10,3.6112537656263758e-15,177.094675
10,3.6112537656263758e-15,177.777778
10,4.0050122905545711e-15,184.960000
10,4.6604782939868997e-15,187.479290
10,4.6604782939868997e-15,196.000000
10,4.6917363602717435e-15,198.005102
10,4.7001415886273051e-15,198.340278
10,4.7001415886273059e-15,199.515625
10,5.0599870082964582e-15,200.694444
10,5.2886562506071840e-15,202.514793
10,5.2886562506071848e-15,203.710744
10,5.2900649755169702e-15,204.081633
10,5.2900649755169710e-15,208.641975
10,5.3336589711871625e-15,210.250000
10,5.4374881244698045e-15,214.413265
10,5.4374881244698053e-15,219.040000
10,5.5047773490503258e-15,222.010000
10,5.7809560748234599e-15,222.698225
10,5.8344549456668840e-15,225.000000
10,5.8344549456668840e-15,225.000000
10,7.7601093530500998e-15,227.004444
10,7.7601093530501014e-15,229.306122
10,9.7544138043733344e-15,233.071111
10,9.7544138043733360e-15,238.842975
10,1.0784943529294305e-14,243.360000
10,1.1709877050550032e-14,248.668639
10,1.1709877050550033e-14,249.188776
10,1.2068504188560444e-14,256.000000
10,1.2068504188560444e-14,258.003906
10,1.2153261693752525e-14,258.137778
10,1.2286301243282263e-14,258.673611
10,1.2404112496531941e-14,259.567901
10,1.2404112496531942e-14,260.591837
10,1.2503327123591716e-14,264.062500
10,1.2571539449857078e-14,264.062500
10,1.2604231352284514e-14,268.960000
10,1.2743264155931818e-14,274.316406
10,1.2889634538943776e-14,274.612245
10,1.3986114836810368e-14,277.777778
10,1.3986114836810370e-14,277.777778
10,1.4158619261468730e-14,281.207101
10,1.4874630922338038e-14,282.851240
10,1.4874630922338042e-14,289.000000
10,1.7257502382063766e-14,289.000000
10,1.8696411742540461e-14,291.003460
10,2.0643256575985662e-14,297.055363
10,2.0643256575985665e-14,300.444444
10,2.2292266281588205e-14,302.760000
10,2.2292266281588205e-14,306.250000
10,2.2781707064410209e-14,307.280277
10,2.2927588076954301e-14,308.441406
10,2.2927588076954305e-14,316.840000
10,2.3161591658062583e-14,321.236686
10,2.3332047776234979e-14,321.885813
10,2.3473769098790095e-14,324.000000
10,2.3473769098790099e-14,326.003086
10,2.3657485603252605e-14,327.610000
10,2.3668028136689189e-14,328.515625
10,2.3668028136689192e-14,332.049383
10,2.3739532477291068e-14,333.062500
10,2.3909953022422155e-14,333.671111
10,2.5077789735680162e-14,337.223140
10,2.5077789735680162e-14,341.162630
10,2.7569979406685792e-14,342.250000
10,3.4031128088093978e-14,344.897959
10,3.7085281142306425e-14,344.897959
10,3.7085281142306425e-14,351.562500
10,3.8363416268527246e-14,356.790123
10,3.8960315567334487e-14,363.002770
10,3.9178196592627855e-14,363.378906
10,3.9178196592627861e-14,365.484429
10,3.9182195671639456e-14,369.044321
10,3.9415757845322518e-14,369.822485
10,3.9415757845322518e-14,371.204444
10,3.9517855583979636e-14,373.777778
10,3.9767770717010080e-14,375.929012
10,3.9791061606078948e-14,379.224377
10,3.9791061606078954e-14,380.250000
10,3.9808357150135694e-14,391.474490
10,3.9946369830605821e-14,393.709141
10,3.9946369830605821e-14,395.307958
10,4.0189791434630189e-14,400.000000
10,4.2213845005305285e-14,400.000000
10,5.0147731722494755e-14,400.000000
10,5.2573698778746554e-14,400.000000
10,5.2573698778746566e-14,400.000000
10,5.9621878676473879e-14,402.002500
10,5.9621878676473891e-14,403.644628
10,5.9671350678611052e-14,404.456790
10,6.0380235239536635e-14,408.040000
10,6.0848351970865152e-14,412.731302
10,6.1112201770414288e-14,413.444444
10,6.1112201770414288e-14,416.160000
10,6.1332735909418764e-14,418.202500
10,6.1332735909418764e-14,420.250000
10,6.1444281165667953e-14,428.171598
10,6.1444281165667953e-14,429.410494
10,6.1479073420802631e-14,431.173010
10,6.1952145475571905e-14,432.640000
10,6.1959468806963423e-14,436.590028
10,6.1959468806963423e-14,443.002268
10,6.3047697740513461e-14,443.628906
10,6.3047697740513474e-14,447.020408
10,6.5543719896786465e-14,449.036281
10,6.5543719896786465e-14,449.440000
10,7.6739991684357148e-14,451.562500
10,7.6739991684357161e-14,453.081633
10,8.0734428753385803e-14,459.183673
10,8.0734428753385803e-14,464.641975
10,8.7061584311458734e-14,465.650970
10,8.8266425415729929e-14,469.444444
10,8.8377382939144375e-14,473.580499
10,8.8625466999619023e-14,473.702422
10,8.8625466999619023e-14,475.240000
10,8.8862330799786815e-14,484.000000
10,8.9386687579911804e-14,486.002066
10,8.9426795413572882e-14,487.673611
10,8.9426795413572895e-14,488.410000
10,8.9468803937245809e-14,492.033058
10,8.9876621206638959e-14,492.417234
10,8.9896445880189456e-14,495.062500
10,8.9896445880189456e-14,497.633136
10,9.0219980203017440e-14,500.346260
10,9.0574963479825045e-14,502.167355
10,9.0693029800149297e-14,503.753086
10,9.0693029800149297e-14,504.002500
10,9.9979478485161068e-14,506.250000
10,1.0153871717349622e-13,512.698980
10,1.0153871717349622e-13,513.777778
10,1.1959172994733825e-13,515.938776
10,1.2000002650839475e-13,516.528926
10,1.2000002650839475e-13,523.602076
10,1.2024101008058792e-13,531.001890
10,1.2024101008058792e-13,532.071111
10,1.2107374064217614e-13,534.765625
10,1.2107374064217614e-13,535.291322
10,1.2142623925496966e-13,537.030246
10,1.2158845370938125e-13,538.240000
10,1.2158845370938125e-13,541.174515
10,1.2220850810303456e-13,544.444444
10,1.2220850810303456e-13,547.153119
10,1.2249295663646925e-13,554.864198
10,1.2264810056659237e-13,555.191406
10,1.2264810056659237e-13,558.677686
10,1.2356090746682049e-13,561.483932
10,1.2356090746682049e-13,576.000000
10,1.2562548678799324e-13,578.001736
10,1.2562548678799327e-13,578.287982
10,1.4243912267622431e-13,578.402500
10,1.4243912267622433e-13,579.698225
10,1.4666589486416137e-13,580.181474
10,1.4724733219370645e-13,580.371901
10,1.4724733219370645e-13,581.660900
10,1.4750347162114175e-13,584.027778
10,1.4750347162114177e-13,586.960744
10,1.4778733611600948e-13,588.062500
10,1.4870202876861828e-13,588.700831
10,1.4961018517363752e-13,589.795918
10,1.4961018517363752e-13,589.795918
10,1.4980241502077007e-13,592.111111
10,1.4990887808153492e-13,594.140625
10,1.5007576646992936e-13,595.360000
10,1.5007576646992936e-13,603.449905
10,1.5018050162092643e-13,605.160000
10,1.5131887451946578e-13,608.444444
10,1.5157810905769686e-13,611.188272
10,1.5157810905769689e-13,617.877551
10,1.5170490459761742e-13,620.462810
10,1.5693976926071890e-13,625.000000
10,1.5693976926071893e-13,625.000000
10,1.5793940383089628e-13,625.000000
10,1.5833350308793451e-13,625.000000
10,1.5833350308793451e-13,627.001600
10,1.5900479184422655e-13,627.085069
10,1.5948141348494638e-13,631.538752
10,1.5958753652044511e-13,633.025600
10,1.6061684146099495e-13,643.129600
10,1.6061684146099495e-13,643.556787
10,1.6135229753338389e-13,648.750865
10,1.6135229753338389e-13,650.250000
10,1.6150794355120555e-13,657.409600
10,1.6150794355120557e-13,659.555785
10,1.6279948454600271e-13,663.675737
10,1.6282158923924101e-13,664.742911
10,1.6282158923924103e-13,676.000000
10,1.6340115744340302e-13,676.000000
10,1.6343141531938478e-13,676.000000
10,1.6356880773432810e-13,676.000000
10,1.7265838997717339e-13,676.000000
10,1.7265838997717341e-13,678.001479
10,1.9143254070876557e-13,678.168403
10,2.4065423848002885e-13,678.602500
10,4.3103017220165564e-13,679.719388
10,6.2205239835551247e-13,680.340278
10,6.8522707280790365e-13,684.023669
10,6.8522707280790365e-13,684.694444
10,7.2299140789730175e-13,689.937778
10,7.2299140789730185e-13,694.119822
10,9.8673369921477386e-13,695.041322
10,1.4103568349209997e-12,699.073600
10,1.4103568349209999e-12,702.250000
10,1.5373193027963614e-12,703.402647
10,2.0324630385188516e-12,704.661157
10,2.6331132563913788e-12,705.566406
10,3.3687914864761934e-12,706.440443
10,3.8753954885164859e-12,708.378698
10,4.6941006323395880e-12,711.111111
10,5.4026992229787175e-12,716.199546
10,5.4026992229787175e-12,723.610000
10,6.0528252580887353e-12,725.826990
10,6.8308143447221746e-12,726.841600
10,6.8308143447221755e-12,726.924556
10,7.1660863278441948e-12,731.001372
10,8.2351831513031409e-12,737.021948
10,8.2351831513031409e-12,739.840000
10,8.7782643926899084e-12,747.111111
10,9.3464757523187471e-12,747.903592
10,9.3464757523187471e-12,749.390625
10,9.4553698612255387e-12,749.917160
10,9.4553698612255387e-12,750.151235
10,9.8447808543310681e-12,756.250000
10,1.0633806995105183e-11,759.553600
10,1.2394042991107963e-11,760.183673
10,1.2394042991107965e-11,761.351166
10,1.3180931084089726e-11,771.604938
10,1.4415874209619652e-11,776.020408
10,1.4415874209619652e-11,777.551775
10,1.4423459659543822e-11,778.116343
10,1.5607084792111633e-11,779.857339
10,1.6654425509506309e-11,784.000000
10,1.6734742711485362e-11,786.001276
10,1.6734742711485362e-11,787.737778
10,1.8234471667028831e-11,788.313609
10,1.8234471667028834e-11,792.020408
10,1.8755265418959179e-11,793.361111
10,2.0110790611434159e-11,797.497600
10,2.0110790611434163e-11,798.062500
10,2.4301431732037479e-11,798.676749
10,2.5946593847155595e-11,802.103316
10,2.5946593847155599e-11,802.777778
10,3.6273385769050369e-11,802.777778
10,3.6273385769050376e-11,809.402500
10,1.1589943526513864e-10,810.059172
10,1.1589943526513866e-10,813.927336
10,3.2005469869432512e-10,814.842975
10,3.2005469869432512e-10,816.326531
10,5.8963422279329209e-10,830.293553
10,7.0501940126910840e-10,830.487603
10,9.4747779679223395e-10,834.567901
10,9.4747779679223395e-10,834.797194
10,3.4790445953164254e-09,841.000000
10,4.0711819210870918e-09,841.000000
10,4.4729218338540437e-09,843.001189
10,4.7276084460752525e-09,843.418403
10,1.1221505285424081e-08,843.764172
10,1.3642783229335900e-08,847.705621
10,1.3642783229335900e-08,848.265625
10,1.9704855547418021e-08,849.019025
10,2.6183025456126602e-08,852.640000
10,4.0168779703249958e-08,856.198488
10,8.6286864766845351e-08,857.653061
10,9.9999999888278523e-01,859.096314
10,9.9999999888995705e-01,859.415512
10,9.9999999890564373e-01,862.618656
10,9.9999999891616742e-01,873.304400
10,9.9999999909473114e-01,876.160000
10,9.9999999912320636e-01,881.010331
10,9.9999999916047477e-01,885.062500
10,9.9999999919776272e-01,888.040000
10,9.9999999935151695e-01,890.425600
10,9.9999999940392159e-01,890.792899
10,9.9999999942485207e-01,891.743163
10,9.9999999947855411e-01,900.000000
10,9.9999999958367469e-01,900.000000
10,9.9999999963665998e-01,900.000000
10,9.9999999964030784e-01,900.000000
10,9.9999999968544728e-01,900.000000
10,9.9999999975877696e-01,902.001111
10,9.9999999978498622e-01,903.753906
10,9.9999999980377385e-01,904.290816
10,9.9999999982195042e-01,908.017778
10,9.9999999987494137e-01,914.173010
10,9.9999999988415833e-01,914.541023
10,9.9999999990488386e-01,917.224490
10,9.9999999990829402e-01,918.090000
10,9.9999999994439859e-01,918.556213
10,9.9999999994467570e-01,920.111111
10,9.9999999996048805e-01,920.990548
10,9.9999999996086986e-01,930.250000
10,9.9999999997955635e-01,932.284444
10,9.9999999998024558e-01,939.658284
10,9.9999999998752642e-01,941.854935
10,9.9999999998825351e-01,942.717421
10,9.9999999999535771e-01,945.562500
10,9.9999999999586475e-01,946.177600
10,9.9999999999729172e-01,947.271605
10,9.9999999999875422e-01,950.694444
10,9.9999999999949329e-01,951.235457
10,9.9999999999999978e-01,954.368622
10,1.0000000000000000e+00,955.371901
10,1.0000000000000002e+00,963.001041
