mode_rank,eigen_index,lambda_real,lambda_imag,lambda_isfinite,lambda_isinf,lambda_isnan,vector_isfinite,norm_v,norm_Kv,norm_KGv,residual_norm,relative_residual,KGv_over_v,selected_positive_mode
1.0,1.0,-Inf,0.0,0.0,1.0,0.0,1.0,1.0,1.0020921518384807e7,0.0,NaN,NaN,0.0,0.0
2.0,2.0,-Inf,0.0,0.0,1.0,0.0,1.0,1.0,1.002092151843007e7,0.0,NaN,NaN,0.0,0.0
3.0,3.0,-Inf,0.0,0.0,1.0,0.0,1.0,1.0,1.002092151843014e7,0.0,NaN,NaN,0.0,0.0
4.0,4.0,-Inf,0.0,0.0,1.0,0.0,1.0,1.0,1.0020921518444454e7,0.0,NaN,NaN,0.0,0.0
5.0,5.0,-Inf,0.0,0.0,1.0,0.0,1.0,1.0,1.003099139378518e7,0.0,NaN,NaN,0.0,0.0
6.0,6.0,-Inf,0.0,0.0,1.0,0.0,1.0,1.0,1.735680415519777e7,0.0,NaN,NaN,0.0,0.0
7.0,7.0,-Inf,0.0,0.0,1.0,0.0,1.0,1.0,1.7356804155190673e7,0.0,NaN,NaN,0.0,0.0
8.0,8.0,-Inf,0.0,0.0,1.0,0.0,1.0,1.0,1.0030991393773498e7,0.0,NaN,NaN,0.0,0.0
9.0,9.0,-Inf,0.0,0.0,1.0,0.0,1.0,1.0,1.0030991393769613e7,0.0,NaN,NaN,0.0,0.0
10.0,10.0,-Inf,0.0,0.0,1.0,0.0,1.0,1.0,1.7356804155179184e7,0.0,NaN,NaN,0.0,0.0
11.0,11.0,-Inf,0.0,0.0,1.0,0.0,1.0,1.0,1.0030991393758032e7,0.0,NaN,NaN,0.0,0.0
12.0,12.0,-Inf,0.0,0.0,1.0,0.0,1.0,1.0,1.003099139375422e7,0.0,NaN,NaN,0.0,0.0
13.0,13.0,-Inf,0.0,0.0,1.0,0.0,1.0,1.0,1.7356804155265186e7,0.0,NaN,NaN,0.0,0.0
14.0,14.0,-Inf,0.0,0.0,1.0,0.0,1.0,1.0,1.0030991393746456e7,0.0,NaN,NaN,0.0,0.0
15.0,15.0,-Inf,0.0,0.0,1.0,0.0,1.0,1.0,1.735680415526655e7,0.0,NaN,NaN,0.0,0.0
16.0,16.0,-Inf,0.0,0.0,1.0,0.0,1.0,1.0,1.0030991393734807e7,0.0,NaN,NaN,0.0,0.0
17.0,17.0,-Inf,0.0,0.0,1.0,0.0,1.0,1.0,1.735680415526954e7,0.0,NaN,NaN,0.0,0.0
18.0,18.0,-Inf,0.0,0.0,1.0,0.0,1.0,1.0,1.003099139373093e7,0.0,NaN,NaN,0.0,0.0
19.0,19.0,-Inf,0.0,0.0,1.0,0.0,1.0,1.0,1.003099139377471e7,0.0,NaN,NaN,0.0,0.0
20.0,20.0,-Inf,0.0,0.0,1.0,0.0,1.0,1.0,1.7356804155179195e7,0.0,NaN,NaN,0.0,0.0
21.0,21.0,-Inf,0.0,0.0,1.0,0.0,1.0,1.0,1.003099139377757e7,0.0,NaN,NaN,0.0,0.0
22.0,22.0,-Inf,0.0,0.0,1.0,0.0,1.0,1.0,1.0030991393778535e7,0.0,NaN,NaN,0.0,0.0
23.0,23.0,-Inf,0.0,0.0,1.0,0.0,1.0,1.0,1.7356804155179188e7,0.0,NaN,NaN,0.0,0.0
24.0,24.0,-Inf,0.0,0.0,1.0,0.0,1.0,1.0,1.00309913937795e7,0.0,NaN,NaN,0.0,0.0
25.0,25.0,-Inf,0.0,0.0,1.0,0.0,1.0,1.0,1.0030991393780459e7,0.0,NaN,NaN,0.0,0.0
26.0,26.0,-Inf,0.0,0.0,1.0,0.0,1.0,1.0,1.7356804155222904e7,0.0,NaN,NaN,0.0,0.0
27.0,27.0,-Inf,0.0,0.0,1.0,0.0,1.0,1.0,1.003099139378148e7,0.0,NaN,NaN,0.0,0.0
28.0,28.0,-Inf,0.0,0.0,1.0,0.0,1.0,1.0,1.7356804155266624e7,0.0,NaN,NaN,0.0,0.0
29.0,29.0,-Inf,0.0,0.0,1.0,0.0,1.0,1.0,1.003099139378344e7,0.0,NaN,NaN,0.0,0.0
30.0,30.0,-Inf,0.0,0.0,1.0,0.0,1.0,1.0,1.7356804155266613e7,0.0,NaN,NaN,0.0,0.0
31.0,31.0,-Inf,0.0,0.0,1.0,0.0,1.0,1.0,1.0030991393786337e7,0.0,NaN,NaN,0.0,0.0
32.0,32.0,-Inf,0.0,0.0,1.0,0.0,1.0,1.0,1.735680415526965e7,0.0,NaN,NaN,0.0,0.0
33.0,33.0,-Inf,0.0,0.0,1.0,0.0,1.0,1.0,1.0030991393774882e7,0.0,NaN,NaN,0.0,0.0
34.0,34.0,-Inf,0.0,0.0,1.0,0.0,1.0,1.0,1.7356804155294538e7,0.0,NaN,NaN,0.0,0.0
35.0,35.0,-Inf,0.0,0.0,1.0,0.0,1.0,1.0,1.0030991393775692e7,0.0,NaN,NaN,0.0,0.0
36.0,36.0,-Inf,0.0,0.0,1.0,0.0,1.0,1.0,1.7356804155204117e7,0.0,NaN,NaN,0.0,0.0
37.0,37.0,-Inf,0.0,0.0,1.0,0.0,1.0,1.0,1.0030991393776502e7,0.0,NaN,NaN,0.0,0.0
38.0,38.0,-Inf,0.0,0.0,1.0,0.0,1.0,1.0,1.7356804155113667e7,0.0,NaN,NaN,0.0,0.0
39.0,39.0,-Inf,0.0,0.0,1.0,0.0,1.0,1.0,1.7356804155110825e7,0.0,NaN,NaN,0.0,0.0
40.0,40.0,-Inf,0.0,0.0,1.0,0.0,1.0,1.0,1.0030991393780315e7,0.0,NaN,NaN,0.0,0.0
41.0,41.0,-Inf,0.0,0.0,1.0,0.0,1.0,1.0,1.735680415511368e7,0.0,NaN,NaN,0.0,0.0
42.0,42.0,-Inf,0.0,0.0,1.0,0.0,1.0,1.0,1.0030991393781435e7,0.0,NaN,NaN,0.0,0.0
43.0,43.0,-Inf,0.0,0.0,1.0,0.0,1.0,1.0,1.7356804155202623e7,0.0,NaN,NaN,0.0,0.0
44.0,44.0,-Inf,0.0,0.0,1.0,0.0,1.0,1.0,1.735680415529444e7,0.0,NaN,NaN,0.0,0.0
45.0,45.0,-Inf,0.0,0.0,1.0,0.0,1.0,1.0,1.0030991393786374e7,0.0,NaN,NaN,0.0,0.0
46.0,46.0,-Inf,0.0,0.0,1.0,0.0,1.0,1.0,1.0030991393787328e7,0.0,NaN,NaN,0.0,0.0
47.0,47.0,-Inf,0.0,0.0,1.0,0.0,1.0,1.0,1.7356804155204117e7,0.0,NaN,NaN,0.0,0.0
48.0,48.0,-Inf,0.0,0.0,1.0,0.0,1.0,1.0,1.003099139377727e7,0.0,NaN,NaN,0.0,0.0
49.0,49.0,-Inf,0.0,0.0,1.0,0.0,1.0,1.0,1.735680415511078e7,0.0,NaN,NaN,0.0,0.0
50.0,50.0,-Inf,0.0,0.0,1.0,0.0,1.0,1.0,1.7356804155202597e7,0.0,NaN,NaN,0.0,0.0
51.0,51.0,-Inf,0.0,0.0,1.0,0.0,1.0,1.0,1.735680415529151e7,0.0,NaN,NaN,0.0,0.0
52.0,52.0,-Inf,0.0,0.0,1.0,0.0,1.0,1.0,1.7356804155294362e7,0.0,NaN,NaN,0.0,0.0
53.0,53.0,-Inf,0.0,0.0,1.0,0.0,1.0,1.0,1.0030991393742617e7,0.0,NaN,NaN,0.0,0.0
54.0,54.0,-Inf,0.0,0.0,1.0,0.0,1.0,1.0,1.0030991393738735e7,0.0,NaN,NaN,0.0,0.0
55.0,55.0,-Inf,0.0,0.0,1.0,0.0,1.0,1.0,1.7356804155294716e7,0.0,NaN,NaN,0.0,0.0
56.0,56.0,-Inf,0.0,0.0,1.0,0.0,1.0,1.0,1.0030991393734852e7,0.0,NaN,NaN,0.0,0.0
57.0,57.0,-Inf,0.0,0.0,1.0,0.0,1.0,1.0,1.7356804155294936e7,0.0,NaN,NaN,0.0,0.0
58.0,58.0,-Inf,0.0,0.0,1.0,0.0,1.0,1.0,1.7374441891490847e7,0.0,NaN,NaN,0.0,0.0
59.0,59.0,-Inf,0.0,0.0,1.0,0.0,1.0,1.0,1.7374441891573813e7,0.0,NaN,NaN,0.0,0.0
60.0,60.0,-Inf,0.0,0.0,1.0,0.0,1.0,1.0,1.7374441891497336e7,0.0,NaN,NaN,0.0,0.0
61.0,61.0,-Inf,0.0,0.0,1.0,0.0,1.0,1.0,1.7374441891573828e7,0.0,NaN,NaN,0.0,0.0
62.0,62.0,-Inf,0.0,0.0,1.0,0.0,1.0,1.0,1.7374441891503826e7,0.0,NaN,NaN,0.0,0.0
63.0,63.0,-Inf,0.0,0.0,1.0,0.0,1.0,1.0,1.737444189157386e7,0.0,NaN,NaN,0.0,0.0
64.0,64.0,-Inf,0.0,0.0,1.0,0.0,1.0,1.0,1.737444189151032e7,0.0,NaN,NaN,0.0,0.0
65.0,65.0,-Inf,0.0,0.0,1.0,0.0,1.0,1.0,1.737444189157386e7,0.0,NaN,NaN,0.0,0.0
66.0,66.0,-Inf,0.0,0.0,1.0,0.0,1.0,1.0,1.7374441891535774e7,0.0,NaN,NaN,0.0,0.0
67.0,67.0,-Inf,0.0,0.0,1.0,0.0,1.0,1.0,1.7374441891399182e7,0.0,NaN,NaN,0.0,0.0
68.0,68.0,-Inf,0.0,0.0,1.0,0.0,1.0,1.0,1.737444189154226e7,0.0,NaN,NaN,0.0,0.0
69.0,69.0,-Inf,0.0,0.0,1.0,0.0,1.0,1.0,1.7374441891548753e7,0.0,NaN,NaN,0.0,0.0
70.0,70.0,-Inf,0.0,0.0,1.0,0.0,1.0,1.0,1.7374441891555242e7,0.0,NaN,NaN,0.0,0.0
71.0,71.0,-Inf,0.0,0.0,1.0,0.0,1.0,1.0,1.737444189140201e7,0.0,NaN,NaN,0.0,0.0
72.0,72.0,-Inf,0.0,0.0,1.0,0.0,1.0,1.0,1.737444189156174e7,0.0,NaN,NaN,0.0,0.0
73.0,73.0,-Inf,0.0,0.0,1.0,0.0,1.0,1.0,1.737444189148965e7,0.0,NaN,NaN,0.0,0.0
74.0,74.0,-Inf,0.0,0.0,1.0,0.0,1.0,1.0,1.7374441891568482e7,0.0,NaN,NaN,0.0,0.0
75.0,75.0,-Inf,0.0,0.0,1.0,0.0,1.0,1.0,1.7374441891577255e7,0.0,NaN,NaN,0.0,0.0
76.0,76.0,-Inf,0.0,0.0,1.0,0.0,1.0,1.0,1.737444189156845e7,0.0,NaN,NaN,0.0,0.0
77.0,77.0,-Inf,0.0,0.0,1.0,0.0,1.0,1.0,1.7374441891484424e7,0.0,NaN,NaN,0.0,0.0
78.0,78.0,-Inf,0.0,0.0,1.0,0.0,1.0,1.0,1.737444189156613e7,0.0,NaN,NaN,0.0,0.0
79.0,79.0,-Inf,0.0,0.0,1.0,0.0,1.0,1.0,1.7374441891491376e7,0.0,NaN,NaN,0.0,0.0
80.0,80.0,-Inf,0.0,0.0,1.0,0.0,1.0,1.0,1.7374441891566142e7,0.0,NaN,NaN,0.0,0.0
81.0,81.0,-Inf,0.0,0.0,1.0,0.0,1.0,1.0,1.737444189156615e7,0.0,NaN,NaN,0.0,0.0
82.0,82.0,-Inf,0.0,0.0,1.0,0.0,1.0,1.0,1.7374441891411997e7,0.0,NaN,NaN,0.0,0.0
83.0,83.0,-Inf,0.0,0.0,1.0,0.0,1.0,1.0,1.737444189153955e7,0.0,NaN,NaN,0.0,0.0
84.0,84.0,-Inf,0.0,0.0,1.0,0.0,1.0,1.0,1.7374441891409617e7,0.0,NaN,NaN,0.0,0.0
85.0,85.0,-Inf,0.0,0.0,1.0,0.0,1.0,1.0,1.737444189154649e7,0.0,NaN,NaN,0.0,0.0
86.0,86.0,-Inf,0.0,0.0,1.0,0.0,1.0,1.0,1.7374441891409602e7,0.0,NaN,NaN,0.0,0.0
87.0,87.0,-Inf,0.0,0.0,1.0,0.0,1.0,1.0,1.7374441891553435e7,0.0,NaN,NaN,0.0,0.0
88.0,88.0,-Inf,0.0,0.0,1.0,0.0,1.0,1.0,1.7374441891466692e7,0.0,NaN,NaN,0.0,0.0
89.0,89.0,-Inf,0.0,0.0,1.0,0.0,1.0,1.0,1.7374441891560573e7,0.0,NaN,NaN,0.0,0.0
90.0,90.0,-Inf,0.0,0.0,1.0,0.0,1.0,1.0,1.7374441891558442e7,0.0,NaN,NaN,0.0,0.0
91.0,91.0,-Inf,0.0,0.0,1.0,0.0,1.0,1.0,1.7374441891482014e7,0.0,NaN,NaN,0.0,0.0
92.0,92.0,-Inf,0.0,0.0,1.0,0.0,1.0,1.0,1.7374441891558412e7,0.0,NaN,NaN,0.0,0.0
93.0,93.0,-Inf,0.0,0.0,1.0,0.0,1.0,1.0,1.737444189148968e7,0.0,NaN,NaN,0.0,0.0
94.0,94.0,-Inf,0.0,0.0,1.0,0.0,1.0,1.0,1.7374441891558416e7,0.0,NaN,NaN,0.0,0.0
95.0,95.0,-Inf,0.0,0.0,1.0,0.0,1.0,1.0,1.737444189155843e7,0.0,NaN,NaN,0.0,0.0
96.0,96.0,-Inf,0.0,0.0,1.0,0.0,1.0,1.0,1.7374441891505003e7,0.0,NaN,NaN,0.0,0.0
97.0,97.0,-Inf,0.0,0.0,1.0,0.0,1.0,1.0,1.7374441891556315e7,0.0,NaN,NaN,0.0,0.0
98.0,98.0,-Inf,0.0,0.0,1.0,0.0,1.0,1.0,1.73744418914221e7,0.0,NaN,NaN,0.0,0.0
99.0,99.0,-Inf,0.0,0.0,1.0,0.0,1.0,1.0,1.7374441891527608e7,0.0,NaN,NaN,0.0,0.0
100.0,100.0,-Inf,0.0,0.0,1.0,0.0,1.0,1.0,1.7374441891535267e7,0.0,NaN,NaN,0.0,0.0
101.0,101.0,-Inf,0.0,0.0,1.0,0.0,1.0,1.0,1.7374441891420007e7,0.0,NaN,NaN,0.0,0.0
102.0,102.0,-Inf,0.0,0.0,1.0,0.0,1.0,1.0,1.7374441891542926e7,0.0,NaN,NaN,0.0,0.0
103.0,103.0,-Inf,0.0,0.0,1.0,0.0,1.0,1.0,1.737444189141997e7,0.0,NaN,NaN,0.0,0.0
104.0,104.0,-Inf,0.0,0.0,1.0,0.0,1.0,1.0,1.7374441891550586e7,0.0,NaN,NaN,0.0,0.0
105.0,105.0,-Inf,0.0,0.0,1.0,0.0,1.0,1.0,1.737444189149839e7,0.0,NaN,NaN,0.0,0.0
106.0,106.0,-Inf,0.0,0.0,1.0,0.0,1.0,1.0,1.7374441891574334e7,0.0,NaN,NaN,0.0,0.0
107.0,107.0,-Inf,0.0,0.0,1.0,0.0,1.0,1.0,1.7374441891574033e7,0.0,NaN,NaN,0.0,0.0
108.0,108.0,-Inf,0.0,0.0,1.0,0.0,1.0,1.0,1.7374441891553625e7,0.0,NaN,NaN,0.0,0.0
109.0,109.0,-Inf,0.0,0.0,1.0,0.0,1.0,1.0,1.7374441891550716e7,0.0,NaN,NaN,0.0,0.0
110.0,110.0,-Inf,0.0,0.0,1.0,0.0,1.0,1.0,1.737444189155073e7,0.0,NaN,NaN,0.0,0.0
111.0,111.0,-Inf,0.0,0.0,1.0,0.0,1.0,1.0,1.737444189149707e7,0.0,NaN,NaN,0.0,0.0
112.0,112.0,-Inf,0.0,0.0,1.0,0.0,1.0,1.0,1.737444189155075e7,0.0,NaN,NaN,0.0,0.0
113.0,113.0,-Inf,0.0,0.0,1.0,0.0,1.0,1.0,1.7374441891512442e7,0.0,NaN,NaN,0.0,0.0
114.0,114.0,-Inf,0.0,0.0,1.0,0.0,1.0,1.0,1.737444189151996e7,0.0,NaN,NaN,0.0,0.0
115.0,115.0,-Inf,0.0,0.0,1.0,0.0,1.0,1.0,1.7374441891432222e7,0.0,NaN,NaN,0.0,0.0
116.0,116.0,-Inf,0.0,0.0,1.0,0.0,1.0,1.0,1.7374441891430378e7,0.0,NaN,NaN,0.0,0.0
117.0,117.0,-Inf,0.0,0.0,1.0,0.0,1.0,1.0,1.7374441891430385e7,0.0,NaN,NaN,0.0,0.0
118.0,118.0,-Inf,0.0,0.0,1.0,0.0,1.0,1.0,1.7374441891542844e7,0.0,NaN,NaN,0.0,0.0
119.0,119.0,-Inf,0.0,0.0,1.0,0.0,1.0,1.0,1.737444189155054e7,0.0,NaN,NaN,0.0,0.0
120.0,120.0,-Inf,0.0,0.0,1.0,0.0,1.0,1.0,1.737444189155824e7,0.0,NaN,NaN,0.0,0.0
121.0,121.0,-Inf,0.0,0.0,1.0,0.0,1.0,1.0,1.737444189156614e7,0.0,NaN,NaN,0.0,0.0
122.0,122.0,-Inf,0.0,0.0,1.0,0.0,1.0,1.0,1.737444189157286e7,0.0,NaN,NaN,0.0,0.0
123.0,123.0,-Inf,0.0,0.0,1.0,0.0,1.0,1.0,1.737444189154668e7,0.0,NaN,NaN,0.0,0.0
124.0,124.0,-Inf,0.0,0.0,1.0,0.0,1.0,1.0,1.737444189147399e7,0.0,NaN,NaN,0.0,0.0
125.0,125.0,-Inf,0.0,0.0,1.0,0.0,1.0,1.0,1.737444189148167e7,0.0,NaN,NaN,0.0,0.0
126.0,126.0,-Inf,0.0,0.0,1.0,0.0,1.0,1.0,1.7374441891543016e7,0.0,NaN,NaN,0.0,0.0
127.0,127.0,-Inf,0.0,0.0,1.0,0.0,1.0,1.0,1.737444189154305e7,0.0,NaN,NaN,0.0,0.0
128.0,128.0,-Inf,0.0,0.0,1.0,0.0,1.0,1.0,1.7374441891543068e7,0.0,NaN,NaN,0.0,0.0
129.0,129.0,-Inf,0.0,0.0,1.0,0.0,1.0,1.0,1.7374441891504742e7,0.0,NaN,NaN,0.0,0.0
130.0,130.0,-Inf,0.0,0.0,1.0,0.0,1.0,1.0,1.73744418914919e7,0.0,NaN,NaN,0.0,0.0
131.0,131.0,-Inf,0.0,0.0,1.0,0.0,1.0,1.0,1.7374441891527507e7,0.0,NaN,NaN,0.0,0.0
132.0,132.0,-Inf,0.0,0.0,1.0,0.0,1.0,1.0,1.7374441891535196e7,0.0,NaN,NaN,0.0,0.0
133.0,133.0,-Inf,0.0,0.0,1.0,0.0,1.0,1.0,1.737444189155057e7,0.0,NaN,NaN,0.0,0.0
134.0,134.0,-Inf,0.0,0.0,1.0,0.0,1.0,1.0,1.737444189157404e7,0.0,NaN,NaN,0.0,0.0
135.0,135.0,-Inf,0.0,0.0,1.0,0.0,1.0,1.0,1.7374441891539738e7,0.0,NaN,NaN,0.0,0.0
136.0,136.0,-Inf,0.0,0.0,1.0,0.0,1.0,1.0,1.737444189147396e7,0.0,NaN,NaN,0.0,0.0
137.0,137.0,-Inf,0.0,0.0,1.0,0.0,1.0,1.0,1.7374441891497012e7,0.0,NaN,NaN,0.0,0.0
138.0,138.0,-Inf,0.0,0.0,1.0,0.0,1.0,1.0,1.737444189153538e7,0.0,NaN,NaN,0.0,0.0
139.0,139.0,-Inf,0.0,0.0,1.0,0.0,1.0,1.0,1.7374441891504698e7,0.0,NaN,NaN,0.0,0.0
140.0,140.0,-Inf,0.0,0.0,1.0,0.0,1.0,1.0,1.737444189153407e7,0.0,NaN,NaN,0.0,0.0
141.0,141.0,-Inf,0.0,0.0,1.0,0.0,1.0,1.0,1.7374441891512375e7,0.0,NaN,NaN,0.0,0.0
142.0,142.0,-Inf,0.0,0.0,1.0,0.0,1.0,1.0,1.7374441891493265e7,0.0,NaN,NaN,0.0,0.0
143.0,143.0,-Inf,0.0,0.0,1.0,0.0,1.0,1.0,1.7374441891519956e7,0.0,NaN,NaN,0.0,0.0
144.0,144.0,-Inf,0.0,0.0,1.0,0.0,1.0,1.0,1.737444189152753e7,0.0,NaN,NaN,0.0,0.0
145.0,145.0,-Inf,0.0,0.0,1.0,0.0,1.0,1.0,1.737444189153522e7,0.0,NaN,NaN,0.0,0.0
146.0,146.0,-Inf,0.0,0.0,1.0,0.0,1.0,1.0,1.7374441891451176e7,0.0,NaN,NaN,0.0,0.0
147.0,147.0,-Inf,0.0,0.0,1.0,0.0,1.0,1.0,1.7374441891451206e7,0.0,NaN,NaN,0.0,0.0
148.0,148.0,-Inf,0.0,0.0,1.0,0.0,1.0,1.0,1.737444189155059e7,0.0,NaN,NaN,0.0,0.0
149.0,149.0,-Inf,0.0,0.0,1.0,0.0,1.0,1.0,1.7374441891558282e7,0.0,NaN,NaN,0.0,0.0
150.0,150.0,-Inf,0.0,0.0,1.0,0.0,1.0,1.0,1.7374441891511485e7,0.0,NaN,NaN,0.0,0.0
151.0,151.0,-Inf,0.0,0.0,1.0,0.0,1.0,1.0,1.737444189156614e7,0.0,NaN,NaN,0.0,0.0
152.0,152.0,-Inf,0.0,0.0,1.0,0.0,1.0,1.0,1.7374441891535964e7,0.0,NaN,NaN,0.0,0.0
153.0,153.0,-Inf,0.0,0.0,1.0,0.0,1.0,1.0,1.7374441891467497e7,0.0,NaN,NaN,0.0,0.0
154.0,154.0,-Inf,0.0,0.0,1.0,0.0,1.0,1.0,1.7374441891532794e7,0.0,NaN,NaN,0.0,0.0
155.0,155.0,-Inf,0.0,0.0,1.0,0.0,1.0,1.0,1.7374441891527645e7,0.0,NaN,NaN,0.0,0.0
156.0,156.0,-Inf,0.0,0.0,1.0,0.0,1.0,1.0,1.7374441891489685e7,0.0,NaN,NaN,0.0,0.0
157.0,157.0,-Inf,0.0,0.0,1.0,0.0,1.0,1.0,1.7374441891504504e7,0.0,NaN,NaN,0.0,0.0
158.0,158.0,-Inf,0.0,0.0,1.0,0.0,1.0,1.0,1.7374441891526666e7,0.0,NaN,NaN,0.0,0.0
159.0,159.0,-Inf,0.0,0.0,1.0,0.0,1.0,1.0,1.7374441891494624e7,0.0,NaN,NaN,0.0,0.0
160.0,160.0,-Inf,0.0,0.0,1.0,0.0,1.0,1.0,1.7374441891462572e7,0.0,NaN,NaN,0.0,0.0
161.0,161.0,-Inf,0.0,0.0,1.0,0.0,1.0,1.0,1.7374441891533937e7,0.0,NaN,NaN,0.0,0.0
162.0,162.0,-Inf,0.0,0.0,1.0,0.0,1.0,1.0,1.7374441891461566e7,0.0,NaN,NaN,0.0,0.0
163.0,163.0,-Inf,0.0,0.0,1.0,0.0,1.0,1.0,1.737444189154134e7,0.0,NaN,NaN,0.0,0.0
164.0,164.0,-Inf,0.0,0.0,1.0,0.0,1.0,1.0,1.7374441891461596e7,0.0,NaN,NaN,0.0,0.0
165.0,165.0,-Inf,0.0,0.0,1.0,0.0,1.0,1.0,1.737444189154874e7,0.0,NaN,NaN,0.0,0.0
166.0,166.0,-Inf,0.0,0.0,1.0,0.0,1.0,1.0,1.7374441891463265e7,0.0,NaN,NaN,0.0,0.0
167.0,167.0,-Inf,0.0,0.0,1.0,0.0,1.0,1.0,1.7374441891568445e7,0.0,NaN,NaN,0.0,0.0
168.0,168.0,-Inf,0.0,0.0,1.0,0.0,1.0,1.0,1.7374441891504105e7,0.0,NaN,NaN,0.0,0.0
169.0,169.0,-Inf,0.0,0.0,1.0,0.0,1.0,1.0,1.7374441891519994e7,0.0,NaN,NaN,0.0,0.0
170.0,170.0,-Inf,0.0,0.0,1.0,0.0,1.0,1.0,1.7374441891498692e7,0.0,NaN,NaN,0.0,0.0
171.0,171.0,-Inf,0.0,0.0,1.0,0.0,1.0,1.0,1.737444189151922e7,0.0,NaN,NaN,0.0,0.0
172.0,172.0,-Inf,0.0,0.0,1.0,0.0,1.0,1.0,1.7374441891495906e7,0.0,NaN,NaN,0.0,0.0
173.0,173.0,-Inf,0.0,0.0,1.0,0.0,1.0,1.0,1.737444189149591e7,0.0,NaN,NaN,0.0,0.0
174.0,174.0,-Inf,0.0,0.0,1.0,0.0,1.0,1.0,1.7374441891472574e7,0.0,NaN,NaN,0.0,0.0
175.0,175.0,-Inf,0.0,0.0,1.0,0.0,1.0,1.0,1.7374441891494483e7,0.0,NaN,NaN,0.0,0.0
176.0,176.0,-Inf,0.0,0.0,1.0,0.0,1.0,1.0,1.737444189149313e7,0.0,NaN,NaN,0.0,0.0
177.0,177.0,-Inf,0.0,0.0,1.0,0.0,1.0,1.0,1.7374441891471818e7,0.0,NaN,NaN,0.0,0.0
178.0,178.0,-Inf,0.0,0.0,1.0,0.0,1.0,1.0,1.7374441891491767e7,0.0,NaN,NaN,0.0,0.0
179.0,179.0,-Inf,0.0,0.0,1.0,0.0,1.0,1.0,1.7374441891471796e7,0.0,NaN,NaN,0.0,0.0
180.0,180.0,-Inf,0.0,0.0,1.0,0.0,1.0,1.0,1.7374441891473275e7,0.0,NaN,NaN,0.0,0.0
181.0,181.0,-Inf,0.0,0.0,1.0,0.0,1.0,1.0,1.737444189152321e7,0.0,NaN,NaN,0.0,0.0
182.0,182.0,-Inf,0.0,0.0,1.0,0.0,1.0,1.0,1.7374441891543444e7,0.0,NaN,NaN,0.0,0.0
183.0,183.0,-Inf,0.0,0.0,1.0,0.0,1.0,1.0,1.7374441891519062e7,0.0,NaN,NaN,0.0,0.0
184.0,184.0,-Inf,0.0,0.0,1.0,0.0,1.0,1.0,1.7374441891533308e7,0.0,NaN,NaN,0.0,0.0
185.0,185.0,-Inf,0.0,0.0,1.0,0.0,1.0,1.0,1.7374441891523175e7,0.0,NaN,NaN,0.0,0.0
186.0,186.0,-Inf,0.0,0.0,1.0,0.0,1.0,1.0,1.737444189151306e7,0.0,NaN,NaN,0.0,0.0
187.0,187.0,-Inf,0.0,0.0,1.0,0.0,1.0,1.0,1.737444189151226e7,0.0,NaN,NaN,0.0,0.0
188.0,188.0,-Inf,0.0,0.0,1.0,0.0,1.0,1.0,1.7374441891462404e7,0.0,NaN,NaN,0.0,0.0
189.0,189.0,-Inf,0.0,0.0,1.0,0.0,1.0,1.0,1.7374441891482078e7,0.0,NaN,NaN,0.0,0.0
190.0,190.0,-Inf,0.0,0.0,1.0,0.0,1.0,1.0,1.7374441891432088e7,0.0,NaN,NaN,0.0,0.0
191.0,191.0,-Inf,0.0,0.0,1.0,0.0,1.0,1.0,1.7374441891483303e7,0.0,NaN,NaN,0.0,0.0
192.0,192.0,-Inf,0.0,0.0,1.0,0.0,1.0,1.0,1.737444189142198e7,0.0,NaN,NaN,0.0,0.0
193.0,193.0,-Inf,0.0,0.0,1.0,0.0,1.0,1.0,1.7374441891411975e7,0.0,NaN,NaN,0.0,0.0
194.0,194.0,-Inf,0.0,0.0,1.0,0.0,1.0,1.0,1.7374441891565003e7,0.0,NaN,NaN,0.0,0.0
195.0,195.0,-Inf,0.0,0.0,1.0,0.0,1.0,1.0,1.737444189151212e7,0.0,NaN,NaN,0.0,0.0
196.0,196.0,-Inf,0.0,0.0,1.0,0.0,1.0,1.0,1.7374441891534265e7,0.0,NaN,NaN,0.0,0.0
197.0,197.0,-Inf,0.0,0.0,1.0,0.0,1.0,1.0,1.737444189152383e7,0.0,NaN,NaN,0.0,0.0
198.0,198.0,-Inf,0.0,0.0,1.0,0.0,1.0,1.0,1.7374441891492646e7,0.0,NaN,NaN,0.0,0.0
199.0,199.0,-Inf,0.0,0.0,1.0,0.0,1.0,1.0,1.737444189148225e7,0.0,NaN,NaN,0.0,0.0
200.0,200.0,-Inf,0.0,0.0,1.0,0.0,1.0,1.0,1.737444189147182e7,0.0,NaN,NaN,0.0,0.0
201.0,201.0,-Inf,0.0,0.0,1.0,0.0,1.0,1.0,1.7374441891461406e7,0.0,NaN,NaN,0.0,0.0
202.0,202.0,-Inf,0.0,0.0,1.0,0.0,1.0,1.0,1.7374441891492497e7,0.0,NaN,NaN,0.0,0.0
203.0,203.0,-Inf,0.0,0.0,1.0,0.0,1.0,1.0,1.7374441891451005e7,0.0,NaN,NaN,0.0,0.0
204.0,204.0,-Inf,0.0,0.0,1.0,0.0,1.0,1.0,1.737444189149249e7,0.0,NaN,NaN,0.0,0.0
205.0,205.0,-Inf,0.0,0.0,1.0,0.0,1.0,1.0,1.73744418914935e7,0.0,NaN,NaN,0.0,0.0
206.0,206.0,-Inf,0.0,0.0,1.0,0.0,1.0,1.0,1.7374441891419847e7,0.0,NaN,NaN,0.0,0.0
207.0,207.0,-Inf,0.0,0.0,1.0,0.0,1.0,1.0,1.737444189152853e7,0.0,NaN,NaN,0.0,0.0
208.0,208.0,-Inf,0.0,0.0,1.0,0.0,1.0,1.0,1.7374441891563524e7,0.0,NaN,NaN,0.0,0.0
209.0,209.0,-Inf,0.0,0.0,1.0,0.0,1.0,1.0,1.7374441891399253e7,0.0,NaN,NaN,0.0,0.0
210.0,210.0,-Inf,0.0,0.0,1.0,0.0,1.0,1.0,1.737444189151023e7,0.0,NaN,NaN,0.0,0.0
211.0,211.0,-Inf,0.0,0.0,1.0,0.0,1.0,1.0,1.7374441891505167e7,0.0,NaN,NaN,0.0,0.0
212.0,212.0,-Inf,0.0,0.0,1.0,0.0,1.0,1.0,1.7374441891534247e7,0.0,NaN,NaN,0.0,0.0
213.0,213.0,-Inf,0.0,0.0,1.0,0.0,1.0,1.0,1.7374441891496956e7,0.0,NaN,NaN,0.0,0.0
214.0,214.0,-Inf,0.0,0.0,1.0,0.0,1.0,1.0,1.737444189151343e7,0.0,NaN,NaN,0.0,0.0
215.0,215.0,-Inf,0.0,0.0,1.0,0.0,1.0,1.0,1.737444189150302e7,0.0,NaN,NaN,0.0,0.0
216.0,216.0,-Inf,0.0,0.0,1.0,0.0,1.0,1.0,1.7374441891461466e7,0.0,NaN,NaN,0.0,0.0
217.0,217.0,-Inf,0.0,0.0,1.0,0.0,1.0,1.0,1.7374441891502813e7,0.0,NaN,NaN,0.0,0.0
218.0,218.0,-Inf,0.0,0.0,1.0,0.0,1.0,1.0,1.737444189143026e7,0.0,NaN,NaN,0.0,0.0
219.0,219.0,-Inf,0.0,0.0,1.0,0.0,1.0,1.0,1.737444189141986e7,0.0,NaN,NaN,0.0,0.0
220.0,220.0,-Inf,0.0,0.0,1.0,0.0,1.0,1.0,1.7374441891562063e7,0.0,NaN,NaN,0.0,0.0
221.0,221.0,-Inf,0.0,0.0,1.0,0.0,1.0,1.0,1.7374441891399253e7,0.0,NaN,NaN,0.0,0.0
222.0,222.0,-Inf,0.0,0.0,1.0,0.0,1.0,1.0,1.7374441891534228e7,0.0,NaN,NaN,0.0,0.0
223.0,223.0,-Inf,0.0,0.0,1.0,0.0,1.0,1.0,1.7374441891513396e7,0.0,NaN,NaN,0.0,0.0
224.0,224.0,-Inf,0.0,0.0,1.0,0.0,1.0,1.0,1.737444189150298e7,0.0,NaN,NaN,0.0,0.0
225.0,225.0,-Inf,0.0,0.0,1.0,0.0,1.0,1.0,1.737444189149259e7,0.0,NaN,NaN,0.0,0.0
226.0,226.0,-Inf,0.0,0.0,1.0,0.0,1.0,1.0,1.7374441891489543e7,0.0,NaN,NaN,0.0,0.0
227.0,227.0,-Inf,0.0,0.0,1.0,0.0,1.0,1.0,1.7374441891482186e7,0.0,NaN,NaN,0.0,0.0
228.0,228.0,-Inf,0.0,0.0,1.0,0.0,1.0,1.0,1.7374441891461477e7,0.0,NaN,NaN,0.0,0.0
229.0,229.0,-Inf,0.0,0.0,1.0,0.0,1.0,1.0,1.7374441891513273e7,0.0,NaN,NaN,0.0,0.0
230.0,230.0,-Inf,0.0,0.0,1.0,0.0,1.0,1.0,1.7374441891430266e7,0.0,NaN,NaN,0.0,0.0
231.0,231.0,-Inf,0.0,0.0,1.0,0.0,1.0,1.0,1.7374441891513906e7,0.0,NaN,NaN,0.0,0.0
232.0,232.0,-Inf,0.0,0.0,1.0,0.0,1.0,1.0,1.7374441891419873e7,0.0,NaN,NaN,0.0,0.0
233.0,233.0,-Inf,0.0,0.0,1.0,0.0,1.0,1.0,1.7374441891560603e7,0.0,NaN,NaN,0.0,0.0
234.0,234.0,-Inf,0.0,0.0,1.0,0.0,1.0,1.0,1.737444189149725e7,0.0,NaN,NaN,0.0,0.0
235.0,235.0,-Inf,0.0,0.0,1.0,0.0,1.0,1.0,1.737444189154478e7,0.0,NaN,NaN,0.0,0.0
236.0,236.0,-Inf,0.0,0.0,1.0,0.0,1.0,1.0,1.7374441891534552e7,0.0,NaN,NaN,0.0,0.0
237.0,237.0,-Inf,0.0,0.0,1.0,0.0,1.0,1.0,1.7374441891481914e7,0.0,NaN,NaN,0.0,0.0
238.0,238.0,-Inf,0.0,0.0,1.0,0.0,1.0,1.0,1.737444189148157e7,0.0,NaN,NaN,0.0,0.0
239.0,239.0,-Inf,0.0,0.0,1.0,0.0,1.0,1.0,1.737444189148348e7,0.0,NaN,NaN,0.0,0.0
240.0,240.0,-Inf,0.0,0.0,1.0,0.0,1.0,1.0,1.73744418915026e7,0.0,NaN,NaN,0.0,0.0
241.0,241.0,-Inf,0.0,0.0,1.0,0.0,1.0,1.0,1.7374441891473316e7,0.0,NaN,NaN,0.0,0.0
242.0,242.0,-Inf,0.0,0.0,1.0,0.0,1.0,1.0,1.737444189152367e7,0.0,NaN,NaN,0.0,0.0
243.0,243.0,-Inf,0.0,0.0,1.0,0.0,1.0,1.0,1.737444189143254e7,0.0,NaN,NaN,0.0,0.0
244.0,244.0,-Inf,0.0,0.0,1.0,0.0,1.0,1.0,1.7374441891524125e7,0.0,NaN,NaN,0.0,0.0
245.0,245.0,-Inf,0.0,0.0,1.0,0.0,1.0,1.0,1.7374441891422316e7,0.0,NaN,NaN,0.0,0.0
246.0,246.0,-Inf,0.0,0.0,1.0,0.0,1.0,1.0,1.7374441891412146e7,0.0,NaN,NaN,0.0,0.0
247.0,247.0,-Inf,0.0,0.0,1.0,0.0,1.0,1.0,1.737444189155914e7,0.0,NaN,NaN,0.0,0.0
248.0,248.0,-Inf,0.0,0.0,1.0,0.0,1.0,1.0,1.7374441891550597e7,0.0,NaN,NaN,0.0,0.0
249.0,249.0,-Inf,0.0,0.0,1.0,0.0,1.0,1.0,1.73744418914743e7,0.0,NaN,NaN,0.0,0.0
250.0,250.0,-Inf,0.0,0.0,1.0,0.0,1.0,1.0,1.7374441891473968e7,0.0,NaN,NaN,0.0,0.0
251.0,251.0,-Inf,0.0,0.0,1.0,0.0,1.0,1.0,1.737444189153744e7,0.0,NaN,NaN,0.0,0.0
252.0,252.0,-Inf,0.0,0.0,1.0,0.0,1.0,1.0,1.737444189153307e7,0.0,NaN,NaN,0.0,0.0
253.0,253.0,-Inf,0.0,0.0,1.0,0.0,1.0,1.0,1.7374441891528685e7,0.0,NaN,NaN,0.0,0.0
254.0,254.0,-Inf,0.0,0.0,1.0,0.0,1.0,1.0,1.737444189152004e7,0.0,NaN,NaN,0.0,0.0
255.0,255.0,-Inf,0.0,0.0,1.0,0.0,1.0,1.0,1.7374441891515777e7,0.0,NaN,NaN,0.0,0.0
256.0,256.0,-Inf,0.0,0.0,1.0,0.0,1.0,1.0,1.7374441891534254e7,0.0,NaN,NaN,0.0,0.0
257.0,257.0,-Inf,0.0,0.0,1.0,0.0,1.0,1.0,1.7374441891507044e7,0.0,NaN,NaN,0.0,0.0
258.0,258.0,-Inf,0.0,0.0,1.0,0.0,1.0,1.0,1.737444189153424e7,0.0,NaN,NaN,0.0,0.0
259.0,259.0,-Inf,0.0,0.0,1.0,0.0,1.0,1.0,1.7374441891502652e7,0.0,NaN,NaN,0.0,0.0
260.0,260.0,-Inf,0.0,0.0,1.0,0.0,1.0,1.0,1.7374441891546257e7,0.0,NaN,NaN,0.0,0.0
261.0,261.0,-Inf,0.0,0.0,1.0,0.0,1.0,1.0,1.73744418914843e7,0.0,NaN,NaN,0.0,0.0
262.0,262.0,-Inf,0.0,0.0,1.0,0.0,1.0,1.0,1.737444189147745e7,0.0,NaN,NaN,0.0,0.0
263.0,263.0,-Inf,0.0,0.0,1.0,0.0,1.0,1.0,1.737444189155933e7,0.0,NaN,NaN,0.0,0.0
264.0,264.0,-Inf,0.0,0.0,1.0,0.0,1.0,1.0,1.737444189146635e7,0.0,NaN,NaN,0.0,0.0
265.0,265.0,-Inf,0.0,0.0,1.0,0.0,1.0,1.0,1.7374441891562253e7,0.0,NaN,NaN,0.0,0.0
266.0,266.0,-Inf,0.0,0.0,1.0,0.0,1.0,1.0,1.7374441891466342e7,0.0,NaN,NaN,0.0,0.0
267.0,267.0,-Inf,0.0,0.0,1.0,0.0,1.0,1.0,1.737444189156372e7,0.0,NaN,NaN,0.0,0.0
268.0,268.0,-Inf,0.0,0.0,1.0,0.0,1.0,1.0,1.7374441891565196e7,0.0,NaN,NaN,0.0,0.0
269.0,269.0,-Inf,0.0,0.0,1.0,0.0,1.0,1.0,1.7374441891566783e7,0.0,NaN,NaN,0.0,0.0
270.0,270.0,-Inf,0.0,0.0,1.0,0.0,1.0,1.0,1.7374441891543586e7,0.0,NaN,NaN,0.0,0.0
271.0,271.0,-Inf,0.0,0.0,1.0,0.0,1.0,1.0,1.737444189156837e7,0.0,NaN,NaN,0.0,0.0
272.0,272.0,-Inf,0.0,0.0,1.0,0.0,1.0,1.0,1.73744418915713e7,0.0,NaN,NaN,0.0,0.0
273.0,273.0,-Inf,0.0,0.0,1.0,0.0,1.0,1.0,1.7374441891572766e7,0.0,NaN,NaN,0.0,0.0
274.0,274.0,-Inf,0.0,0.0,1.0,0.0,1.0,1.0,1.737444189154501e7,0.0,NaN,NaN,0.0,0.0
275.0,275.0,-Inf,0.0,0.0,1.0,0.0,1.0,1.0,1.737444189157424e7,0.0,NaN,NaN,0.0,0.0
276.0,276.0,-Inf,0.0,0.0,1.0,0.0,1.0,1.0,1.737444189157573e7,0.0,NaN,NaN,0.0,0.0
277.0,277.0,-Inf,0.0,0.0,1.0,0.0,1.0,1.0,1.737444189157721e7,0.0,NaN,NaN,0.0,0.0
278.0,278.0,-Inf,0.0,0.0,1.0,0.0,1.0,4.433325087022963,5.113129339076417e18,4.108717552126787e-17,NaN,NaN,9.267801190924723e-18,0.0
279.0,279.0,-Inf,0.0,0.0,1.0,0.0,1.0,5.123761684041518,5.198013250939484e18,8.429633243405748e-17,NaN,NaN,1.6452040050302705e-17,0.0
280.0,280.0,-Inf,0.0,0.0,1.0,0.0,1.0,7.331717019717617,2.4736000657893335e18,2.36921747101244e-16,NaN,NaN,3.231463332041818e-17,0.0
281.0,281.0,-Inf,0.0,0.0,1.0,0.0,1.0,7.394093778382465,1.973473155771803e18,2.2919050441492464e-16,NaN,NaN,3.0996429215570817e-17,0.0
282.0,282.0,-Inf,0.0,0.0,1.0,0.0,1.0,7.146252739924668,2.1482721290573158e18,3.3653991947332067e-16,NaN,NaN,4.7093201391148714e-17,0.0
283.0,283.0,-1.1278972736628763e35,0.0,1.0,0.0,0.0,1.0,7.371984218789736,2.2993018904989494e18,2.677767697654026e-16,3.022668379476567e19,1.0008017535922475,3.6323567959205926e-17,0.0
284.0,284.0,-5.16744140399011e34,0.0,1.0,0.0,0.0,1.0,5.702684273231713,1.5270571971324024e18,1.9432777278850618e-16,9.912799283301618e18,0.9871562026875003,3.4076544216322284e-17,0.0
285.0,285.0,-1.6805404598991667e34,0.0,1.0,0.0,0.0,1.0,7.258740485957336,2.149069036110603e18,2.8510559937706875e-16,5.024814349913559e18,1.048733886486973,3.927755785299534e-17,0.0
286.0,286.0,7.187453192566414e7,0.0,1.0,0.0,0.0,1.0,12.091076666107364,187641.2096939129,0.0026160920137454757,2364.362749796981,0.012574365041969217,0.00021636551367494619,1.0
287.0,287.0,1.1423227635238627e8,0.0,1.0,0.0,0.0,1.0,9.468777169770078,346423.3496902774,0.0030340428501323263,978.2944776726973,0.0028226631963066424,0.0003204260482355399,1.0
288.0,288.0,2.096579729596828e8,0.0,1.0,0.0,0.0,1.0,8.909808138234647,747673.3180901399,0.003565920638689146,666.5164458717352,0.000891454101337049,0.0004002241780478657,1.0
289.0,289.0,2.923227188639787e8,0.0,1.0,0.0,0.0,1.0,11.762849241134903,860351.4890112742,0.0029436316250714785,959.7059514696339,0.001115301171863908,0.0002502481809235082,1.0
290.0,290.0,3.483675897880912e8,0.0,1.0,0.0,0.0,1.0,9.836282060450957,1.1937337972954302e6,0.003426515214387366,614.4296189020458,0.0005147124260820306,0.0003483547130235785,1.0
291.0,291.0,3.568916678779142e8,0.0,1.0,0.0,0.0,1.0,8.696899546694226,1.4644208675627436e6,0.004103112288724183,486.669337558526,0.0003323288737127167,0.000471790235898932,1.0
292.0,292.0,4.610518645583657e8,0.0,1.0,0.0,0.0,1.0,9.4042990974551,581830.4271983247,0.0012619500310000796,1291.5103420595233,0.0022197366821781815,0.00013418863202060177,1.0
293.0,293.0,4.8203802461996424e8,0.0,1.0,0.0,0.0,1.0,9.27907269257545,1.9201613621150886e6,0.003983426125816765,551.3622011140208,0.0002871434565988933,0.0004292914020389193,1.0
294.0,294.0,5.676061984938304e8,0.0,1.0,0.0,0.0,1.0,8.609972464989498,2.601291982277778e6,0.004582858934496511,411.39512744156826,0.00015815030771030054,0.0005322733554760678,1.0
295.0,295.0,6.726089717258283e8,0.0,1.0,0.0,0.0,1.0,11.918570695493905,2.2970635571541656e6,0.003415063602258999,602.3053534782831,0.0002622066557986231,0.00028653298197493966,1.0
296.0,296.0,6.862034198458841e8,0.0,1.0,0.0,0.0,1.0,9.001760064376198,3.075006211265305e6,0.004481165872664785,325.1837366977537,0.00010575059507406554,0.0004978099661197002,1.0
297.0,297.0,7.433978943849756e8,0.0,1.0,0.0,0.0,1.0,10.087564805583161,2.83404139072567e6,0.00381229152575334,446.95583423464757,0.00015770925501985714,0.0003779199042808976,1.0
298.0,298.0,7.967110422222284e8,0.0,1.0,0.0,0.0,1.0,10.00718222030193,1.459718115443742e6,0.0018321859757212942,673.7549465798969,0.00046156362521854004,0.00018308710038319006,1.0
299.0,299.0,8.625686616087106e8,0.0,1.0,0.0,0.0,1.0,8.561480337917134,4.272278625717203e6,0.004952934662742384,275.75754884575946,6.454577826123572e-5,0.0005785138162154971,1.0
300.0,300.0,9.183693705634189e8,0.0,1.0,0.0,0.0,1.0,9.918647557164118,4.0860992845903845e6,0.004449281044614908,308.6155694477741,7.552816217942477e-5,0.00044857739111833317,1.0
301.0,301.0,9.777767533318665e8,0.0,1.0,0.0,0.0,1.0,8.762573003929994,4.717443840778903e6,0.0048246568576792775,273.597565314553,5.79969946752729e-5,0.0005505981925075466,1.0
302.0,302.0,1.1942875118833747e9,0.0,1.0,0.0,0.0,1.0,9.52705496874271,5.774801741616109e6,0.0048353428649621465,241.9966285333704,4.1905616739951724e-5,0.0005075380462090761,1.0
303.0,303.0,1.2380974119395864e9,0.0,1.0,0.0,0.0,1.0,10.948002944346369,4.29248607919243e6,0.0034669416129876904,384.6669655610781,8.961402750395121e-5,0.0003166734271639966,1.0
304.0,304.0,1.2745114371955912e9,0.0,1.0,0.0,0.0,1.0,8.54387850515524,6.616663203033635e6,0.005191532395635447,162.35909184217672,2.4537895236928462e-5,0.0006076318141114669,1.0
305.0,305.0,1.3248780121053252e9,0.0,1.0,0.0,0.0,1.0,8.519598203425383,4.425491677446221e6,0.0033402962068778967,275.5550481155095,6.226540872731267e-5,0.00039207203522049897,1.0
306.0,306.0,1.353719925851594e9,0.0,1.0,0.0,0.0,1.0,9.11258839525754,2.7027193308811598e6,0.001996517645148139,375.20850418225206,0.0001388259643244021,0.00021909446126055533,1.0
307.0,307.0,1.3872161283565867e9,0.0,1.0,0.0,0.0,1.0,8.663097112910787,7.022118991223807e6,0.005062006540655462,185.9804174421357,2.6484942461751594e-5,0.0005843183418908524,1.0
308.0,308.0,1.5565016030927706e9,0.0,1.0,0.0,0.0,1.0,9.271866125073583,6.570772729960446e6,0.004221493041990749,199.27675506950425,3.0327750366539282e-5,0.0004553013368662338,1.0
309.0,309.0,1.5934380887552571e9,0.0,1.0,0.0,0.0,1.0,9.119214944865712,7.955921043234827e6,0.004992923107732363,207.16063199614442,2.6038548003477195e-5,0.0005475167695815166,1.0
310.0,310.0,1.8577903773389814e9,0.0,1.0,0.0,0.0,1.0,8.526350711422797,9.793510428374276e6,0.005271589114028241,137.00479948010005,1.3989345340682184e-5,0.0006182702650227447,1.0
311.0,311.0,1.9267240900034313e9,0.0,1.0,0.0,0.0,1.0,9.114762665480447,8.785178012399456e6,0.004559648808986418,216.11236830052368,2.459963715342924e-5,0.0005002487696421084,1.0
312.0,312.0,1.936040670247411e9,0.0,1.0,0.0,0.0,1.0,8.861744367872657,1.5542360975210771e6,0.0008027351132203823,847.5733722108207,0.0005453311588648948,9.058432289365241e-5,1.0
313.0,313.0,1.968924791138793e9,0.0,1.0,0.0,0.0,1.0,8.566596705544578,1.010130034858455e7,0.0051303635869840115,120.16492798613059,1.1895986045298491e-5,0.0005988800177395388,1.0
314.0,314.0,2.003420707924261e9,0.0,1.0,0.0,0.0,1.0,9.20734731500195,2.619431586040831e6,0.0013074544072533458,667.8053917304417,0.00025494286443258614,0.00014200120431245717,1.0
315.0,315.0,2.018260059239495e9,0.0,1.0,0.0,0.0,1.0,10.748746726178734,7.273398202860849e6,0.003603789161520146,371.8083014748007,5.1118925583994175e-5,0.0003352752886755684,1.0
316.0,316.0,2.1226983139464993e9,0.0,1.0,0.0,0.0,1.0,8.496270412604805,5.9830833442855645e6,0.0028186185527335323,258.4565481438375,4.319788531622061e-5,0.00033174774528738126,1.0
317.0,317.0,2.148471822586267e9,0.0,1.0,0.0,0.0,1.0,8.114301440121912,5.558143762906307e6,0.002587023885386,172.35073065361212,3.100866207033231e-5,0.0003188227482644682,1.0
318.0,318.0,2.168592084993187e9,0.0,1.0,0.0,0.0,1.0,8.993235753272367,1.1071373334914822e7,0.005105332247285655,186.96881653220572,1.688757536411159e-5,0.000567685801567915,1.0
319.0,319.0,2.4404555823714943e9,0.0,1.0,0.0,0.0,1.0,9.501756601318815,1.0331453560753442e7,0.004233403849557096,211.48596231723758,2.0470107238406298e-5,0.0004455390752663052,1.0
320.0,320.0,2.482673767188427e9,0.0,1.0,0.0,0.0,1.0,8.65637940562744,1.1314091764413182e7,0.004557215698364157,131.5490201143422,1.1627006643883725e-5,0.0005264574812191745,1.0
321.0,321.0,2.684182859226522e9,0.0,1.0,0.0,0.0,1.0,9.966805302878921,4.771605847083129e6,0.0017776970312773908,390.63307227216234,8.186516913973747e-5,0.00017836176961978994,1.0
322.0,322.0,2.703858678804329e9,0.0,1.0,0.0,0.0,1.0,8.5273965160733,1.406203532872305e7,0.00520073044498671,116.31587701239737,8.271621740040202e-6,0.0006098849086217401,1.0
323.0,323.0,2.812860518289999e9,0.0,1.0,0.0,0.0,1.0,8.545048474846627,1.4268002287762126e7,0.005072415135075472,140.3885667104329,9.839398948712409e-6,0.0005936087021632156,1.0
324.0,324.0,2.9523814983237147e9,0.0,1.0,0.0,0.0,1.0,9.315259781833925,1.3136447529062534e7,0.004449439982116808,164.63183120808245,1.2532446907267569e-5,0.00047765065991974226,1.0
325.0,325.0,3.006180929320417e9,0.0,1.0,0.0,0.0,1.0,8.896284103506979,1.5169763931363406e7,0.00504619056610721,111.88082321624591,7.375251435846863e-6,0.0005672245296345657,1.0
326.0,326.0,3.071125548409456e9,0.0,1.0,0.0,0.0,1.0,11.193908227417923,1.1702314734974548e7,0.0038104295561683797,249.1885333364147,2.1293952434185377e-5,0.00034040207215878915,1.0
327.0,327.0,3.174456706080082e9,0.0,1.0,0.0,0.0,1.0,9.73988651042009,9.444606270695183e6,0.002975182124876554,248.31091434518203,2.6291293382514374e-5,0.0003054637363272759,1.0
328.0,328.0,3.2431665251637754e9,0.0,1.0,0.0,0.0,1.0,8.956830253400623,1.0547051735472782e7,0.00325208425134973,154.29795444477824,1.4629486828611037e-5,0.00036308427862803553,1.0
329.0,329.0,3.3041993727001348e9,0.0,1.0,0.0,0.0,1.0,8.581017907249912,1.508681016459375e7,0.0045659482719721985,126.02001832870161,8.35299290929303e-6,0.0005320986765584687,1.0
330.0,330.0,3.409588786695793e9,0.0,1.0,0.0,0.0,1.0,6.313481908609624,2.6472802714679696e7,0.007764217257347527,274.9692233297985,1.0386857269831979e-5,0.001229783718356673,1.0
331.0,331.0,3.64445290316459e9,0.0,1.0,0.0,0.0,1.0,9.21504319693286,1.374227640312025e7,0.0037707346698753865,176.55048682487748,1.2847251914158185e-5,0.00040919337970444234,1.0
332.0,332.0,3.734230492243171e9,0.0,1.0,0.0,0.0,1.0,9.832243816847074,7.871399334471796e6,0.0021079031059524087,236.98387384531387,3.010695605385856e-5,0.00021438678141205356,1.0
333.0,333.0,3.7397156517888303e9,0.0,1.0,0.0,0.0,1.0,9.229055632187743,1.689365748688672e7,0.004517364689298529,122.81427387967692,7.269844308380381e-6,0.0004894720401883297,1.0
334.0,334.0,3.976999831473623e9,0.0,1.0,0.0,0.0,1.0,8.541473777806836,1.9819671196106307e7,0.004983572145241591,104.16213313356423,5.255492490411622e-6,0.0005834557682762336,1.0
335.0,335.0,4.0836491486518583e9,0.0,1.0,0.0,0.0,1.0,8.5084949534479,1.9807023810225427e7,0.004850326131697847,97.50346788074091,4.9226697290092006e-6,0.0005700568852934851,1.0
336.0,336.0,4.270720878823022e9,0.0,1.0,0.0,0.0,1.0,8.781140228372537,2.0560598376898807e7,0.004814317726691318,105.65764209511154,5.1388386004102995e-6,0.0005482565591124359,1.0
337.0,337.0,4.367095767513074e9,0.0,1.0,0.0,0.0,1.0,9.961041185917907,1.9197853358961977e7,0.0043960214777626835,135.77990261067586,7.072660680955292e-6,0.0004413214839405959,1.0
338.0,338.0,4.451687481437391e9,0.0,1.0,0.0,0.0,1.0,10.568337612599153,1.5597096208320608e7,0.003503634680264316,200.48504817005383,1.285399830149799e-5,0.00033152183519264387,1.0
339.0,339.0,4.554293764724243e9,0.0,1.0,0.0,0.0,1.0,8.38710420940071,1.982368238076409e7,0.004352745579006501,78.71780336397669,3.970897124560496e-6,0.0005189807435715074,1.0
340.0,340.0,4.559973522945617e9,0.0,1.0,0.0,0.0,1.0,9.696070547014873,1.308131460194944e7,0.0028687249856143206,180.3446965011751,1.3786435231387161e-5,0.00029586469814800535,1.0
341.0,341.0,4.583527143195144e9,0.0,1.0,0.0,0.0,1.0,8.996279490603893,4.554088256447845e6,0.0009935914899892693,445.4718318450065,9.781660315633803e-5,0.00011044471117499402,1.0
342.0,342.0,4.702277524217376e9,0.0,1.0,0.0,0.0,1.0,9.262413996656099,1.5518650736932794e7,0.0033002438176167825,131.46491684503076,8.471407784141904e-6,0.00035630493506425334,1.0
343.0,343.0,4.960251834342866e9,0.0,1.0,0.0,0.0,1.0,9.111903091993042,2.1794716782186955e7,0.004393872666954666,103.66878126018773,4.7566014413601965e-6,0.0004822124009215726,1.0
344.0,344.0,5.135777300518905e9,0.0,1.0,0.0,0.0,1.0,8.242117974649643,1.0306170774696846e7,0.002006735508076386,187.93504922165405,1.8235196498301975e-5,0.00024347328129110994,1.0
345.0,345.0,5.199890468600287e9,0.0,1.0,0.0,0.0,1.0,9.241675775880141,6.776228513439637e6,0.0013031450068283592,320.4314427887181,4.728757924163717e-5,0.00014100743614371743,1.0
346.0,346.0,5.287272839664794e9,0.0,1.0,0.0,0.0,1.0,12.097746556640404,2.3923095595305227e7,0.004524655088433658,195.8008686361451,8.18459583777987e-6,0.00037400809045301856,1.0
347.0,347.0,5.528586251219403e9,0.0,1.0,0.0,0.0,1.0,9.562803507828132,2.3385321992780272e7,0.004229892012442185,111.36561314044317,4.762201231001533e-6,0.0004423276091555772,1.0
348.0,348.0,5.987505144298938e9,0.0,1.0,0.0,0.0,1.0,8.5791661812733,2.779647215989466e7,0.004642412868431205,61.0663615623071,2.1969105004056933e-6,0.0005411263484515215,1.0
349.0,349.0,5.990488778182803e9,0.0,1.0,0.0,0.0,1.0,8.697937668304276,3.4497496770820087e6,0.0005758757058145768,648.8592533620272,0.00018808730597478116,6.620830451718423e-5,1.0
350.0,350.0,6.088342748282014e9,0.0,1.0,0.0,0.0,1.0,8.531841988192728,2.7537739179280728e7,0.004523028371672376,81.38908774536665,2.9555463554789133e-6,0.0005301350374200349,1.0
351.0,351.0,6.261206190698839e9,0.0,1.0,0.0,0.0,1.0,8.990014282333439,1.7598141652691383e7,0.002810662856557205,128.13196748892275,7.2809942105066996e-6,0.0003126427576517345,1.0
352.0,352.0,6.263664644324495e9,0.0,1.0,0.0,0.0,1.0,8.76760244801485,2.8133322285524007e7,0.00449151110561278,65.61220154427161,2.332188174520446e-6,0.0005122849869441495,1.0
353.0,353.0,6.315707643438419e9,0.0,1.0,0.0,0.0,1.0,9.215379760105838,2.2549105607828353e7,0.0035703189964351708,123.0237299730233,5.455814173415076e-6,0.0003874304791964608,1.0
354.0,354.0,6.361013839973422e9,0.0,1.0,0.0,0.0,1.0,8.39161797609159,1.520614771913352e7,0.002390522113898261,147.78623306037596,9.718847652283438e-6,0.0002848702265414197,1.0
355.0,355.0,6.525850265615546e9,0.0,1.0,0.0,0.0,1.0,8.538174648937511,2.7182776794806313e7,0.0041653996250868835,79.83112454282117,2.9368274310398682e-6,0.0004878559875330291,1.0
356.0,356.0,6.540296057271236e9,0.0,1.0,0.0,0.0,1.0,8.659765999117766,9.674404792867439e6,0.0014792000107082507,201.5775499637921,2.083616813337075e-5,0.00017081293084119682,1.0
357.0,357.0,6.627542247217769e9,0.0,1.0,0.0,0.0,1.0,8.37224094698717,1.8321800671047106e7,0.002764493361550404,107.36107900478358,5.85974495260393e-6,0.0003301975395900704,1.0
358.0,358.0,6.892953593987052e9,0.0,1.0,0.0,0.0,1.0,8.821455993975095,2.790613213778016e7,0.0040485014235796,98.16378640503406,3.5176421033402874e-6,0.00045893800596462283,1.0
359.0,359.0,7.037715077797673e9,0.0,1.0,0.0,0.0,1.0,9.334580666231844,1.5365176144685764e7,0.0021832624104920133,160.23921720544973,1.0428724549612708e-5,0.00023388971487386012,1.0
360.0,360.0,7.395790636721819e9,0.0,1.0,0.0,0.0,1.0,9.573006715637709,3.0128526128030125e7,0.004073739072637302,99.67228166220409,3.3082362289695216e-6,0.0004255443659078149,1.0
361.0,361.0,7.465826828220721e9,0.0,1.0,0.0,0.0,1.0,8.910911048006907,2.3139800745573122e7,0.003099429045467391,109.02777883287911,4.711699120993391e-6,0.00034782403603508496,1.0
362.0,362.0,7.640692054240273e9,0.0,1.0,0.0,0.0,1.0,5.843459787270983,3.05903049136832e7,0.004003604453185449,161.42964278311504,5.277149838140702e-6,0.0006851428090438209,1.0
363.0,363.0,8.075767375967364e9,0.0,1.0,0.0,0.0,1.0,9.39541705083159,2.9482578116396084e7,0.0036507456824101596,124.93624616049745,4.237629615268175e-6,0.0003885666450630876,1.0
364.0,364.0,8.283165836775694e9,0.0,1.0,0.0,0.0,1.0,5.740615243641319,2.9224600675151106e7,0.003528192643362458,132.12436096677206,4.520997358590015e-6,0.0006146018316190961,1.0
365.0,365.0,8.482017630557112e9,0.0,1.0,0.0,0.0,1.0,8.597052971788758,1.3421509575179169e7,0.0015823485257673087,169.77304036969696,1.2649325280344301e-5,0.00018405708688312003,1.0
366.0,366.0,8.561076021722722e9,0.0,1.0,0.0,0.0,1.0,8.525165272649556,2.0873433860980947e7,0.002438178644445325,129.66000021729837,6.211723527659431e-6,0.00028599781546376495,1.0
367.0,367.0,8.670563680258265e9,0.0,1.0,0.0,0.0,1.0,8.218680374935074,1.9033214179745547e7,0.0021951539743789226,111.25219418647994,5.845158129271013e-6,0.00026709324054912694,1.0
368.0,368.0,9.019633244896656e9,0.0,1.0,0.0,0.0,1.0,8.36625283287493,2.6214671684934452e7,0.002906401592971114,85.4077531331057,3.2580128676378837e-6,0.00034739585941635657,1.0
369.0,369.0,9.123225005081446e9,0.0,1.0,0.0,0.0,1.0,8.321693215623965,2.2638206255260054e7,0.002481382186381052,120.88496996542972,5.3398647946105035e-6,0.0002981823677088049,1.0
370.0,370.0,9.367013737811598e9,0.0,1.0,0.0,0.0,1.0,8.672679664668713,3.958617795637219e7,0.004226125762718491,66.73032466373199,1.6856975819630428e-6,0.00048729180900513794,1.0
371.0,371.0,9.45361364193419e9,0.0,1.0,0.0,0.0,1.0,8.618010685790628,3.898202598341994e7,0.004123504929125308,63.053507570023264,1.6175020661276441e-6,0.0004784752629657493,1.0
372.0,372.0,9.517758624986288e9,0.0,1.0,0.0,0.0,1.0,8.59745601594593,1.851969872648097e7,0.0019458057940828877,117.44451202010966,6.3415956721944796e-6,0.0002263234368950478,1.0
373.0,373.0,9.603005909310144e9,0.0,1.0,0.0,0.0,1.0,8.482039625599306,3.781515014273963e7,0.0039378448743259045,80.39458769878955,2.125988853550143e-6,0.00046425683540091605,1.0
374.0,374.0,9.730225790795155e9,0.0,1.0,0.0,0.0,1.0,8.731547448709177,7.203249818863785e6,0.0007402939166401097,335.65333244035736,4.659748597936343e-5,8.478381649859219e-5,1.0
375.0,375.0,9.820199048306637e9,0.0,1.0,0.0,0.0,1.0,9.173132888770896,9.94006747483226e6,0.0010122029482303892,263.7336239301555,2.6532377632034742e-5,0.00011034430226879814,1.0
376.0,376.0,9.820988657639637e9,0.0,1.0,0.0,0.0,1.0,8.30928707197696,3.627624447546907e7,0.00369374654408447,89.22022230947582,2.459466893542655e-6,0.00044453230609177246,1.0
377.0,377.0,1.0122042670117224e10,0.0,1.0,0.0,0.0,1.0,8.72131979165768,3.7266382194997035e7,0.0036817054054784086,88.03461671273661,2.362306495223868e-6,0.00042215002928801205,1.0
378.0,378.0,1.0314229675375181e10,0.0,1.0,0.0,0.0,1.0,9.963484614313835,3.1822171903130934e7,0.0030852687152112665,106.83772990844231,3.3573362067700574e-6,0.00030965759818396056,1.0
379.0,379.0,1.0428192901071058e10,0.0,1.0,0.0,0.0,1.0,6.504141828744673,2.6353833993284464e7,0.0025271716593717078,98.84108953735799,3.7505392787457366e-6,0.0003885480553642021,1.0
380.0,380.0,1.0540769365408636e10,0.0,1.0,0.0,0.0,1.0,8.875496359985814,3.711459247309943e7,0.00352105093951595,83.47037955893585,2.248990868468648e-6,0.00039671594654584226,1.0
381.0,381.0,1.1034630381261833e10,0.0,1.0,0.0,0.0,1.0,8.476623353148508,3.4045455484512374e7,0.0030853281091992825,74.43569212934831,2.1863620583137704e-6,0.00036398079526009445,1.0
382.0,382.0,1.1168129548218145e10,0.0,1.0,0.0,0.0,1.0,9.38511350433272,1.9609183743718725e7,0.0017558155820629805,139.41353604044295,7.109604247810689e-6,0.0001870851728380688,1.0
383.0,383.0,1.1375486400856894e10,0.0,1.0,0.0,0.0,1.0,7.193418858498532,2.1458125430486247e7,0.0018863477275090181,85.10009083300969,3.9658678997236754e-6,0.0002622324328132829,1.0
384.0,384.0,1.145306883865898e10,0.0,1.0,0.0,0.0,1.0,9.513343316963208,1.6396985182191351e7,0.001431668622006873,216.942367807176,1.3230613972485983e-5,0.00015049058720019803,1.0
385.0,385.0,1.1493471678963093e10,0.0,1.0,0.0,0.0,1.0,7.189963146893617,2.0600729724124454e7,0.001792385215633367,86.59231541189246,4.2033615591048045e-6,0.000249289903023739,1.0
386.0,386.0,1.1749389239734997e10,0.0,1.0,0.0,0.0,1.0,8.949983234095786,3.354627984138967e7,0.0028551511214104787,102.52459040607535,3.056213228714391e-6,0.000319011896081941,1.0
387.0,387.0,1.2231219628600668e10,0.0,1.0,0.0,0.0,1.0,8.388534256599156,2.718607840300225e7,0.0022226790517157523,82.13999453120283,3.0213991629676103e-6,0.00026496631994644336,1.0
388.0,388.0,1.2583752418800598e10,0.0,1.0,0.0,0.0,1.0,8.967454372023058,3.484518013586543e7,0.002769060842807388,72.19985599060696,2.0720184458536675e-6,0.00030879006771937305,1.0
389.0,389.0,1.2745331081565233e10,0.0,1.0,0.0,0.0,1.0,8.218187244903037,2.257539177864188e7,0.0017712678721458865,113.50648737458746,5.027884785113913e-6,0.00021553024035129355,1.0
390.0,390.0,1.3277344804188517e10,0.0,1.0,0.0,0.0,1.0,5.104376197681904,2.5686007796322796e7,0.0019345741200462816,71.81217478469961,2.7957701856253514e-6,0.00037900304466681884,1.0
391.0,391.0,1.3721900179178183e10,0.0,1.0,0.0,0.0,1.0,6.857742887143823,3.0515620306731526e7,0.0022238628285918835,86.19090206803794,2.8244843620143733e-6,0.0003242849528174858,1.0
392.0,392.0,1.3796272018031107e10,0.0,1.0,0.0,0.0,1.0,8.147905895698132,3.133097907546594e7,0.0022709740313544215,81.40835467330466,2.5983342070868237e-6,0.0002787187358844476,1.0
393.0,393.0,1.401383061893629e10,0.0,1.0,0.0,0.0,1.0,7.124443466035604,3.095443022162964e7,0.002208848380189849,88.69406965006999,2.865311007666177e-6,0.00031003802482539207,1.0
394.0,394.0,1.408721800099e10,0.0,1.0,0.0,0.0,1.0,8.033631972203354,3.495212879780277e7,0.002481122910404301,117.99076488110367,3.37578193201557e-6,0.00030884199313449664,1.0
395.0,395.0,1.4243880248773878e10,0.0,1.0,0.0,0.0,1.0,8.545807054877468,1.733379471400566e7,0.0012169296039428765,137.03928743476652,7.905900090828139e-6,0.0001424007815912859,1.0
396.0,396.0,1.4593146306104042e10,0.0,1.0,0.0,0.0,1.0,6.2144592772232965,2.2131106617884137e7,0.0015165407558904622,69.2142343810813,3.1274637810090035e-6,0.00024403422538285148,1.0
397.0,397.0,1.4697225413692022e10,0.0,1.0,0.0,0.0,1.0,9.079641812816162,3.6599368460798874e7,0.0024902235244106826,100.76378301102567,2.753155729226226e-6,0.0002742645112823354,1.0
398.0,398.0,1.4778807431404255e10,0.0,1.0,0.0,0.0,1.0,9.305284829924421,2.4563633062112052e7,0.0016620850460142829,102.75260698255576,4.183118976287542e-6,0.00017861732084430807,1.0
399.0,399.0,1.5312632947670845e10,0.0,1.0,0.0,0.0,1.0,8.627933237165697,6.528437157507331e6,0.00042634309103463006,361.6199670490316,5.539150616364426e-5,4.941427794064446e-5,1.0
400.0,400.0,1.5490798160438942e10,0.0,1.0,0.0,0.0,1.0,8.252746833222119,5.493120914870932e7,0.0035460542072876374,47.49031010448021,8.645414894775157e-7,0.00042968169010258517,1.0
401.0,401.0,1.5566816554251253e10,0.0,1.0,0.0,0.0,1.0,8.204854931768088,5.3856633915035084e7,0.00345970778311381,50.44295680848356,9.36615432910106e-7,0.00042166592973122413,1.0
402.0,402.0,1.5703279634323816e10,0.0,1.0,0.0,0.0,1.0,7.907219869947795,5.064964873727324e7,0.0032254184363795678,52.39078694123276,1.0343761160712297e-6,0.0004079080244926669,1.0
403.0,403.0,1.5783773571433956e10,0.0,1.0,0.0,0.0,1.0,7.625526059088532,2.8644187615609396e7,0.0018147870718573037,77.99059665480684,2.7227371936265337e-6,0.0002379884427375785,1.0
404.0,404.0,1.5877424859894915e10,0.0,1.0,0.0,0.0,1.0,7.6800549411373815,4.781029394923282e7,0.003011212120463307,45.44581401699338,9.50544538505191e-7,0.00039208210664406525,1.0
405.0,405.0,1.6131520230435335e10,0.0,1.0,0.0,0.0,1.0,8.226685003605057,4.928203998740186e7,0.003055015093284365,67.48996578896057,1.3694637195662614e-6,0.0003713543294711796,1.0
406.0,406.0,1.631156810482519e10,0.0,1.0,0.0,0.0,1.0,6.470588025016793,2.714200059343857e7,0.0016639725064105943,71.57430669238141,2.637031332140523e-6,0.00025715939571137753,1.0
407.0,407.0,1.6391350886475101e10,0.0,1.0,0.0,0.0,1.0,7.985783323760586,4.598765630456906e7,0.0028056050939837458,57.53228216526496,1.2510374573820597e-6,0.0003513249709187649,1.0
408.0,408.0,1.6719773678815344e10,0.0,1.0,0.0,0.0,1.0,9.005885974948301,4.050146729260855e7,0.0024223693768068754,92.23481163442678,2.277320224819087e-6,0.0002689762432641483,1.0
409.0,409.0,1.6802400263070751e10,0.0,1.0,0.0,0.0,1.0,7.104006373481689,3.1520758779027414e7,0.0018759678415326234,66.75268537568952,2.11773700782658e-6,0.0002640718128485022,1.0
410.0,410.0,1.698001374550141e10,0.0,1.0,0.0,0.0,1.0,6.293501442414872,3.009834465117894e7,0.001772574957839507,52.046202084844914,1.7292046578874637e-6,0.0002816516328880596,1.0
411.0,411.0,1.7094382793810549e10,0.0,1.0,0.0,0.0,1.0,6.618878320592364,3.479022676705107e7,0.0020351847218428704,76.14383399541735,2.1886558689387796e-6,0.0003074818153872225,1.0
412.0,412.0,1.7387994954887566e10,0.0,1.0,0.0,0.0,1.0,7.968394892782056,5.474273792954994e7,0.003148306697788518,116.97715020452439,2.1368522678179543e-6,0.00039509923141990894,1.0
413.0,413.0,1.746721437172287e10,0.0,1.0,0.0,0.0,1.0,8.266707166887638,4.312994792981608e7,0.002469194575361184,81.63986571703946,1.892881022923593e-6,0.0002986914288256832,1.0
414.0,414.0,1.765171800650236e10,0.0,1.0,0.0,0.0,1.0,8.474527004794552,4.2410296288633294e7,0.0024026155975620618,86.18651302863573,2.0322072838650557e-6,0.0002835102886807437,1.0
415.0,415.0,1.8047650903724945e10,0.0,1.0,0.0,0.0,1.0,6.7149050321122985,3.2358314045644525e7,0.0017929376642943841,61.63453251357027,1.904751045639424e-6,0.00026700864058689186,1.0
416.0,416.0,1.8227100046543926e10,0.0,1.0,0.0,0.0,1.0,8.398677281642083,2.8744566159797437e7,0.0015770236034173002,94.84274876331138,3.2995017381541868e-6,0.00018777047272245772,1.0
417.0,417.0,1.8230708276469902e10,0.0,1.0,0.0,0.0,1.0,8.692638847769649,1.3670297422587449e7,0.0007498496902045572,220.3507442671644,1.6118942950215452e-5,8.626260717100344e-5,1.0
418.0,418.0,1.8359041808627415e10,0.0,1.0,0.0,0.0,1.0,8.47004680228367,3.4820307032214426e7,0.0018966297671769963,109.38643893870515,3.1414553248340107e-6,0.0002239219937563547,1.0
419.0,419.0,1.918712674534662e10,0.0,1.0,0.0,0.0,1.0,7.967971358695004,3.5627941222726606e7,0.0018568669633193097,60.254797732206704,1.691223088710947e-6,0.00023304137022192155,1.0
420.0,420.0,1.939616728014439e10,0.0,1.0,0.0,0.0,1.0,7.881600485381452,2.7364828558693923e7,0.0014108372990342885,96.24447766351459,3.5170858235417403e-6,0.00017900390937742477,1.0
421.0,421.0,1.954041692906461e10,0.0,1.0,0.0,0.0,1.0,8.63926197351658,1.0791499579892544e7,0.0005522621099372623,274.27189834499967,2.5415550110944888e-5,6.392468611673157e-5,1.0
422.0,422.0,2.009405103277039e10,0.0,1.0,0.0,0.0,1.0,9.578127253525883,4.283093207366679e7,0.0021315230843899605,117.89338464522325,2.752528946699613e-6,0.00022254069380893933,1.0
423.0,423.0,2.0237026822932884e10,0.0,1.0,0.0,0.0,1.0,8.848753629566843,1.8895698424066637e7,0.0009337194986239459,171.20665400948883,9.060611396478141e-6,0.00010551988875631658,1.0
424.0,424.0,2.0353203232080463e10,0.0,1.0,0.0,0.0,1.0,7.76702185252671,7.104778295103063e7,0.00349074189359111,109.94759578775185,1.5475162098095694e-6,0.00044943119253044555,1.0
425.0,425.0,2.10939688649691e10,0.0,1.0,0.0,0.0,1.0,6.9432952692896395,4.394538932490077e7,0.0020833154091099496,54.461546737794635,1.2393005562635717e-6,0.00030004707106789816,1.0
426.0,426.0,2.1543861435607002e10,0.0,1.0,0.0,0.0,1.0,9.186041623586632,3.742828802984952e7,0.0017373063785913973,71.56148877571357,1.911962650245782e-6,0.00018912459248285844,1.0
427.0,427.0,2.3120522824709137e10,0.0,1.0,0.0,0.0,1.0,9.938791047682349,7.053384284775491e7,0.0030507026608311946,70.69698295879493,1.0023129338265626e-6,0.00030694906917703996,1.0
428.0,428.0,2.3818158256465847e10,0.0,1.0,0.0,0.0,1.0,9.110166375576611,3.0211251522335343e7,0.0012684127444610447,82.9704955814442,2.7463438462737025e-6,0.00013923046980366074,1.0
429.0,429.0,2.4321831274669502e10,0.0,1.0,0.0,0.0,1.0,8.054257209941271,4.734255489539217e7,0.0019465044116612788,78.01847565446158,1.647956596910554e-6,0.00024167398196058752,1.0
430.0,430.0,2.441779075508191e10,0.0,1.0,0.0,0.0,1.0,8.854763705226816,2.3259252419788394e7,0.0009525535157437283,129.13130065740296,5.5518250658976945e-6,0.0001075752608939132,1.0
431.0,431.0,2.464426016577693e10,0.0,1.0,0.0,0.0,1.0,8.411724229516219,6.431417329005401e7,0.002609701924471541,67.5851528727007,1.0508593893898742e-6,0.0003102457775915024,1.0
432.0,432.0,2.506611479171552e10,0.0,1.0,0.0,0.0,1.0,9.404823033161897,4.549995895804905e7,0.0018151979772175002,86.3348398802776,1.897470640323302e-6,0.00019300713802024956,1.0
433.0,433.0,2.5444656360745895e10,0.0,1.0,0.0,0.0,1.0,8.96689266122577,3.6265465673556745e7,0.0014252683262003683,75.28348620036225,2.0759001656845068e-6,0.00015894785184208225,1.0
434.0,434.0,2.5648063032242172e10,0.0,1.0,0.0,0.0,1.0,8.330359061574313,6.77515266490763e7,0.002641584478375408,59.789987838675266,8.824891599618356e-7,0.00031710331557739457,1.0
435.0,435.0,2.629004304013792e10,0.0,1.0,0.0,0.0,1.0,8.347190046050642,7.192660658523025e7,0.002735887721152412,62.66115721556809,8.711818920765718e-7,0.00032776152286683103,1.0
436.0,436.0,2.6301985347813297e10,0.0,1.0,0.0,0.0,1.0,8.89067689694227,1.0265073484220144e8,0.003902775167914995,104.43182318206618,1.017350951211972e-6,0.00043897390639145354,1.0
437.0,437.0,2.6690873042655724e10,0.0,1.0,0.0,0.0,1.0,8.780516490522036,7.975762832385291e7,0.0029881985765944155,43.61629973213482,5.468605369756506e-7,0.00034032150384547086,1.0
438.0,438.0,2.693648131383974e10,0.0,1.0,0.0,0.0,1.0,8.217523416082702,7.823512360380363e7,0.0029044299547926074,46.132233966949535,5.896614185793487e-7,0.0003534434655955201,1.0
439.0,439.0,2.7084272514462704e10,0.0,1.0,0.0,0.0,1.0,8.359958143698893,8.286739088115504e7,0.003059612949789287,48.603745534862924,5.865243854639196e-7,0.0003659842426478406,1.0
440.0,440.0,2.717070117924049e10,0.0,1.0,0.0,0.0,1.0,8.208466691784576,8.406316939592303e7,0.003093890356384219,54.11377038717195,6.437274511403072e-7,0.0003769145289315399,1.0
441.0,441.0,2.7219037770813046e10,0.0,1.0,0.0,0.0,1.0,8.237695327591538,8.642149143509077e7,0.003175038401025555,44.762103222083745,5.179510614637281e-7,0.000385427995909366,1.0
442.0,442.0,2.7243097146212074e10,0.0,1.0,0.0,0.0,1.0,8.1068864635152,8.632062912123704e7,0.00316853214638656,38.91446770432675,4.508130686776102e-7,0.00039084451973596076,1.0
443.0,443.0,2.977589503674022e10,0.0,1.0,0.0,0.0,1.0,8.055690775704019,7.997539320883887e7,0.002685910603826514,105.984225992597,1.3252104396141142e-6,0.0003334177885684523,1.0
444.0,444.0,3.0847569240716473e10,0.0,1.0,0.0,0.0,1.0,8.858816261006444,2.9736802012652356e7,0.0009639919897691683,83.141822502602,2.7959227461137027e-6,0.00010881724616101811,1.0
445.0,445.0,3.127322418133134e10,0.0,1.0,0.0,0.0,1.0,8.464238734365773,3.490341547270156e7,0.0011160798052044932,80.96680851308837,2.319738839782417e-6,0.0001318582615909783,1.0
446.0,446.0,3.147483237114211e10,0.0,1.0,0.0,0.0,1.0,9.609874948166855,1.2800663499200879e8,0.00406695202778294,93.8082059127086,7.328386213618135e-7,0.0004232055099279661,1.0
447.0,447.0,3.1532616777252296e10,0.0,1.0,0.0,0.0,1.0,8.939328958047973,4.46467184390435e7,0.0014158901015697803,78.38121065548992,1.7555872123532453e-6,0.00015838885762169778,1.0
448.0,448.0,3.3449244893346443e10,0.0,1.0,0.0,0.0,1.0,8.723620120395104,1.9136976649591554e7,0.0005721189302029967,153.11406604403996,8.000953799946655e-6,6.558274229129142e-5,1.0
449.0,449.0,3.460242655106886e10,0.0,1.0,0.0,0.0,1.0,7.597657614043443,4.844230050801932e7,0.0013999684617188428,79.31809808554688,1.6373724714444085e-6,0.00018426316804947271,1.0
450.0,450.0,3.466962538318867e10,0.0,1.0,0.0,0.0,1.0,8.638911304942324,1.1186745094811242e7,0.00032266696017026436,317.61511117917445,2.8392093364717333e-5,3.735041937352297e-5,1.0
451.0,451.0,3.573088764221806e10,0.0,1.0,0.0,0.0,1.0,8.918961188180596,1.3100975957869977e8,0.003666568770541206,68.09723648673928,5.197875082415683e-7,0.0004110981865690975,1.0
452.0,452.0,3.602095452165359e10,0.0,1.0,0.0,0.0,1.0,8.36270439459855,2.2887969236899238e7,0.0006354073221719089,107.00756008854601,4.675273582395407e-6,7.598108126150159e-5,1.0
453.0,453.0,3.782008839003412e10,0.0,1.0,0.0,0.0,1.0,8.53949050356054,1.5741913101054205e7,0.00041623173179612883,192.89974040011222,1.2253888313982462e-5,4.8741986611798566e-5,1.0
454.0,454.0,3.9093727768581184e10,0.0,1.0,0.0,0.0,1.0,8.719594871613417,1.4021671651947278e8,0.0035866806589818718,57.50430680339746,4.101102059791298e-7,0.00041133569985668566,1.0
455.0,455.0,4.010093410009381e10,0.0,1.0,0.0,0.0,1.0,8.737174120736713,3.731454389331598e7,0.0009305154943702558,74.00377518081969,1.983242121152544e-6,0.00010650073828353501,1.0
456.0,456.0,4.026925387219508e10,0.0,1.0,0.0,0.0,1.0,8.880618856649644,4.63923876451136e7,0.0011520548012723157,72.50882418973026,1.5629465925401113e-6,0.00012972686024124075,1.0
457.0,457.0,4.171010679125188e10,0.0,1.0,0.0,0.0,1.0,8.753997103098378,1.517337190948086e8,0.0036378165790712388,50.36012042233968,3.3189801662261305e-7,0.0004155606331859163,1.0
458.0,458.0,4.2779745523604744e10,0.0,1.0,0.0,0.0,1.0,8.642010925278342,3.0099319388697594e7,0.000703588037242881,84.72329185702709,2.814790951347591e-6,8.14148516272814e-5,1.0
459.0,459.0,4.371639416035827e10,0.0,1.0,0.0,0.0,1.0,8.556918110800536,1.583807003744973e8,0.0036229131600509063,54.946074899979024,3.4692405558288925e-7,0.00042338995338497723,1.0
460.0,460.0,4.523499629410741e10,0.0,1.0,0.0,0.0,1.0,8.485338233561308,1.6596831747374296e8,0.003669024647552418,45.43665798640211,2.737670579421908e-7,0.0004323958039811129,1.0
461.0,461.0,4.636416003314342e10,0.0,1.0,0.0,0.0,1.0,8.447594562246469,1.729562601960879e8,0.003730387005279164,39.043978186576595,2.257448105220983e-7,0.000441591624431268,1.0
462.0,462.0,4.717583553540999e10,0.0,1.0,0.0,0.0,1.0,8.502431756577542,1.8030994362243137e8,0.0038220826666686037,42.9902296229785,2.3842406447089766e-7,0.0004495281792425812,1.0
463.0,463.0,4.7390671123999084e10,0.0,1.0,0.0,0.0,1.0,8.931334780502256,1.0478061099048392e8,0.0022109965013394593,102.7398560483386,9.805235441666716e-7,0.00024755499101502984,1.0
464.0,464.0,4.772278742753793e10,0.0,1.0,0.0,0.0,1.0,8.434531286470007,1.8365841760613582e8,0.0038484427911486207,36.69421103655053,1.997959664187187e-7,0.0004562722764834581,1.0
465.0,465.0,4.803792640881921e10,0.0,1.0,0.0,0.0,1.0,8.429350174961856,1.8641879030243766e8,0.003880658567142822,38.59231670364484,2.0701945638493105e-7,0.0004603745824523635,1.0
466.0,466.0,4.814074203855927e10,0.0,1.0,0.0,0.0,1.0,8.615134722018553,6.0740439519016124e7,0.0012617262612174042,68.62064577379432,1.129735746352496e-6,0.00014645461759207147,1.0
467.0,467.0,5.251095131670841e10,0.0,1.0,0.0,0.0,1.0,8.467214065573131,4.666329236974209e7,0.0008886392723963564,59.863397233927714,1.28287981093631e-6,0.00010495060896233595,1.0
468.0,468.0,5.397053159052057e10,0.0,1.0,0.0,0.0,1.0,8.821054823706161,3.939322176778032e7,0.0007299024302087365,86.58873092818867,2.198061650297128e-6,8.274548166815139e-5,1.0
469.0,469.0,6.137245605464623e10,0.0,1.0,0.0,0.0,1.0,8.644340445465142,2.601363390968954e7,0.000423865088598381,132.66562115256968,5.099848132940117e-6,4.903382638298824e-5,1.0
470.0,470.0,6.504006919207109e10,0.0,1.0,0.0,0.0,1.0,8.307335009633894,3.0813985413276684e7,0.000473769372941044,91.23148436335393,2.9607160929736388e-6,5.703024765362425e-5,1.0
471.0,471.0,6.622974689220503e10,0.0,1.0,0.0,0.0,1.0,8.471368507957356,6.4834271733334616e7,0.0009789297709439932,63.878315690829396,9.852553901362987e-7,0.00011555745332344607,1.0
472.0,472.0,7.041464964582864e10,0.0,1.0,0.0,0.0,1.0,8.565147193801364,5.0079096261681035e7,0.0007112027978311782,70.71073993549412,1.4119811500991437e-6,8.303450970998828e-5,1.0
473.0,473.0,7.151812203696745e10,0.0,1.0,0.0,0.0,1.0,7.958199135590347,1.027189610104038e8,0.0014362647331811309,95.94088743045837,9.340134137527062e-7,0.00018047609876434528,1.0
474.0,474.0,7.155282716296407e10,0.0,1.0,0.0,0.0,1.0,7.937835616188988,2.258347509476683e7,0.0003156195682497834,160.417513243869,7.103313930682079e-6,3.9761414006367974e-5,1.0
475.0,475.0,7.250213280609262e10,0.0,1.0,0.0,0.0,1.0,8.51917262505671,1.7291120935075793e7,0.00023849056487830554,329.53741954234243,1.9058187192124797e-5,2.799456888299854e-5,1.0
476.0,476.0,7.721336459532686e10,0.0,1.0,0.0,0.0,1.0,8.572263409740081,4.0555554271534264e7,0.0005252400223737352,80.46207092926967,1.98399633230375e-6,6.127203484868892e-5,1.0
477.0,477.0,9.129321256154843e10,0.0,1.0,0.0,0.0,1.0,8.293150837507403,6.868786935144612e7,0.0007523874543452943,53.1200946862041,7.733548177832034e-7,9.072395632097687e-5,1.0
478.0,478.0,9.807677414135226e10,0.0,1.0,0.0,0.0,1.0,8.64758320276887,5.392040328516067e7,0.0005497775329137315,69.77496812287477,1.2940363788755914e-6,6.357585929184216e-5,1.0
479.0,479.0,1.04815462419938e11,0.0,1.0,0.0,0.0,1.0,8.935443130315566,1.3284722141212343e8,0.0012674391153284317,83.79012231212,6.307254410100402e-7,0.0001418440134242867,1.0
480.0,480.0,1.1341443316124359e11,0.0,1.0,0.0,0.0,1.0,8.58839950606604,3.56173810574878e7,0.00031404622969309463,104.18929444625302,2.9252373799771395e-6,3.6566327576084675e-5,1.0
481.0,481.0,1.2022864074179655e11,0.0,1.0,0.0,0.0,1.0,8.221226089281648,4.208119034026857e7,0.0003500096801401784,68.63658850065987,1.631051497014802e-6,4.257390276573229e-5,1.0
482.0,482.0,1.2766980254063988e11,0.0,1.0,0.0,0.0,1.0,8.440832603238176,7.554447682179445e7,0.0005917176576954187,63.31921812083453,8.381713764488874e-7,7.01018116943128e-5,1.0
483.0,483.0,1.3412882079302086e11,0.0,1.0,0.0,0.0,1.0,8.467691600951333,3.144878119262212e7,0.0002344669435547922,151.0761031790794,4.803877843587841e-6,2.7689594118950927e-5,1.0
484.0,484.0,1.440542363679195e11,0.0,1.0,0.0,0.0,1.0,8.526876887850845,5.717465151048844e7,0.000396896707045183,64.03095088078008,1.1199185055714588e-6,4.654655066155397e-5,1.0
485.0,485.0,1.44104107327835e11,0.0,1.0,0.0,0.0,1.0,8.431482231802207,2.579573700314043e7,0.0001790074501784197,214.33475412424312,8.30892151281235e-6,2.123083999432889e-5,1.0
486.0,486.0,1.5188187281543658e11,0.0,1.0,0.0,0.0,1.0,8.682564039318036,1.424657017795224e8,0.0009380033430046055,68.32245023521894,4.795712098044484e-7,0.00010803298872970709,1.0
487.0,487.0,1.8359270903930115e11,0.0,1.0,0.0,0.0,1.0,8.497573886372194,8.221919454136987e7,0.00044783473083264536,49.945607494257374,6.074689465502665e-7,5.270148124876571e-5,1.0
488.0,488.0,2.133921371214215e11,0.0,1.0,0.0,0.0,1.0,8.530854299843593,4.937664135587209e7,0.0002313892091013915,85.25398605855591,1.726605611833846e-6,2.712380272461503e-5,1.0
489.0,489.0,2.2096380345906488e11,0.0,1.0,0.0,0.0,1.0,8.580841522327937,1.5429610071514523e8,0.0006982867793089535,67.66568242372662,4.3854433946570435e-7,8.137742405473443e-5,1.0
490.0,490.0,2.288174505245183e11,0.0,1.0,0.0,0.0,1.0,8.259512418476373,6.061830021238421e7,0.00026491991637271194,87.45778212247,1.442762034172026e-6,3.207452243550008e-5,1.0
491.0,491.0,2.519336189949622e11,0.0,1.0,0.0,0.0,1.0,8.45977901622576,4.380002310880249e7,0.00017385543487861323,132.22194340849703,3.018763840037821e-6,2.055082461907817e-5,1.0
492.0,492.0,2.7626733815468097e11,0.0,1.0,0.0,0.0,1.0,8.45417985640678,8.88654993451128e7,0.00032166487169153795,61.39516231601604,6.908773682527278e-7,3.8048027976099016e-5,1.0
493.0,493.0,2.777433708374887e11,0.0,1.0,0.0,0.0,1.0,8.488480846263334,3.770671182140244e7,0.00013576080444173617,218.37407631685303,5.791384763306337e-6,1.5993533695902566e-5,1.0
494.0,494.0,3.277959706501856e11,0.0,1.0,0.0,0.0,1.0,8.538311138079614,1.6770571930013013e8,0.0005116161672709257,72.38229741389851,4.316030348634768e-7,5.992006604083479e-5,1.0
495.0,495.0,4.120953768634226e11,0.0,1.0,0.0,0.0,1.0,8.496662533348264,7.112881181729026e7,0.00017260278904256251,72.66319612796629,1.0215719097714922e-6,2.0314186701557188e-5,1.0
496.0,496.0,4.4684498584641064e11,0.0,1.0,0.0,0.0,1.0,8.23865524525464,9.55007120422564e7,0.00021372224569765844,65.48792291471538,6.857322869329188e-7,2.594139933464988e-5,1.0
497.0,497.0,4.798335625025256e11,0.0,1.0,0.0,0.0,1.0,8.44907009858186,6.1525450814414464e7,0.000128222500457682,103.174933198225,1.6769469835835666e-6,1.5175930482480384e-5,1.0
498.0,498.0,5.053616311432424e11,0.0,1.0,0.0,0.0,1.0,8.536546593947039,1.8356307338918298e8,0.0003632311271420488,62.96395330289668,3.430099072979834e-7,4.2550125293008184e-5,1.0
499.0,499.0,5.2747595119939465e11,0.0,1.0,0.0,0.0,1.0,8.484940102235534,5.346078459542164e7,0.00010135207725746345,159.91495014081386,2.991257074713956e-6,1.1944937269593705e-5,1.0
500.0,500.0,8.153872897308533e11,0.0,1.0,0.0,0.0,1.0,8.476575221188615,1.126722624999978e8,0.00013818251149523675,69.84266534540625,6.198745206081938e-7,1.6301691177095496e-5,1.0
501.0,501.0,8.326494226301252e11,0.0,1.0,0.0,0.0,1.0,8.400464234766584,2.0033779261599272e8,0.00024060281488958384,71.46582411226342,3.567266183975978e-7,2.864160934032823e-5,1.0
502.0,502.0,9.359328491610935e11,0.0,1.0,0.0,0.0,1.0,8.466246574475557,8.97022858107054e7,9.584265751501446e-5,81.08165739902789,9.03897280948219e-7,1.1320560613479587e-5,1.0
503.0,503.0,1.0003900577004998e12,0.0,1.0,0.0,0.0,1.0,8.487183066215099,7.505573640378433e7,7.502646086583731e-5,121.8542036337503,1.6235161957268648e-6,8.83997202375602e-6,1.0
504.0,504.0,1.5401998704426047e12,0.0,1.0,0.0,0.0,1.0,8.485437043802404,2.32976220540128e8,0.00015126362861069304,67.33165129744486,2.8900653875255733e-7,1.7826262551929838e-5,1.0
505.0,505.0,1.8684111742266653e12,0.0,1.0,0.0,0.0,1.0,8.464598363424404,1.428921737117005e8,7.647791128120821e-5,69.77656036994016,4.883161444330885e-7,9.035031314854803e-6,1.0
506.0,506.0,1.9190123739280476e12,0.0,1.0,0.0,0.0,1.0,8.484443682472548,1.0600190084715909e8,5.523773078337521e-5,97.1723405821553,9.167037553625113e-7,6.5104717351695305e-6,1.0
507.0,507.0,3.562313691332367e12,0.0,1.0,0.0,0.0,1.0,8.49207135061925,2.9684276141360456e8,8.332864164924102e-5,80.2513399871664,2.7034966123141726e-7,9.812522552953423e-6,1.0
508.0,508.0,3.7649643306656323e12,0.0,1.0,0.0,0.0,1.0,8.488737909865682,1.548493154782288e8,4.112902296688123e-5,82.81637416899787,5.348191169798327e-7,4.845128145502141e-6,1.0
509.0,509.0,7.554853781634821e12,0.0,1.0,0.0,0.0,1.0,8.484188975137966,2.4703860482896918e8,3.2699323308606246e-5,66.45606449603612,2.6901084602362856e-7,3.854148393491495e-6,1.0
510.0,510.0,1.4482603223247705e13,0.0,1.0,0.0,0.0,1.0,8.489393606443203,5.124226676657657e8,3.5381944523422446e-5,86.5809128264367,1.689638618463893e-7,4.1677823132819026e-6,1.0
511.0,511.0,3.693922341210706e19,0.0,1.0,0.0,0.0,1.0,3.7397788851857583,3.2834552862118284e16,0.0008888804319409858,109.148190239615,3.324186892325276e-15,0.0002376826168686265,1.0
512.0,512.0,3.693922351596671e19,0.0,1.0,0.0,0.0,1.0,3.736695937696154,3.280233596938702e16,0.0008880082699954013,112.44741785285338,3.428030795056655e-15,0.00023764531147345627,1.0
513.0,513.0,3.956875541243713e19,0.0,1.0,0.0,0.0,1.0,3.6670767093835357,2.616931991316903e16,0.0006613632306702165,85.8011458987108,3.278692231338178e-15,0.00018035162149127688,1.0
514.0,514.0,3.9568755522368004e19,0.0,1.0,0.0,0.0,1.0,3.668575741973182,2.618003784750254e16,0.0006616340974560878,82.89718427955344,3.1664272130707197e-15,0.0001803517615531691,1.0
515.0,515.0,4.41763459405287e19,0.0,1.0,0.0,0.0,1.0,3.8793639024155735,2.9789170112633948e16,0.0006743239957586551,98.61682015615824,3.3104923629387588e-15,0.00017382334133149305,1.0
516.0,516.0,4.4176346061324485e19,0.0,1.0,0.0,0.0,1.0,3.8884042900783946,2.9857128931050176e16,0.0006758623470036039,93.08581705700439,3.1177082455573616e-15,0.00017381483420541585,1.0
517.0,517.0,5.113143426413267e19,0.0,1.0,0.0,0.0,1.0,4.345786075318805,3.864292072553644e16,0.0007557566354567022,122.862279004495,3.1794252788791858e-15,0.00017390562313890712,1.0
518.0,518.0,5.113143440173037e19,0.0,1.0,0.0,0.0,1.0,4.370660409947873,3.8845612631516344e16,0.0007597207683694816,120.13558606751457,3.092642332793222e-15,0.00017382287734830958,1.0
519.0,519.0,6.102647941500042e19,0.0,1.0,0.0,0.0,1.0,5.119978670963083,5.310333634443778e16,0.0008701687669596236,192.26067690635276,3.620500897708488e-15,0.00016995554530228977,1.0
520.0,520.0,6.10264795770553e19,0.0,1.0,0.0,0.0,1.0,5.175568451525408,5.362175246424892e16,0.0008786637019843692,186.03540129678296,3.469401739915491e-15,0.00016977143867653773,1.0
521.0,521.0,7.478232144711259e19,0.0,1.0,0.0,0.0,1.0,5.716037726581078,6.8939144533121624e16,0.0009218641946262207,223.82021656608006,3.24663466716716e-15,0.00016127678624990697,1.0
522.0,522.0,7.478232164382209e19,0.0,1.0,0.0,0.0,1.0,5.721050055989348,6.888334185234577e16,0.0009211179906987598,223.4450241877576,3.243817999810767e-15,0.0001610050570584406,1.0
523.0,523.0,9.383937684826746e19,0.0,1.0,0.0,0.0,1.0,4.862237135444829,6.741684076818483e16,0.0007184280526201039,223.71045507673622,3.3183170929942028e-15,0.00014775668742745873,1.0
524.0,524.0,9.383937709369088e19,0.0,1.0,0.0,0.0,1.0,4.8663915617774975,6.7338048144848216e16,0.0007175883965812854,236.95951254659752,3.5189542773334207e-15,0.0001474580060958307,1.0
525.0,525.0,1.2051158693817867e20,0.0,1.0,0.0,0.0,1.0,4.944319017320311,7.788855731054117e16,0.0006463159210615765,291.40937972986717,3.741363170562009e-15,0.0001307188955238294,1.0
526.0,526.0,1.205115872524935e20,0.0,1.0,0.0,0.0,1.0,4.941214254389994,7.76670148968192e16,0.0006444775698961862,301.2538942696271,3.878788114489059e-15,0.0001304289870295755,1.0
527.0,527.0,1.586722748785348e20,0.0,1.0,0.0,0.0,1.0,4.700326201296667,8.304272219986702e16,0.0005233600026434174,358.73740708496206,4.319913865799747e-15,0.0001113454641720482,1.0
528.0,528.0,1.5867227529210928e20,0.0,1.0,0.0,0.0,1.0,4.694643371194012,8.276338231298832e16,0.0005215995180041647,355.9517474427469,4.300836160811256e-15,0.00011110524842092611,1.0
529.0,529.0,2.151736218798958e20,0.0,1.0,0.0,0.0,1.0,4.485285330184655,8.767366376629962e16,0.0004074554445862176,424.1718266128247,4.838075750358567e-15,9.084270332684567e-5,1.0
530.0,530.0,2.1517362244110257e20,0.0,1.0,0.0,0.0,1.0,4.478852565174853,8.73792484049248e16,0.000406087174690022,469.37311109479924,5.371677139172376e-15,9.066768079117793e-5,1.0
531.0,531.0,3.030495718984843e20,0.0,1.0,0.0,0.0,1.0,4.483336997199858,9.567738256382944e16,0.00031571528698901984,562.2766606676455,5.876798106308269e-15,7.041970906630597e-5,1.0
532.0,532.0,3.030495726899398e20,0.0,1.0,0.0,0.0,1.0,4.468636097846583,9.521788004193077e16,0.00031419902426112813,609.9005271684478,6.40531512463696e-15,7.031206331894855e-5,1.0
533.0,533.0,4.4960712873665e20,0.0,1.0,0.0,0.0,1.0,4.4479196613582195,1.0197023841182846e17,0.00022679853564233808,3110.5950607495733,3.050493074446658e-14,5.098980038076559e-5,1.0
534.0,534.0,4.4960712991272855e20,0.0,1.0,0.0,0.0,1.0,4.440141829002484,1.0186170830318357e17,0.00022655714628670476,1842.7391176981093,1.8090597029978505e-14,5.102475439114583e-5,1.0
535.0,535.0,7.20243748510973e20,0.0,1.0,0.0,0.0,1.0,3.871361523128,8.992822883223486e16,0.00012485804842895474,19224.199029273736,2.1377268605097649e-13,3.225171498012704e-5,1.0
536.0,536.0,7.202437503979196e20,0.0,1.0,0.0,0.0,1.0,3.924791412800811,9.082695777617365e16,0.0001261058603090881,20391.9310236694,2.2451408175446698e-13,3.2130589130874705e-5,1.0
537.0,537.0,1.000000000000052e21,0.0,1.0,0.0,0.0,1.0,5.586643956085064,6.273643833121769e17,0.0006273643833121435,99853.87944508845,1.5916408725326235e-13,0.00011229718382693924,1.0
538.0,538.0,1.0000000000003408e21,0.0,1.0,0.0,0.0,1.0,5.239641179773747,3.1269253491190835e17,0.0003126925349118008,108981.75357703984,3.485268799517141e-13,5.967823447889292e-5,1.0
539.0,539.0,1.0000000000015384e21,0.0,1.0,0.0,0.0,1.0,4.6090886395098725,1.872276970804019e17,0.000187227697080113,96874.45037327513,5.174151681824831e-13,4.062141384636566e-5,1.0
540.0,540.0,1.0000000000048312e21,0.0,1.0,0.0,0.0,1.0,4.694882909481867,1.3062378201855008e17,0.00013062378201791905,102646.33621501492,7.858165996176556e-13,2.7822585682405195e-5,1.0
541.0,541.0,1.0000000000124716e21,0.0,1.0,0.0,0.0,1.0,4.564081582861164,9.838441271215296e16,9.838441271092622e-5,98330.67419705051,9.994537903553894e-13,2.1556234463550126e-5,1.0
542.0,542.0,1.0000000000283471e21,0.0,1.0,0.0,0.0,1.0,4.9521837213687485,7.786613980139725e16,7.78661397991902e-5,110927.4892489091,1.424592120937762e-12,1.5723596736364327e-5,1.0
543.0,543.0,1.0000000000594347e21,0.0,1.0,0.0,0.0,1.0,4.648966428848631,5.726335786370547e16,5.726335786030242e-5,102787.84061682038,1.7950019777301333e-12,1.2317438453622978e-5,1.0
544.0,544.0,1.0000000001183279e21,0.0,1.0,0.0,0.0,1.0,4.2847528968495885,4.316960741471688e16,4.316960740960936e-5,86524.60072922935,2.004294361494033e-12,1.007516849836318e-5,1.0
545.0,545.0,1.000000000228303e21,0.0,1.0,0.0,0.0,1.0,4.608532439318473,3.3107569944558308e16,3.3107569937000196e-5,99891.11667959584,3.0171684858439146e-12,7.183972419188672e-6,1.0
546.0,546.0,1.0000000004339369e21,0.0,1.0,0.0,0.0,1.0,4.612856460303704,2.4855467724963092e16,2.4855467714177882e-5,99165.01447863363,3.989665999285833e-12,5.388302872216716e-6,1.0
547.0,547.0,1.0000000008235627e21,0.0,1.0,0.0,0.0,1.0,4.445806667143005,1.833064581727771e16,1.8330645802181607e-5,89710.7327699917,4.894030121155493e-12,4.123131565224219e-6,1.0
548.0,548.0,1.0000000015806818e21,0.0,1.0,0.0,0.0,1.0,4.406113319251673,1.3434338647317606e16,1.3434338626082585e-5,87451.37597969823,6.5095408323026625e-12,3.0490224950374748e-6,1.0
549.0,549.0,1.0000000031027155e21,0.0,1.0,0.0,0.0,1.0,4.34229507062079,1.003459275239943e16,1.003459272126539e-5,82437.89402795256,8.21537017615754e-12,2.3108960948226877e-6,1.0
550.0,550.0,1.000000006228261e21,0.0,1.0,0.0,0.0,1.0,4.334606837103368,7.889257495329304e15,7.889257446193565e-6,81220.672806854,1.029509720717481e-11,1.8200629821055737e-6,1.0
551.0,551.0,1.0000000119413598e21,0.0,1.0,0.0,0.0,1.0,4.740137147586199,9.24847677058024e15,9.248476660141864e-6,89018.92626678146,9.625252728097276e-12,1.951098960259289e-6,1.0
552.0,552.0,1.3058484171343772e21,0.0,1.0,0.0,0.0,1.0,3.527153985953542,7.517501289996974e16,5.756794733108291e-5,32646.317987665137,4.3427086645273125e-13,1.632135924894127e-5,1.0
553.0,553.0,1.305848420560145e21,0.0,1.0,0.0,0.0,1.0,3.49833524495333,7.433479747051114e16,5.692452224939352e-5,33236.99244298236,4.471256204897509e-13,1.627188884527644e-5,1.0
554.0,554.0,2.9800566292176374e21,0.0,1.0,0.0,0.0,1.0,3.759774388018988,6.7905311790873624e16,2.2786584363902274e-5,48452.717324411526,7.135335373119262e-13,6.06062545574934e-6,1.0
555.0,555.0,2.98005663704353e21,0.0,1.0,0.0,0.0,1.0,3.4733027191389647,6.157914866371871e16,2.0663751117432e-5,44459.71919806828,7.219930798468961e-13,5.949308997332246e-6,1.0
556.0,556.0,1.2022432907417184e22,0.0,1.0,0.0,0.0,1.0,2.743396090266254,1.0934416537108031e14,9.095011483836633e-9,899626.9191734188,8.227479867081733e-9,3.3152381882099777e-9,1.0
557.0,557.0,1.2022432939009206e22,0.0,1.0,0.0,0.0,1.0,2.5842215134462374,9.963182847781686e13,8.287160259520668e-9,888511.0484892535,8.91794381438138e-9,3.206830457993196e-9,1.0
558.0,558.0,2.231950553428425e66,0.0,1.0,0.0,0.0,1.0,9.184520097391157,2.979846723550532e18,2.6608132129261484e-16,5.938803523160184e50,1.0000000000000002,2.897062867424011e-17,1.0
559.0,559.0,8.16178253517391e66,0.0,1.0,0.0,0.0,1.0,7.906219647734768,2.418889936900376e18,2.592937903841071e-16,2.11629952983605e51,1.0,3.279617844394167e-17,1.0
560.0,560.0,Inf,0.0,0.0,1.0,0.0,1.0,1.0,1.002092151844295e7,0.0,NaN,NaN,0.0,0.0
561.0,561.0,Inf,0.0,0.0,1.0,0.0,1.0,1.0,1.0020921518384792e7,0.0,NaN,NaN,0.0,0.0
562.0,562.0,Inf,0.0,0.0,1.0,0.0,1.0,1.0,1.0020921518444465e7,0.0,NaN,NaN,0.0,0.0
563.0,563.0,Inf,0.0,0.0,1.0,0.0,1.0,1.0,1.0020921518443009e7,0.0,NaN,NaN,0.0,0.0
564.0,564.0,Inf,0.0,0.0,1.0,0.0,1.0,1.0,1.0030991393781284e7,0.0,NaN,NaN,0.0,0.0
565.0,565.0,Inf,0.0,0.0,1.0,0.0,1.0,1.0,1.0030991393777382e7,0.0,NaN,NaN,0.0,0.0
566.0,566.0,Inf,0.0,0.0,1.0,0.0,1.0,1.0,1.735680415517956e7,0.0,NaN,NaN,0.0,0.0
567.0,567.0,Inf,0.0,0.0,1.0,0.0,1.0,1.0,1.7356804155179195e7,0.0,NaN,NaN,0.0,0.0
568.0,568.0,Inf,0.0,0.0,1.0,0.0,1.0,1.0,1.0030991393765725e7,0.0,NaN,NaN,0.0,0.0
569.0,569.0,Inf,0.0,0.0,1.0,0.0,1.0,1.0,1.7356804155179165e7,0.0,NaN,NaN,0.0,0.0
570.0,570.0,Inf,0.0,0.0,1.0,0.0,1.0,1.0,1.0030991393761843e7,0.0,NaN,NaN,0.0,0.0
571.0,571.0,Inf,0.0,0.0,1.0,0.0,1.0,1.0,1.735680415518055e7,0.0,NaN,NaN,0.0,0.0
572.0,572.0,Inf,0.0,0.0,1.0,0.0,1.0,1.0,1.7356804155222878e7,0.0,NaN,NaN,0.0,0.0
573.0,573.0,Inf,0.0,0.0,1.0,0.0,1.0,1.0,1.0030991393750338e7,0.0,NaN,NaN,0.0,0.0
574.0,574.0,Inf,0.0,0.0,1.0,0.0,1.0,1.0,1.735680415526657e7,0.0,NaN,NaN,0.0,0.0
575.0,575.0,Inf,0.0,0.0,1.0,0.0,1.0,1.0,1.735680415526655e7,0.0,NaN,NaN,0.0,0.0
576.0,576.0,Inf,0.0,0.0,1.0,0.0,1.0,1.0,1.0030991393742573e7,0.0,NaN,NaN,0.0,0.0
577.0,577.0,Inf,0.0,0.0,1.0,0.0,1.0,1.0,1.0030991393738687e7,0.0,NaN,NaN,0.0,0.0
578.0,578.0,Inf,0.0,0.0,1.0,0.0,1.0,1.0,1.7356804155266643e7,0.0,NaN,NaN,0.0,0.0
579.0,579.0,Inf,0.0,0.0,1.0,0.0,1.0,1.0,1.735680415527244e7,0.0,NaN,NaN,0.0,0.0
580.0,580.0,Inf,0.0,0.0,1.0,0.0,1.0,1.0,1.735680415519775e7,0.0,NaN,NaN,0.0,0.0
581.0,581.0,Inf,0.0,0.0,1.0,0.0,1.0,1.0,1.7356804155190673e7,0.0,NaN,NaN,0.0,0.0
582.0,582.0,Inf,0.0,0.0,1.0,0.0,1.0,1.0,1.003099139377566e7,0.0,NaN,NaN,0.0,0.0
583.0,583.0,Inf,0.0,0.0,1.0,0.0,1.0,1.0,1.7356804155179553e7,0.0,NaN,NaN,0.0,0.0
584.0,584.0,Inf,0.0,0.0,1.0,0.0,1.0,1.0,1.0030991393776603e7,0.0,NaN,NaN,0.0,0.0
585.0,585.0,Inf,0.0,0.0,1.0,0.0,1.0,1.0,1.735680415517919e7,0.0,NaN,NaN,0.0,0.0
586.0,586.0,Inf,0.0,0.0,1.0,0.0,1.0,1.0,1.7356804155180566e7,0.0,NaN,NaN,0.0,0.0
587.0,587.0,Inf,0.0,0.0,1.0,0.0,1.0,1.0,1.7356804155265253e7,0.0,NaN,NaN,0.0,0.0
588.0,588.0,Inf,0.0,0.0,1.0,0.0,1.0,1.0,1.0030991393782495e7,0.0,NaN,NaN,0.0,0.0
589.0,589.0,Inf,0.0,0.0,1.0,0.0,1.0,1.0,1.0030991393784404e7,0.0,NaN,NaN,0.0,0.0
590.0,590.0,Inf,0.0,0.0,1.0,0.0,1.0,1.0,1.7356804155266605e7,0.0,NaN,NaN,0.0,0.0
591.0,591.0,Inf,0.0,0.0,1.0,0.0,1.0,1.0,1.0030991393785376e7,0.0,NaN,NaN,0.0,0.0
592.0,592.0,Inf,0.0,0.0,1.0,0.0,1.0,1.0,1.735680415526671e7,0.0,NaN,NaN,0.0,0.0
593.0,593.0,Inf,0.0,0.0,1.0,0.0,1.0,1.0,1.0030991393787287e7,0.0,NaN,NaN,0.0,0.0
594.0,594.0,Inf,0.0,0.0,1.0,0.0,1.0,1.0,1.7356804155272547e7,0.0,NaN,NaN,0.0,0.0
595.0,595.0,Inf,0.0,0.0,1.0,0.0,1.0,1.0,1.0030991393788232e7,0.0,NaN,NaN,0.0,0.0
596.0,596.0,Inf,0.0,0.0,1.0,0.0,1.0,1.0,1.003099139377746e7,0.0,NaN,NaN,0.0,0.0
597.0,597.0,Inf,0.0,0.0,1.0,0.0,1.0,1.0,1.735680415511079e7,0.0,NaN,NaN,0.0,0.0
598.0,598.0,Inf,0.0,0.0,1.0,0.0,1.0,1.0,1.0030991393778404e7,0.0,NaN,NaN,0.0,0.0
599.0,599.0,Inf,0.0,0.0,1.0,0.0,1.0,1.0,1.0030991393779349e7,0.0,NaN,NaN,0.0,0.0
600.0,600.0,Inf,0.0,0.0,1.0,0.0,1.0,1.0,1.7356804155110817e7,0.0,NaN,NaN,0.0,0.0
601.0,601.0,Inf,0.0,0.0,1.0,0.0,1.0,1.0,1.0030991393782556e7,0.0,NaN,NaN,0.0,0.0
602.0,602.0,Inf,0.0,0.0,1.0,0.0,1.0,1.0,1.7356804155291554e7,0.0,NaN,NaN,0.0,0.0
603.0,603.0,Inf,0.0,0.0,1.0,0.0,1.0,1.0,1.0030991393783506e7,0.0,NaN,NaN,0.0,0.0
604.0,604.0,Inf,0.0,0.0,1.0,0.0,1.0,1.0,1.735680415529442e7,0.0,NaN,NaN,0.0,0.0
605.0,605.0,Inf,0.0,0.0,1.0,0.0,1.0,1.0,1.0030991393784449e7,0.0,NaN,NaN,0.0,0.0
606.0,606.0,Inf,0.0,0.0,1.0,0.0,1.0,1.0,1.735680415529445e7,0.0,NaN,NaN,0.0,0.0
607.0,607.0,Inf,0.0,0.0,1.0,0.0,1.0,1.0,1.0030991393785411e7,0.0,NaN,NaN,0.0,0.0
608.0,608.0,Inf,0.0,0.0,1.0,0.0,1.0,1.0,1.7356804155294433e7,0.0,NaN,NaN,0.0,0.0
609.0,609.0,Inf,0.0,0.0,1.0,0.0,1.0,1.0,1.7356804155294806e7,0.0,NaN,NaN,0.0,0.0
610.0,610.0,Inf,0.0,0.0,1.0,0.0,1.0,1.0,1.0030991393788273e7,0.0,NaN,NaN,0.0,0.0
611.0,611.0,Inf,0.0,0.0,1.0,0.0,1.0,1.0,1.7356804155295033e7,0.0,NaN,NaN,0.0,0.0
612.0,612.0,Inf,0.0,0.0,1.0,0.0,1.0,1.0,1.735680415529453e7,0.0,NaN,NaN,0.0,0.0
613.0,613.0,Inf,0.0,0.0,1.0,0.0,1.0,1.0,1.0030991393785343e7,0.0,NaN,NaN,0.0,0.0
614.0,614.0,Inf,0.0,0.0,1.0,0.0,1.0,1.0,1.0030991393781306e7,0.0,NaN,NaN,0.0,0.0
615.0,615.0,Inf,0.0,0.0,1.0,0.0,1.0,1.0,1.735680415511369e7,0.0,NaN,NaN,0.0,0.0
616.0,616.0,Inf,0.0,0.0,1.0,0.0,1.0,1.0,1.7356804155110795e7,0.0,NaN,NaN,0.0,0.0
617.0,617.0,Inf,0.0,0.0,1.0,0.0,1.0,1.0,1.003099139377338e7,0.0,NaN,NaN,0.0,0.0
618.0,618.0,Inf,0.0,0.0,1.0,0.0,1.0,1.0,1.7356804155110803e7,0.0,NaN,NaN,0.0,0.0
619.0,619.0,Inf,0.0,0.0,1.0,0.0,1.0,1.0,1.0030991393769497e7,0.0,NaN,NaN,0.0,0.0
620.0,620.0,Inf,0.0,0.0,1.0,0.0,1.0,1.0,1.0030991393765612e7,0.0,NaN,NaN,0.0,0.0
621.0,621.0,Inf,0.0,0.0,1.0,0.0,1.0,1.0,1.7356804155113664e7,0.0,NaN,NaN,0.0,0.0
622.0,622.0,Inf,0.0,0.0,1.0,0.0,1.0,1.0,1.0030991393761732e7,0.0,NaN,NaN,0.0,0.0
623.0,623.0,Inf,0.0,0.0,1.0,0.0,1.0,1.0,1.0030991393757997e7,0.0,NaN,NaN,0.0,0.0
624.0,624.0,Inf,0.0,0.0,1.0,0.0,1.0,1.0,1.0030991393754264e7,0.0,NaN,NaN,0.0,0.0
625.0,625.0,Inf,0.0,0.0,1.0,0.0,1.0,1.0,1.7356804155294385e7,0.0,NaN,NaN,0.0,0.0
626.0,626.0,Inf,0.0,0.0,1.0,0.0,1.0,1.0,1.0030991393750386e7,0.0,NaN,NaN,0.0,0.0
627.0,627.0,Inf,0.0,0.0,1.0,0.0,1.0,1.0,1.7356804155294392e7,0.0,NaN,NaN,0.0,0.0
628.0,628.0,Inf,0.0,0.0,1.0,0.0,1.0,1.0,1.0030991393746503e7,0.0,NaN,NaN,0.0,0.0
629.0,629.0,Inf,0.0,0.0,1.0,0.0,1.0,1.0,1.735680415529436e7,0.0,NaN,NaN,0.0,0.0
630.0,630.0,Inf,0.0,0.0,1.0,0.0,1.0,1.0,1.0030991393730968e7,0.0,NaN,NaN,0.0,0.0
631.0,631.0,Inf,0.0,0.0,1.0,0.0,1.0,1.0,1.737444189157496e7,0.0,NaN,NaN,0.0,0.0
632.0,632.0,Inf,0.0,0.0,1.0,0.0,1.0,1.0,1.7374441891484357e7,0.0,NaN,NaN,0.0,0.0
633.0,633.0,Inf,0.0,0.0,1.0,0.0,1.0,1.0,1.737444189157452e7,0.0,NaN,NaN,0.0,0.0
634.0,634.0,Inf,0.0,0.0,1.0,0.0,1.0,1.0,1.7374441891516812e7,0.0,NaN,NaN,0.0,0.0
635.0,635.0,Inf,0.0,0.0,1.0,0.0,1.0,1.0,1.7374441891571146e7,0.0,NaN,NaN,0.0,0.0
636.0,636.0,Inf,0.0,0.0,1.0,0.0,1.0,1.0,1.7374441891523294e7,0.0,NaN,NaN,0.0,0.0
637.0,637.0,Inf,0.0,0.0,1.0,0.0,1.0,1.0,1.7374441891486526e7,0.0,NaN,NaN,0.0,0.0
638.0,638.0,Inf,0.0,0.0,1.0,0.0,1.0,1.0,1.7374441891529534e7,0.0,NaN,NaN,0.0,0.0
639.0,639.0,Inf,0.0,0.0,1.0,0.0,1.0,1.0,1.73744418914019e7,0.0,NaN,NaN,0.0,0.0
640.0,640.0,Inf,0.0,0.0,1.0,0.0,1.0,1.0,1.737444189139922e7,0.0,NaN,NaN,0.0,0.0
641.0,641.0,Inf,0.0,0.0,1.0,0.0,1.0,1.0,1.7374441891399205e7,0.0,NaN,NaN,0.0,0.0
642.0,642.0,Inf,0.0,0.0,1.0,0.0,1.0,1.0,1.7374441891575232e7,0.0,NaN,NaN,0.0,0.0
643.0,643.0,Inf,0.0,0.0,1.0,0.0,1.0,1.0,1.7374441891477477e7,0.0,NaN,NaN,0.0,0.0
644.0,644.0,Inf,0.0,0.0,1.0,0.0,1.0,1.0,1.7374441891567554e7,0.0,NaN,NaN,0.0,0.0
645.0,645.0,Inf,0.0,0.0,1.0,0.0,1.0,1.0,1.7374441891566124e7,0.0,NaN,NaN,0.0,0.0
646.0,646.0,Inf,0.0,0.0,1.0,0.0,1.0,1.0,1.737444189149832e7,0.0,NaN,NaN,0.0,0.0
647.0,647.0,Inf,0.0,0.0,1.0,0.0,1.0,1.0,1.7374441891505264e7,0.0,NaN,NaN,0.0,0.0
648.0,648.0,Inf,0.0,0.0,1.0,0.0,1.0,1.0,1.737444189151221e7,0.0,NaN,NaN,0.0,0.0
649.0,649.0,Inf,0.0,0.0,1.0,0.0,1.0,1.0,1.7374441891563736e7,0.0,NaN,NaN,0.0,0.0
650.0,650.0,Inf,0.0,0.0,1.0,0.0,1.0,1.0,1.7374441891519155e7,0.0,NaN,NaN,0.0,0.0
651.0,651.0,Inf,0.0,0.0,1.0,0.0,1.0,1.0,1.737444189148787e7,0.0,NaN,NaN,0.0,0.0
652.0,652.0,Inf,0.0,0.0,1.0,0.0,1.0,1.0,1.7374441891525883e7,0.0,NaN,NaN,0.0,0.0
653.0,653.0,Inf,0.0,0.0,1.0,0.0,1.0,1.0,1.7374441891532607e7,0.0,NaN,NaN,0.0,0.0
654.0,654.0,Inf,0.0,0.0,1.0,0.0,1.0,1.0,1.7374441891409572e7,0.0,NaN,NaN,0.0,0.0
655.0,655.0,Inf,0.0,0.0,1.0,0.0,1.0,1.0,1.7374441891412217e7,0.0,NaN,NaN,0.0,0.0
656.0,656.0,Inf,0.0,0.0,1.0,0.0,1.0,1.0,1.7374441891560387e7,0.0,NaN,NaN,0.0,0.0
657.0,657.0,Inf,0.0,0.0,1.0,0.0,1.0,1.0,1.7374441891494017e7,0.0,NaN,NaN,0.0,0.0
658.0,658.0,Inf,0.0,0.0,1.0,0.0,1.0,1.0,1.7374441891567577e7,0.0,NaN,NaN,0.0,0.0
659.0,659.0,Inf,0.0,0.0,1.0,0.0,1.0,1.0,1.73744418915758e7,0.0,NaN,NaN,0.0,0.0
660.0,660.0,Inf,0.0,0.0,1.0,0.0,1.0,1.0,1.737444189157477e7,0.0,NaN,NaN,0.0,0.0
661.0,661.0,Inf,0.0,0.0,1.0,0.0,1.0,1.0,1.737444189156193e7,0.0,NaN,NaN,0.0,0.0
662.0,662.0,Inf,0.0,0.0,1.0,0.0,1.0,1.0,1.7374441891474355e7,0.0,NaN,NaN,0.0,0.0
663.0,663.0,Inf,0.0,0.0,1.0,0.0,1.0,1.0,1.7374441891497348e7,0.0,NaN,NaN,0.0,0.0
664.0,664.0,Inf,0.0,0.0,1.0,0.0,1.0,1.0,1.737444189151267e7,0.0,NaN,NaN,0.0,0.0
665.0,665.0,Inf,0.0,0.0,1.0,0.0,1.0,1.0,1.7374441891489197e7,0.0,NaN,NaN,0.0,0.0
666.0,666.0,Inf,0.0,0.0,1.0,0.0,1.0,1.0,1.737444189152014e7,0.0,NaN,NaN,0.0,0.0
667.0,667.0,Inf,0.0,0.0,1.0,0.0,1.0,1.0,1.7374441891419977e7,0.0,NaN,NaN,0.0,0.0
668.0,668.0,Inf,0.0,0.0,1.0,0.0,1.0,1.0,1.7374441891422406e7,0.0,NaN,NaN,0.0,0.0
669.0,669.0,Inf,0.0,0.0,1.0,0.0,1.0,1.0,1.7374441891558256e7,0.0,NaN,NaN,0.0,0.0
670.0,670.0,Inf,0.0,0.0,1.0,0.0,1.0,1.0,1.7374441891566142e7,0.0,NaN,NaN,0.0,0.0
671.0,671.0,Inf,0.0,0.0,1.0,0.0,1.0,1.0,1.737444189155544e7,0.0,NaN,NaN,0.0,0.0
672.0,672.0,Inf,0.0,0.0,1.0,0.0,1.0,1.0,1.7374441891466327e7,0.0,NaN,NaN,0.0,0.0
673.0,673.0,Inf,0.0,0.0,1.0,0.0,1.0,1.0,1.7374441891474005e7,0.0,NaN,NaN,0.0,0.0
674.0,674.0,Inf,0.0,0.0,1.0,0.0,1.0,1.0,1.737444189155078e7,0.0,NaN,NaN,0.0,0.0
675.0,675.0,Inf,0.0,0.0,1.0,0.0,1.0,1.0,1.737444189148168e7,0.0,NaN,NaN,0.0,0.0
676.0,676.0,Inf,0.0,0.0,1.0,0.0,1.0,1.0,1.7374441891489375e7,0.0,NaN,NaN,0.0,0.0
677.0,677.0,Inf,0.0,0.0,1.0,0.0,1.0,1.0,1.737444189150476e7,0.0,NaN,NaN,0.0,0.0
678.0,678.0,Inf,0.0,0.0,1.0,0.0,1.0,1.0,1.73744418915489e7,0.0,NaN,NaN,0.0,0.0
679.0,679.0,Inf,0.0,0.0,1.0,0.0,1.0,1.0,1.737444189149054e7,0.0,NaN,NaN,0.0,0.0
680.0,680.0,Inf,0.0,0.0,1.0,0.0,1.0,1.0,1.7374441891527474e7,0.0,NaN,NaN,0.0,0.0
681.0,681.0,Inf,0.0,0.0,1.0,0.0,1.0,1.0,1.7374441891535144e7,0.0,NaN,NaN,0.0,0.0
682.0,682.0,Inf,0.0,0.0,1.0,0.0,1.0,1.0,1.737444189143037e7,0.0,NaN,NaN,0.0,0.0
683.0,683.0,Inf,0.0,0.0,1.0,0.0,1.0,1.0,1.7374441891432635e7,0.0,NaN,NaN,0.0,0.0
684.0,684.0,Inf,0.0,0.0,1.0,0.0,1.0,1.0,1.737444189150277e7,0.0,NaN,NaN,0.0,0.0
685.0,685.0,Inf,0.0,0.0,1.0,0.0,1.0,1.0,1.7374441891574025e7,0.0,NaN,NaN,0.0,0.0
686.0,686.0,Inf,0.0,0.0,1.0,0.0,1.0,1.0,1.7374441891548943e7,0.0,NaN,NaN,0.0,0.0
687.0,687.0,Inf,0.0,0.0,1.0,0.0,1.0,1.0,1.737444189146631e7,0.0,NaN,NaN,0.0,0.0
688.0,688.0,Inf,0.0,0.0,1.0,0.0,1.0,1.0,1.7374441891543113e7,0.0,NaN,NaN,0.0,0.0
689.0,689.0,Inf,0.0,0.0,1.0,0.0,1.0,1.0,1.737444189148936e7,0.0,NaN,NaN,0.0,0.0
690.0,690.0,Inf,0.0,0.0,1.0,0.0,1.0,1.0,1.7374441891497042e7,0.0,NaN,NaN,0.0,0.0
691.0,691.0,Inf,0.0,0.0,1.0,0.0,1.0,1.0,1.737444189154149e7,0.0,NaN,NaN,0.0,0.0
692.0,692.0,Inf,0.0,0.0,1.0,0.0,1.0,1.0,1.7374441891512424e7,0.0,NaN,NaN,0.0,0.0
693.0,693.0,Inf,0.0,0.0,1.0,0.0,1.0,1.0,1.7374441891519964e7,0.0,NaN,NaN,0.0,0.0
694.0,694.0,Inf,0.0,0.0,1.0,0.0,1.0,1.0,1.7374441891442344e7,0.0,NaN,NaN,0.0,0.0
695.0,695.0,Inf,0.0,0.0,1.0,0.0,1.0,1.0,1.737444189144076e7,0.0,NaN,NaN,0.0,0.0
696.0,696.0,Inf,0.0,0.0,1.0,0.0,1.0,1.0,1.7374441891440783e7,0.0,NaN,NaN,0.0,0.0
697.0,697.0,Inf,0.0,0.0,1.0,0.0,1.0,1.0,1.7374441891542885e7,0.0,NaN,NaN,0.0,0.0
698.0,698.0,Inf,0.0,0.0,1.0,0.0,1.0,1.0,1.7374441891440794e7,0.0,NaN,NaN,0.0,0.0
699.0,699.0,Inf,0.0,0.0,1.0,0.0,1.0,1.0,1.7374441891442865e7,0.0,NaN,NaN,0.0,0.0
700.0,700.0,Inf,0.0,0.0,1.0,0.0,1.0,1.0,1.737444189155827e7,0.0,NaN,NaN,0.0,0.0
701.0,701.0,Inf,0.0,0.0,1.0,0.0,1.0,1.0,1.7374441891507134e7,0.0,NaN,NaN,0.0,0.0
702.0,702.0,Inf,0.0,0.0,1.0,0.0,1.0,1.0,1.7374441891566157e7,0.0,NaN,NaN,0.0,0.0
703.0,703.0,Inf,0.0,0.0,1.0,0.0,1.0,1.0,1.7374441891571373e7,0.0,NaN,NaN,0.0,0.0
704.0,704.0,Inf,0.0,0.0,1.0,0.0,1.0,1.0,1.737444189154245e7,0.0,NaN,NaN,0.0,0.0
705.0,705.0,Inf,0.0,0.0,1.0,0.0,1.0,1.0,1.7374441891466275e7,0.0,NaN,NaN,0.0,0.0
706.0,706.0,Inf,0.0,0.0,1.0,0.0,1.0,1.0,1.7374441891535442e7,0.0,NaN,NaN,0.0,0.0
707.0,707.0,Inf,0.0,0.0,1.0,0.0,1.0,1.0,1.7374441891481634e7,0.0,NaN,NaN,0.0,0.0
708.0,708.0,Inf,0.0,0.0,1.0,0.0,1.0,1.0,1.7374441891535323e7,0.0,NaN,NaN,0.0,0.0
709.0,709.0,Inf,0.0,0.0,1.0,0.0,1.0,1.0,1.7374441891489323e7,0.0,NaN,NaN,0.0,0.0
710.0,710.0,Inf,0.0,0.0,1.0,0.0,1.0,1.0,1.7374441891535364e7,0.0,NaN,NaN,0.0,0.0
711.0,711.0,Inf,0.0,0.0,1.0,0.0,1.0,1.0,1.7374441891452473e7,0.0,NaN,NaN,0.0,0.0
712.0,712.0,Inf,0.0,0.0,1.0,0.0,1.0,1.0,1.7374441891451146e7,0.0,NaN,NaN,0.0,0.0
713.0,713.0,Inf,0.0,0.0,1.0,0.0,1.0,1.0,1.7374441891542904e7,0.0,NaN,NaN,0.0,0.0
714.0,714.0,Inf,0.0,0.0,1.0,0.0,1.0,1.0,1.737444189145307e7,0.0,NaN,NaN,0.0,0.0
715.0,715.0,Inf,0.0,0.0,1.0,0.0,1.0,1.0,1.7374441891569912e7,0.0,NaN,NaN,0.0,0.0
716.0,716.0,Inf,0.0,0.0,1.0,0.0,1.0,1.0,1.737444189157401e7,0.0,NaN,NaN,0.0,0.0
717.0,717.0,Inf,0.0,0.0,1.0,0.0,1.0,1.0,1.7374441891474895e7,0.0,NaN,NaN,0.0,0.0
718.0,718.0,Inf,0.0,0.0,1.0,0.0,1.0,1.0,1.7374441891527787e7,0.0,NaN,NaN,0.0,0.0
719.0,719.0,Inf,0.0,0.0,1.0,0.0,1.0,1.0,1.737444189148228e7,0.0,NaN,NaN,0.0,0.0
720.0,720.0,Inf,0.0,0.0,1.0,0.0,1.0,1.0,1.737444189152767e7,0.0,NaN,NaN,0.0,0.0
721.0,721.0,Inf,0.0,0.0,1.0,0.0,1.0,1.0,1.7374441891497094e7,0.0,NaN,NaN,0.0,0.0
722.0,722.0,Inf,0.0,0.0,1.0,0.0,1.0,1.0,1.737444189152768e7,0.0,NaN,NaN,0.0,0.0
723.0,723.0,Inf,0.0,0.0,1.0,0.0,1.0,1.0,1.7374441891511906e7,0.0,NaN,NaN,0.0,0.0
724.0,724.0,Inf,0.0,0.0,1.0,0.0,1.0,1.0,1.737444189151921e7,0.0,NaN,NaN,0.0,0.0
725.0,725.0,Inf,0.0,0.0,1.0,0.0,1.0,1.0,1.7374441891526535e7,0.0,NaN,NaN,0.0,0.0
726.0,726.0,Inf,0.0,0.0,1.0,0.0,1.0,1.0,1.737444189146153e7,0.0,NaN,NaN,0.0,0.0
727.0,727.0,Inf,0.0,0.0,1.0,0.0,1.0,1.0,1.7374441891556166e7,0.0,NaN,NaN,0.0,0.0
728.0,728.0,Inf,0.0,0.0,1.0,0.0,1.0,1.0,1.7374441891515847e7,0.0,NaN,NaN,0.0,0.0
729.0,729.0,Inf,0.0,0.0,1.0,0.0,1.0,1.0,1.737444189156373e7,0.0,NaN,NaN,0.0,0.0
730.0,730.0,Inf,0.0,0.0,1.0,0.0,1.0,1.0,1.737444189157128e7,0.0,NaN,NaN,0.0,0.0
731.0,731.0,Inf,0.0,0.0,1.0,0.0,1.0,1.0,1.737444189152959e7,0.0,NaN,NaN,0.0,0.0
732.0,732.0,Inf,0.0,0.0,1.0,0.0,1.0,1.0,1.7374441891505472e7,0.0,NaN,NaN,0.0,0.0
733.0,733.0,Inf,0.0,0.0,1.0,0.0,1.0,1.0,1.7374441891525928e7,0.0,NaN,NaN,0.0,0.0
734.0,734.0,Inf,0.0,0.0,1.0,0.0,1.0,1.0,1.7374441891520187e7,0.0,NaN,NaN,0.0,0.0
735.0,735.0,Inf,0.0,0.0,1.0,0.0,1.0,1.0,1.737444189150274e7,0.0,NaN,NaN,0.0,0.0
736.0,736.0,Inf,0.0,0.0,1.0,0.0,1.0,1.0,1.737444189150139e7,0.0,NaN,NaN,0.0,0.0
737.0,737.0,Inf,0.0,0.0,1.0,0.0,1.0,1.0,1.7374441891519982e7,0.0,NaN,NaN,0.0,0.0
738.0,738.0,Inf,0.0,0.0,1.0,0.0,1.0,1.0,1.737444189150004e7,0.0,NaN,NaN,0.0,0.0
739.0,739.0,Inf,0.0,0.0,1.0,0.0,1.0,1.0,1.7374441891519964e7,0.0,NaN,NaN,0.0,0.0
740.0,740.0,Inf,0.0,0.0,1.0,0.0,1.0,1.0,1.7374441891497333e7,0.0,NaN,NaN,0.0,0.0
741.0,741.0,Inf,0.0,0.0,1.0,0.0,1.0,1.0,1.737444189147182e7,0.0,NaN,NaN,0.0,0.0
742.0,742.0,Inf,0.0,0.0,1.0,0.0,1.0,1.0,1.737444189149042e7,0.0,NaN,NaN,0.0,0.0
743.0,743.0,Inf,0.0,0.0,1.0,0.0,1.0,1.0,1.7374441891489066e7,0.0,NaN,NaN,0.0,0.0
744.0,744.0,Inf,0.0,0.0,1.0,0.0,1.0,1.0,1.737444189152e7,0.0,NaN,NaN,0.0,0.0
745.0,745.0,Inf,0.0,0.0,1.0,0.0,1.0,1.0,1.7374441891487855e7,0.0,NaN,NaN,0.0,0.0
746.0,746.0,Inf,0.0,0.0,1.0,0.0,1.0,1.0,1.737444189156674e7,0.0,NaN,NaN,0.0,0.0
747.0,747.0,Inf,0.0,0.0,1.0,0.0,1.0,1.0,1.737444189148663e7,0.0,NaN,NaN,0.0,0.0
748.0,748.0,Inf,0.0,0.0,1.0,0.0,1.0,1.0,1.737444189151257e7,0.0,NaN,NaN,0.0,0.0
749.0,749.0,Inf,0.0,0.0,1.0,0.0,1.0,1.0,1.7374441891512338e7,0.0,NaN,NaN,0.0,0.0
750.0,750.0,Inf,0.0,0.0,1.0,0.0,1.0,1.0,1.7374441891512305e7,0.0,NaN,NaN,0.0,0.0
751.0,751.0,Inf,0.0,0.0,1.0,0.0,1.0,1.0,1.7374441891502965e7,0.0,NaN,NaN,0.0,0.0
752.0,752.0,Inf,0.0,0.0,1.0,0.0,1.0,1.0,1.737444189149285e7,0.0,NaN,NaN,0.0,0.0
753.0,753.0,Inf,0.0,0.0,1.0,0.0,1.0,1.0,1.737444189151177e7,0.0,NaN,NaN,0.0,0.0
754.0,754.0,Inf,0.0,0.0,1.0,0.0,1.0,1.0,1.737444189148273e7,0.0,NaN,NaN,0.0,0.0
755.0,755.0,Inf,0.0,0.0,1.0,0.0,1.0,1.0,1.737444189149718e7,0.0,NaN,NaN,0.0,0.0
756.0,756.0,Inf,0.0,0.0,1.0,0.0,1.0,1.0,1.7374441891472574e7,0.0,NaN,NaN,0.0,0.0
757.0,757.0,Inf,0.0,0.0,1.0,0.0,1.0,1.0,1.7374441891482573e7,0.0,NaN,NaN,0.0,0.0
758.0,758.0,Inf,0.0,0.0,1.0,0.0,1.0,1.0,1.737444189148211e7,0.0,NaN,NaN,0.0,0.0
759.0,759.0,Inf,0.0,0.0,1.0,0.0,1.0,1.0,1.7374441891452294e7,0.0,NaN,NaN,0.0,0.0
760.0,760.0,Inf,0.0,0.0,1.0,0.0,1.0,1.0,1.737444189144219e7,0.0,NaN,NaN,0.0,0.0
761.0,761.0,Inf,0.0,0.0,1.0,0.0,1.0,1.0,1.7374441891482003e7,0.0,NaN,NaN,0.0,0.0
762.0,762.0,Inf,0.0,0.0,1.0,0.0,1.0,1.0,1.7374441891524173e7,0.0,NaN,NaN,0.0,0.0
763.0,763.0,Inf,0.0,0.0,1.0,0.0,1.0,1.0,1.7374441891401976e7,0.0,NaN,NaN,0.0,0.0
764.0,764.0,Inf,0.0,0.0,1.0,0.0,1.0,1.0,1.7374441891516723e7,0.0,NaN,NaN,0.0,0.0
765.0,765.0,Inf,0.0,0.0,1.0,0.0,1.0,1.0,1.7374441891544677e7,0.0,NaN,NaN,0.0,0.0
766.0,766.0,Inf,0.0,0.0,1.0,0.0,1.0,1.0,1.7374441891504902e7,0.0,NaN,NaN,0.0,0.0
767.0,767.0,Inf,0.0,0.0,1.0,0.0,1.0,1.0,1.7374441891504645e7,0.0,NaN,NaN,0.0,0.0
768.0,768.0,Inf,0.0,0.0,1.0,0.0,1.0,1.0,1.737444189151343e7,0.0,NaN,NaN,0.0,0.0
769.0,769.0,Inf,0.0,0.0,1.0,0.0,1.0,1.0,1.7374441891504627e7,0.0,NaN,NaN,0.0,0.0
770.0,770.0,Inf,0.0,0.0,1.0,0.0,1.0,1.0,1.7374441891503032e7,0.0,NaN,NaN,0.0,0.0
771.0,771.0,Inf,0.0,0.0,1.0,0.0,1.0,1.0,1.7374441891504575e7,0.0,NaN,NaN,0.0,0.0
772.0,772.0,Inf,0.0,0.0,1.0,0.0,1.0,1.0,1.7374441891504366e7,0.0,NaN,NaN,0.0,0.0
773.0,773.0,Inf,0.0,0.0,1.0,0.0,1.0,1.0,1.7374441891498536e7,0.0,NaN,NaN,0.0,0.0
774.0,774.0,Inf,0.0,0.0,1.0,0.0,1.0,1.0,1.7374441891492672e7,0.0,NaN,NaN,0.0,0.0
775.0,775.0,Inf,0.0,0.0,1.0,0.0,1.0,1.0,1.7374441891440626e7,0.0,NaN,NaN,0.0,0.0
776.0,776.0,Inf,0.0,0.0,1.0,0.0,1.0,1.0,1.73744418914924e7,0.0,NaN,NaN,0.0,0.0
777.0,777.0,Inf,0.0,0.0,1.0,0.0,1.0,1.0,1.7374441891430236e7,0.0,NaN,NaN,0.0,0.0
778.0,778.0,Inf,0.0,0.0,1.0,0.0,1.0,1.0,1.7374441891409554e7,0.0,NaN,NaN,0.0,0.0
779.0,779.0,Inf,0.0,0.0,1.0,0.0,1.0,1.0,1.737444189154464e7,0.0,NaN,NaN,0.0,0.0
780.0,780.0,Inf,0.0,0.0,1.0,0.0,1.0,1.0,1.7374441891497236e7,0.0,NaN,NaN,0.0,0.0
781.0,781.0,Inf,0.0,0.0,1.0,0.0,1.0,1.0,1.737444189152383e7,0.0,NaN,NaN,0.0,0.0
782.0,782.0,Inf,0.0,0.0,1.0,0.0,1.0,1.0,1.737444189149695e7,0.0,NaN,NaN,0.0,0.0
783.0,783.0,Inf,0.0,0.0,1.0,0.0,1.0,1.0,1.73744418914969e7,0.0,NaN,NaN,0.0,0.0
784.0,784.0,Inf,0.0,0.0,1.0,0.0,1.0,1.0,1.7374441891492624e7,0.0,NaN,NaN,0.0,0.0
785.0,785.0,Inf,0.0,0.0,1.0,0.0,1.0,1.0,1.7374441891496953e7,0.0,NaN,NaN,0.0,0.0
786.0,786.0,Inf,0.0,0.0,1.0,0.0,1.0,1.0,1.7374441891482227e7,0.0,NaN,NaN,0.0,0.0
787.0,787.0,Inf,0.0,0.0,1.0,0.0,1.0,1.0,1.737444189149989e7,0.0,NaN,NaN,0.0,0.0
788.0,788.0,Inf,0.0,0.0,1.0,0.0,1.0,1.0,1.7374441891471848e7,0.0,NaN,NaN,0.0,0.0
789.0,789.0,Inf,0.0,0.0,1.0,0.0,1.0,1.0,1.737444189150279e7,0.0,NaN,NaN,0.0,0.0
790.0,790.0,Inf,0.0,0.0,1.0,0.0,1.0,1.0,1.7374441891502887e7,0.0,NaN,NaN,0.0,0.0
791.0,791.0,Inf,0.0,0.0,1.0,0.0,1.0,1.0,1.737444189145108e7,0.0,NaN,NaN,0.0,0.0
792.0,792.0,Inf,0.0,0.0,1.0,0.0,1.0,1.0,1.7374441891502872e7,0.0,NaN,NaN,0.0,0.0
793.0,793.0,Inf,0.0,0.0,1.0,0.0,1.0,1.0,1.737444189144066e7,0.0,NaN,NaN,0.0,0.0
794.0,794.0,Inf,0.0,0.0,1.0,0.0,1.0,1.0,1.7374441891503718e7,0.0,NaN,NaN,0.0,0.0
795.0,795.0,Inf,0.0,0.0,1.0,0.0,1.0,1.0,1.7374441891532894e7,0.0,NaN,NaN,0.0,0.0
796.0,796.0,Inf,0.0,0.0,1.0,0.0,1.0,1.0,1.7374441891409565e7,0.0,NaN,NaN,0.0,0.0
797.0,797.0,Inf,0.0,0.0,1.0,0.0,1.0,1.0,1.737444189150374e7,0.0,NaN,NaN,0.0,0.0
798.0,798.0,Inf,0.0,0.0,1.0,0.0,1.0,1.0,1.7374441891544633e7,0.0,NaN,NaN,0.0,0.0
799.0,799.0,Inf,0.0,0.0,1.0,0.0,1.0,1.0,1.737444189149822e7,0.0,NaN,NaN,0.0,0.0
800.0,800.0,Inf,0.0,0.0,1.0,0.0,1.0,1.0,1.7374441891489573e7,0.0,NaN,NaN,0.0,0.0
801.0,801.0,Inf,0.0,0.0,1.0,0.0,1.0,1.0,1.73744418915238e7,0.0,NaN,NaN,0.0,0.0
802.0,802.0,Inf,0.0,0.0,1.0,0.0,1.0,1.0,1.7374441891489267e7,0.0,NaN,NaN,0.0,0.0
803.0,803.0,Inf,0.0,0.0,1.0,0.0,1.0,1.0,1.7374441891489256e7,0.0,NaN,NaN,0.0,0.0
804.0,804.0,Inf,0.0,0.0,1.0,0.0,1.0,1.0,1.73744418914892e7,0.0,NaN,NaN,0.0,0.0
805.0,805.0,Inf,0.0,0.0,1.0,0.0,1.0,1.0,1.7374441891501244e7,0.0,NaN,NaN,0.0,0.0
806.0,806.0,Inf,0.0,0.0,1.0,0.0,1.0,1.0,1.7374441891471833e7,0.0,NaN,NaN,0.0,0.0
807.0,807.0,Inf,0.0,0.0,1.0,0.0,1.0,1.0,1.7374441891512908e7,0.0,NaN,NaN,0.0,0.0
808.0,808.0,Inf,0.0,0.0,1.0,0.0,1.0,1.0,1.7374441891513277e7,0.0,NaN,NaN,0.0,0.0
809.0,809.0,Inf,0.0,0.0,1.0,0.0,1.0,1.0,1.7374441891451072e7,0.0,NaN,NaN,0.0,0.0
810.0,810.0,Inf,0.0,0.0,1.0,0.0,1.0,1.0,1.737444189144066e7,0.0,NaN,NaN,0.0,0.0
811.0,811.0,Inf,0.0,0.0,1.0,0.0,1.0,1.0,1.737444189151322e7,0.0,NaN,NaN,0.0,0.0
812.0,812.0,Inf,0.0,0.0,1.0,0.0,1.0,1.0,1.7374441891537253e7,0.0,NaN,NaN,0.0,0.0
813.0,813.0,Inf,0.0,0.0,1.0,0.0,1.0,1.0,1.7374441891409554e7,0.0,NaN,NaN,0.0,0.0
814.0,814.0,Inf,0.0,0.0,1.0,0.0,1.0,1.0,1.7374441891399227e7,0.0,NaN,NaN,0.0,0.0
815.0,815.0,Inf,0.0,0.0,1.0,0.0,1.0,1.0,1.737444189149127e7,0.0,NaN,NaN,0.0,0.0
816.0,816.0,Inf,0.0,0.0,1.0,0.0,1.0,1.0,1.7374441891524304e7,0.0,NaN,NaN,0.0,0.0
817.0,817.0,Inf,0.0,0.0,1.0,0.0,1.0,1.0,1.737444189148158e7,0.0,NaN,NaN,0.0,0.0
818.0,818.0,Inf,0.0,0.0,1.0,0.0,1.0,1.0,1.7374441891514093e7,0.0,NaN,NaN,0.0,0.0
819.0,819.0,Inf,0.0,0.0,1.0,0.0,1.0,1.0,1.7374441891503897e7,0.0,NaN,NaN,0.0,0.0
820.0,820.0,Inf,0.0,0.0,1.0,0.0,1.0,1.0,1.7374441891481515e7,0.0,NaN,NaN,0.0,0.0
821.0,821.0,Inf,0.0,0.0,1.0,0.0,1.0,1.0,1.737444189149368e7,0.0,NaN,NaN,0.0,0.0
822.0,822.0,Inf,0.0,0.0,1.0,0.0,1.0,1.0,1.7374441891482137e7,0.0,NaN,NaN,0.0,0.0
823.0,823.0,Inf,0.0,0.0,1.0,0.0,1.0,1.0,1.7374441891523037e7,0.0,NaN,NaN,0.0,0.0
824.0,824.0,Inf,0.0,0.0,1.0,0.0,1.0,1.0,1.7374441891463153e7,0.0,NaN,NaN,0.0,0.0
825.0,825.0,Inf,0.0,0.0,1.0,0.0,1.0,1.0,1.7374441891523674e7,0.0,NaN,NaN,0.0,0.0
826.0,826.0,Inf,0.0,0.0,1.0,0.0,1.0,1.0,1.737444189145296e7,0.0,NaN,NaN,0.0,0.0
827.0,827.0,Inf,0.0,0.0,1.0,0.0,1.0,1.0,1.7374441891442757e7,0.0,NaN,NaN,0.0,0.0
828.0,828.0,Inf,0.0,0.0,1.0,0.0,1.0,1.0,1.7374441891523633e7,0.0,NaN,NaN,0.0,0.0
829.0,829.0,Inf,0.0,0.0,1.0,0.0,1.0,1.0,1.7374441891541623e7,0.0,NaN,NaN,0.0,0.0
830.0,830.0,Inf,0.0,0.0,1.0,0.0,1.0,1.0,1.737444189140199e7,0.0,NaN,NaN,0.0,0.0
831.0,831.0,Inf,0.0,0.0,1.0,0.0,1.0,1.0,1.7374441891490772e7,0.0,NaN,NaN,0.0,0.0
832.0,832.0,Inf,0.0,0.0,1.0,0.0,1.0,1.0,1.737444189148436e7,0.0,NaN,NaN,0.0,0.0
833.0,833.0,Inf,0.0,0.0,1.0,0.0,1.0,1.0,1.7374441891546212e7,0.0,NaN,NaN,0.0,0.0
834.0,834.0,Inf,0.0,0.0,1.0,0.0,1.0,1.0,1.7374441891541805e7,0.0,NaN,NaN,0.0,0.0
835.0,835.0,Inf,0.0,0.0,1.0,0.0,1.0,1.0,1.737444189147396e7,0.0,NaN,NaN,0.0,0.0
836.0,836.0,Inf,0.0,0.0,1.0,0.0,1.0,1.0,1.7374441891473923e7,0.0,NaN,NaN,0.0,0.0
837.0,837.0,Inf,0.0,0.0,1.0,0.0,1.0,1.0,1.7374441891474858e7,0.0,NaN,NaN,0.0,0.0
838.0,838.0,Inf,0.0,0.0,1.0,0.0,1.0,1.0,1.737444189152432e7,0.0,NaN,NaN,0.0,0.0
839.0,839.0,Inf,0.0,0.0,1.0,0.0,1.0,1.0,1.7374441891504094e7,0.0,NaN,NaN,0.0,0.0
840.0,840.0,Inf,0.0,0.0,1.0,0.0,1.0,1.0,1.7374441891533308e7,0.0,NaN,NaN,0.0,0.0
841.0,841.0,Inf,0.0,0.0,1.0,0.0,1.0,1.0,1.737444189153423e7,0.0,NaN,NaN,0.0,0.0
842.0,842.0,Inf,0.0,0.0,1.0,0.0,1.0,1.0,1.737444189151142e7,0.0,NaN,NaN,0.0,0.0
843.0,843.0,Inf,0.0,0.0,1.0,0.0,1.0,1.0,1.7374441891534574e7,0.0,NaN,NaN,0.0,0.0
844.0,844.0,Inf,0.0,0.0,1.0,0.0,1.0,1.0,1.737444189149827e7,0.0,NaN,NaN,0.0,0.0
845.0,845.0,Inf,0.0,0.0,1.0,0.0,1.0,1.0,1.7374441891493935e7,0.0,NaN,NaN,0.0,0.0
846.0,846.0,Inf,0.0,0.0,1.0,0.0,1.0,1.0,1.7374441891557913e7,0.0,NaN,NaN,0.0,0.0
847.0,847.0,Inf,0.0,0.0,1.0,0.0,1.0,1.0,1.7374441891489614e7,0.0,NaN,NaN,0.0,0.0
848.0,848.0,Inf,0.0,0.0,1.0,0.0,1.0,1.0,1.737444189155643e7,0.0,NaN,NaN,0.0,0.0
849.0,849.0,Inf,0.0,0.0,1.0,0.0,1.0,1.0,1.737444189155788e7,0.0,NaN,NaN,0.0,0.0
850.0,850.0,Inf,0.0,0.0,1.0,0.0,1.0,1.0,1.7374441891466685e7,0.0,NaN,NaN,0.0,0.0
851.0,851.0,Inf,0.0,0.0,1.0,0.0,1.0,1.0,1.737444189146634e7,0.0,NaN,NaN,0.0,0.0
852.0,852.0,Inf,0.0,0.0,1.0,0.0,1.0,1.0,1.7374441891560785e7,0.0,NaN,NaN,0.0,0.0
853.0,853.0,Inf,0.0,0.0,1.0,0.0,1.0,1.0,1.737444189146757e7,0.0,NaN,NaN,0.0,0.0
854.0,854.0,Inf,0.0,0.0,1.0,0.0,1.0,1.0,1.737444189150558e7,0.0,NaN,NaN,0.0,0.0
855.0,855.0,Inf,0.0,0.0,1.0,0.0,1.0,1.0,1.737444189154481e7,0.0,NaN,NaN,0.0,0.0
856.0,856.0,Inf,0.0,0.0,1.0,0.0,1.0,1.0,1.737444189156982e7,0.0,NaN,NaN,0.0,0.0
857.0,857.0,Inf,0.0,0.0,1.0,0.0,1.0,1.0,1.737444189154483e7,0.0,NaN,NaN,0.0,0.0
858.0,858.0,Inf,0.0,0.0,1.0,0.0,1.0,1.0,1.7374441891544834e7,0.0,NaN,NaN,0.0,0.0
859.0,859.0,Inf,0.0,0.0,1.0,0.0,1.0,1.0,1.7374441891550858e7,0.0,NaN,NaN,0.0,0.0
860.0,860.0,Inf,0.0,0.0,1.0,0.0,1.0,1.0,1.7374441891556703e7,0.0,NaN,NaN,0.0,0.0
861.0,861.0,Inf,0.0,0.0,1.0,0.0,1.0,5.222149175496461,3.6975273010810353e18,7.77938515333121e-17,NaN,NaN,1.489690334744533e-17,0.0
862.0,862.0,Inf,0.0,0.0,1.0,0.0,1.0,6.27895107587079,2.9043302024844954e18,1.7836035206170705e-16,NaN,NaN,2.8406074502972825e-17,0.0
863.0,863.0,Inf,0.0,0.0,1.0,0.0,1.0,6.622431222071382,2.4166368376956017e18,1.2947528759334142e-16,NaN,NaN,1.9551020350626424e-17,0.0
864.0,864.0,Inf,0.0,0.0,1.0,0.0,1.0,7.6930961816441075,2.607582794833279e18,2.4786993780374447e-16,NaN,NaN,3.221978926965289e-17,0.0
865.0,865.0,Inf,0.0,0.0,1.0,0.0,1.0,6.238017414752273,1.9092764943152325e18,1.749155056831885e-16,NaN,NaN,2.8040240039973476e-17,0.0
866.0,866.0,Inf,0.0,0.0,1.0,0.0,1.0,6.869834415729142,1.9901881043739515e18,2.3654658864723375e-16,NaN,NaN,3.4432647765954554e-17,0.0
867.0,867.0,Inf,0.0,0.0,1.0,0.0,1.0,9.919261878467825,2.87614361586335e18,3.5603520160022184e-16,NaN,NaN,3.5893316051377067e-17,0.0
