mode_rank,matched_m,matched_n,w_h_FEM,w_h_exact,log10_Error_w_h,log10_Error_L2_w,log10_Error_L2_phi
1,1,1,19.4150,19.7390,-1.784829,-2.418821,-1.890604
2,2,1,48.6703,49.3476,-1.862505,-0.150494,-0.150414
3,2,1,48.8334,49.3476,-1.982158,-0.150430,-0.150373
4,2,2,77.1892,78.9557,-1.650280,-1.553969,-1.412350
5,1,3,97.8736,98.6942,-2.080147,-0.131427,-0.131107
6,1,3,97.9282,98.6942,-2.110056,-0.151076,-0.150969
7,2,3,124.7331,128.3018,-1.555726,-0.150103,-0.149707
8,2,3,126.0041,128.3018,-1.746929,-0.150019,-0.149805
9,1,4,166.6803,167.7781,-2.184219,-0.150328,-0.150241
10,1,4,166.8174,167.7781,-2.242154,-0.150091,-0.149974
11,4,1,171.9004,167.7781,-1.609596,0.049897,0.050816
12,4,2,192.9982,197.3849,-1.653174,-0.145696,-0.144968
13,4,2,193.3830,197.3849,-1.693051,-0.146565,-0.145862
14,4,3,235.3343,246.7289,-1.335521,-0.149571,-0.149185
15,4,3,240.0790,246.7289,-1.569409,-0.149141,-0.149128
16,5,1,255.1860,256.5976,-2.259545,-0.149218,-0.149342
17,5,1,255.2394,256.5976,-2.276297,-0.149566,-0.149401
18,2,5,280.1548,286.2034,-1.675016,-0.148378,-0.147855
19,2,5,280.8248,286.2034,-1.726004,-0.148638,-0.148125
20,5,2,299.7122,286.2034,-1.326059,0.038218,0.038967
21,4,4,315.0180,315.8089,-2.601263,0.000168,0.000088
22,4,4,315.0751,315.8089,-2.633816,0.000112,0.000011
23,4,4,322.2748,315.8089,-1.688798,0.008672,0.008688
24,4,4,324.1238,315.8089,-1.579569,0.019008,0.018109
25,6,1,362.7866,365.1508,-2.188805,-0.141866,-0.141498
26,6,1,362.9219,365.1508,-2.214390,-0.148669,-0.148584
27,1,6,371.9862,365.1508,-1.727705,0.012325,0.001908
28,1,6,372.0415,365.1508,-1.724204,0.013089,0.001601
29,1,6,375.9921,365.1508,-1.527388,0.009492,0.009467
30,2,6,386.4188,394.7554,-1.675340,-0.146886,-0.147806
31,2,6,386.7236,394.7554,-1.691517,-0.145066,-0.144901
32,2,6,387.6091,394.7554,-1.742246,0.072074,0.069785
33,5,4,401.9493,404.6236,-2.179844,0.014337,0.003193
34,5,4,402.2159,404.6236,-2.225454,0.001173,0.000156
35,6,3,424.9078,444.0958,-1.364446,-0.134821,-0.134660
36,6,3,427.3852,444.0958,-1.424483,-0.126135,-0.125055
37,6,3,438.0598,444.0958,-1.866727,0.010445,0.001496
38,6,3,438.6271,444.0958,-1.909593,0.000000,0.000000
39,3,6,451.3018,444.0958,-1.789780,0.011355,0.010254
40,3,6,464.6878,444.0958,-1.333779,-0.000000,-0.000000
41,3,6,465.0635,444.0958,-1.325927,0.006238,0.001194
42,7,1,480.1201,493.4353,-1.568884,0.061053,0.057138
43,7,1,486.6290,493.4353,-1.860323,-0.027372,-0.028669
44,7,1,488.8532,493.4353,-2.032163,-0.060958,-0.062316
45,7,1,490.5279,493.4353,-2.229726,-0.000000,-0.000000
46,7,1,490.7529,493.4353,-2.264712,-0.090412,-0.090460
47,7,1,493.3310,493.4353,-3.675063,0.035088,0.028136
48,6,4,510.9137,513.1708,-2.356707,0.000000,0.000000
49,6,4,512.1947,513.1708,-2.720758,0.001767,0.001688
50,4,6,513.5119,513.1708,-3.177436,0.004242,0.001275
51,4,6,515.3235,513.1708,-2.377285,0.002637,0.001165
52,7,2,532.9896,523.0386,-1.720663,-0.000000,-0.000000
53,7,2,533.5949,523.0386,-1.695019,0.013631,0.003278
54,7,2,539.9862,523.0386,-1.489423,0.017285,0.016125
55,7,2,545.1955,523.0386,-1.373024,0.010522,0.006576
56,7,2,546.7253,523.0386,-1.344028,0.028201,0.023712
57,7,2,546.9371,523.0386,-1.340162,-0.000000,-0.000000
58,7,3,554.0417,572.3766,-1.494403,-0.043122,-0.050208
59,7,3,559.8941,572.3766,-1.661379,-0.012409,-0.015230
60,7,3,560.9435,572.3766,-1.699517,0.012867,0.003011
61,7,3,563.3351,572.3766,-1.801443,-0.000000,-0.000000
62,7,3,564.7549,572.3766,-1.875628,-0.000000,-0.000000
63,3,7,585.5119,572.3766,-1.639242,0.002224,-0.000437
64,3,7,586.2570,572.3766,-1.615280,0.003931,0.001116
65,5,6,599.7506,601.9790,-2.431591,0.054293,0.051491
66,5,6,606.9934,601.9790,-2.079366,-0.006134,-0.006304
67,5,6,609.5473,601.9790,-1.900585,-0.000000,0.000000
68,5,6,610.1968,601.9790,-1.864828,0.007988,0.002147
69,8,1,624.7522,641.4484,-1.584545,0.002539,0.002176
70,8,1,633.8042,641.4484,-1.923829,-0.111883,-0.113115
71,8,1,634.7192,641.4484,-1.979199,-0.140031,-0.140413
72,4,7,643.8205,641.4484,-2.432013,0.000165,0.000054
73,4,7,645.1658,641.4484,-2.236917,0.005328,0.003035
74,4,7,653.8565,641.4484,-1.713453,0.000578,0.000507
75,4,7,653.8590,641.4484,-1.713367,0.031558,0.030865
76,8,2,661.3864,671.0500,-1.841617,-0.006291,-0.006253
77,2,8,678.5453,671.0500,-1.951965,0.041548,0.040298
78,2,8,684.7883,671.0500,-1.688821,0.059048,0.056553
79,2,8,686.9446,671.0500,-1.625505,0.029973,0.029309
80,6,6,707.4262,710.5184,-2.361310,0.012606,0.003145
81,6,6,707.6071,710.5184,-2.387488,0.014936,0.003699
82,6,6,711.6913,710.5184,-2.782316,0.049333,0.043068
83,3,8,720.1574,720.3854,-3.499620,0.003071,-0.001079
84,8,3,721.7227,720.3854,-2.731308,0.005369,0.001572
85,5,7,729.8173,730.2523,-3.224942,0.017353,0.013253
86,7,5,734.7591,730.2523,-2.209603,-0.013631,-0.014954
87,7,5,746.9945,730.2523,-1.639662,0.000289,0.000089
88,7,5,748.9944,730.2523,-1.590656,0.035941,0.032240
89,7,5,751.2365,730.2523,-1.541581,-0.000000,-0.000000
90,8,4,782.9950,789.4533,-2.087207,0.004726,0.003979
91,4,8,790.9238,789.4533,-2.729872,0.059867,0.051880
92,4,8,792.4325,789.4533,-2.423240,0.000116,0.000076
93,4,8,793.3350,789.4533,-2.308310,0.000869,0.000812
94,4,8,798.1952,789.4533,-1.955722,0.021329,0.017431
95,1,9,806.2268,809.1867,-2.436768,0.002985,0.002430
96,9,1,814.9712,809.1867,-2.145782,0.001522,-0.000566
97,9,1,815.1585,809.1867,-2.131948,0.036236,0.033640
98,9,1,817.8723,809.1867,-1.969251,0.004828,0.003993
99,9,1,819.4493,809.1867,-1.896791,0.003031,0.001489
100,2,9,826.3324,838.7865,-1.828338,0.021535,0.019075
101,2,9,837.2060,838.7865,-2.724836,0.030124,0.027861
102,2,9,838.1270,838.7865,-3.104375,0.020197,0.015948
103,6,7,851.4046,838.7865,-1.822659,0.005182,0.004181
104,6,7,857.2757,838.7865,-1.656734,0.003141,0.001361
105,6,7,857.5121,838.7865,-1.651217,-0.000000,-0.000000
106,5,8,864.4653,878.2525,-1.804143,0.002517,0.001052
107,5,8,865.7919,878.2525,-1.848082,0.000804,0.000741
108,5,8,870.4712,878.2525,-2.052572,0.015831,0.006468
109,5,8,877.4218,878.2525,-3.024175,0.012623,0.010206
110,8,5,881.6111,878.2525,-2.417458,0.001724,-0.002548
111,3,9,883.1943,888.1188,-2.256108,0.002229,0.001864
112,9,3,900.6537,888.1188,-1.850352,0.000000,0.000000
113,9,3,906.3421,888.1188,-1.687845,0.008176,0.001668
114,9,3,909.9561,888.1188,-1.609273,0.003392,0.001559
115,9,3,919.0256,888.1188,-1.458417,0.023581,0.017482
116,9,4,929.2267,957.1826,-1.534522,0.009320,0.007051
117,9,4,936.8639,957.1826,-1.673100,0.018594,0.009914
118,9,4,938.1464,957.1826,-1.701415,0.008011,0.005894
119,9,4,944.1850,957.1826,-1.867132,0.006813,0.003403
120,9,4,944.9992,957.1826,-1.895227,0.000547,-0.001655
121,9,4,951.7459,957.1826,-2.245664,0.004386,0.002117
122,4,9,960.4106,957.1826,-2.472053,0.016981,0.007590
123,7,7,962.5614,967.0487,-2.333468,-0.000958,-0.003877
124,7,7,964.8549,967.0487,-2.644268,0.000000,0.000000
125,7,7,965.1678,967.0487,-2.711083,0.000000,0.000000
126,7,7,966.3342,967.0487,-3.131455,0.000000,0.000000
127,7,7,976.5993,967.0487,-2.005416,0.000000,0.000000
128,7,7,976.6498,967.0487,-2.003127,0.021218,0.012921
129,6,8,979.6398,986.7808,-2.140463,0.000000,0.000000
130,6,8,986.8876,986.7808,-3.965335,0.000496,0.000284
131,6,8,988.2434,986.7808,-2.829096,0.020927,0.015211
132,6,8,988.8829,986.7808,-2.671554,-0.004864,-0.006736
133,6,8,988.9909,986.7808,-2.649795,-0.000000,-0.000000
134,6,8,991.3021,986.7808,-2.338953,0.013959,0.008148
135,1,10,992.3862,996.6468,-2.369072,0.000070,0.000034
136,10,1,999.5055,996.6468,-2.542370,0.041946,0.028254
137,10,1,1009.6414,996.6468,-1.884775,0.004083,0.002355
138,10,1,1011.0924,996.6468,-1.838805,0.002007,0.001414
139,10,2,1021.8957,1026.2445,-2.372881,0.000573,0.000397
140,2,10,1026.3079,1026.2445,-4.209573,0.001838,0.001698
141,2,10,1027.2796,1026.2445,-2.996294,0.001518,0.000720
142,2,10,1029.4339,1026.2445,-2.507541,0.003459,0.003084
143,2,10,1034.4543,1026.2445,-2.096917,0.018103,0.009171
144,5,9,1036.4212,1045.9762,-2.039292,0.009951,0.001359
145,5,9,1042.5541,1045.9762,-2.485233,-0.000000,-0.000000
146,5,9,1044.7692,1045.9762,-2.937832,0.000000,0.000000
147,9,5,1046.4617,1045.9762,-3.333310,0.000000,0.000000
148,9,5,1046.9190,1045.9762,-3.045082,0.008405,0.006219
149,9,5,1053.6398,1045.9762,-2.135087,0.004088,-0.004926
150,9,5,1054.0287,1045.9762,-2.113593,-0.000093,-0.000840
151,9,5,1060.1451,1045.9762,-1.868184,0.018646,0.013297
152,3,10,1066.7983,1075.5734,-2.088388,0.019170,0.009350
153,3,10,1069.9125,1075.5734,-2.278754,0.000821,0.000526
154,3,10,1074.7618,1075.5734,-3.122305,0.002576,0.002378
155,10,3,1081.8136,1075.5734,-2.236440,0.017557,0.009989
156,10,3,1085.8532,1075.5734,-2.019655,0.003982,0.001553
157,10,3,1089.2277,1075.5734,-1.896370,-0.000000,-0.000000
158,10,3,1095.0364,1075.5734,-1.742430,0.017540,0.010213
159,7,8,1103.8835,1115.0359,-1.999923,0.002607,0.000816
160,7,8,1104.4910,1115.0359,-2.024246,-0.000000,-0.000000
161,7,8,1106.2897,1115.0359,-2.105469,-0.000000,-0.000000
162,7,8,1117.4713,1115.0359,-2.660721,0.000000,0.000000
163,7,8,1119.5873,1115.0359,-2.389142,-0.000000,-0.000000
164,7,8,1123.4037,1115.0359,-2.124675,0.005112,0.002963
165,7,8,1128.3054,1115.0359,-1.924432,0.005025,0.004150
166,10,4,1132.5624,1144.6323,-1.976963,0.000117,0.000071
167,10,4,1136.1817,1144.6323,-2.131779,0.010433,0.005003
168,10,4,1136.9613,1144.6323,-2.173811,0.015830,0.010840
169,4,10,1147.2107,1144.6323,-2.647323,0.024075,0.022378
170,4,10,1148.7846,1144.6323,-2.440378,0.006631,0.006187
171,6,9,1154.5334,1154.4978,-4.510008,0.006116,0.005295
172,6,9,1159.8699,1154.4978,-2.332245,0.028080,0.023387
173,6,9,1168.7119,1154.4978,-1.909674,0.007951,0.006496
174,6,9,1172.2916,1154.4978,-1.812125,0.036733,0.026643
175,1,11,1184.0713,1203.8243,-1.784929,0.009479,0.007003
176,1,11,1185.1993,1203.8243,-1.810466,0.007205,0.004183
177,1,11,1185.6352,1203.8243,-1.820751,0.013201,0.009115
178,1,11,1198.7108,1203.8243,-2.371845,0.003298,0.002088
179,1,11,1199.1318,1203.8243,-2.409156,0.007298,0.004995
180,11,1,1208.1299,1203.8243,-2.446532,0.002033,0.001524
181,11,1,1209.5065,1203.8243,-2.326048,-0.000870,-0.000905
182,11,1,1211.1322,1203.8243,-2.216769,-0.000378,-0.001309
183,11,1,1212.5511,1203.8243,-2.139711,0.003483,0.001962
184,2,11,1223.3511,1233.4198,-2.088135,0.002014,0.001016
185,2,11,1230.9911,1233.4198,-2.705728,0.027398,0.015793
186,11,2,1247.5011,1233.4198,-1.942468,0.004551,0.003394
187,8,8,1270.3434,1263.0150,-2.236400,0.013724,0.005842
188,7,9,1276.0876,1282.7449,-2.284838,-0.000000,0.000000
189,9,7,1283.0114,1282.7449,-3.682457,-0.022845,-0.025634
190,9,7,1287.7731,1282.7449,-2.406729,0.014674,0.010340
191,9,7,1296.9983,1282.7449,-1.954223,0.005388,0.003851
192,9,7,1300.3713,1282.7449,-1.861978,0.000841,-0.000117
193,9,7,1300.9546,1282.7449,-1.847837,0.014639,0.010284
194,6,10,1317.8229,1341.9339,-1.745516,-0.002930,-0.003819
195,6,10,1318.6141,1341.9339,-1.760007,0.001296,0.000984
196,6,10,1321.2120,1341.9339,-1.811302,0.003587,0.003146
197,6,10,1322.8929,1341.9339,-1.848042,0.003168,0.002743
198,6,10,1324.7294,1341.9339,-1.892089,0.005591,0.004311
199,6,10,1325.0255,1341.9339,-1.899630,0.001861,0.001235
200,6,10,1331.7546,1341.9339,-2.120013,0.003054,0.001731
201,6,10,1333.6542,1341.9339,-2.209716,0.001801,0.001582
202,6,10,1335.6657,1341.9339,-2.330586,-0.011060,-0.013436
203,6,10,1343.0321,1341.9339,-3.087063,0.001571,0.000675
204,6,10,1343.6000,1341.9339,-2.906035,-0.013536,-0.017335
205,4,11,1350.9324,1351.7986,-3.193280,-0.001440,-0.001960
206,11,4,1360.0855,1351.7986,-2.212521,0.010327,0.005244
207,11,4,1364.0984,1351.7986,-2.041014,0.015174,0.009868
208,11,4,1378.2944,1351.7986,-1.707735,0.000798,0.000427
209,11,4,1379.8877,1351.7986,-1.682374,0.000707,-0.000381
210,12,1,1393.1530,1430.7149,-1.580806,0.017348,0.012052
211,12,1,1406.4244,1430.7149,-1.770117,0.000235,0.000168
212,12,1,1411.7936,1430.7149,-1.878601,0.000000,0.000000
213,12,1,1413.6627,1430.7149,-1.923771,0.006363,0.004252
214,12,1,1414.1553,1430.7149,-1.936503,0.014836,0.010793
215,9,8,1431.3988,1430.7149,-3.320556,0.008754,0.005850
216,5,11,1442.5146,1440.5793,-2.871784,0.001941,0.001166
217,5,11,1449.7077,1440.5793,-2.198142,0.000436,0.000427
218,12,2,1458.3430,1460.3079,-2.871099,0.001869,0.001287
219,2,12,1460.9013,1460.3079,-3.391149,0.006062,0.004117
220,7,10,1470.4241,1470.1722,-3.766132,0.001383,0.000908
221,7,10,1472.5905,1470.1722,-2.783866,0.000000,0.000000
222,7,10,1476.2422,1470.1722,-2.384178,0.000951,0.000735
223,7,10,1480.3929,1470.1722,-2.157888,0.001571,0.001095
224,7,10,1486.6034,1470.1722,-1.951698,-0.004310,-0.009177
225,12,3,1491.1791,1509.6289,-1.912877,0.003762,0.003133
226,12,3,1494.5976,1509.6289,-2.001873,0.015767,0.010903
227,12,3,1498.1393,1509.6289,-2.118564,0.007281,0.003270
228,3,12,1513.5466,1509.6289,-2.585845,0.002815,0.002363
229,3,12,1523.7841,1509.6289,-2.027956,0.001176,0.000829
230,3,12,1528.4026,1509.6289,-1.905322,0.013855,0.009895
231,6,11,1534.7235,1549.0851,-2.032872,0.000340,0.000249
232,6,11,1535.0632,1549.0851,-2.043268,0.000497,0.000310
233,6,11,1544.8326,1549.0851,-2.561437,-0.009054,-0.010163
234,12,4,1571.8479,1578.6768,-2.363943,-0.000000,0.000000
235,12,4,1578.0311,1578.6768,-3.388274,0.006818,0.004471
236,4,12,1581.5021,1578.6768,-2.747231,0.000000,0.000000
237,4,12,1585.7094,1578.6768,-2.351180,0.000040,-0.002599
238,9,9,1594.0683,1598.4045,-2.566583,0.021270,0.015661
239,9,9,1602.6250,1598.4045,-2.578313,0.000000,0.000000
240,9,9,1603.3294,1598.4045,-2.511288,0.024307,0.017131
241,10,8,1622.4033,1618.1320,-2.578451,0.000333,0.000239
242,10,8,1630.9665,1618.1320,-2.100635,-0.006219,-0.006795
243,10,8,1637.1635,1618.1320,-1.929539,0.000176,0.000131
244,10,8,1639.5014,1618.1320,-1.879220,0.004449,0.004291
245,12,5,1643.0706,1667.4501,-1.835029,0.008151,0.002238
246,12,5,1659.6505,1667.4501,-2.329981,0.000457,0.000287
247,1,13,1676.3556,1677.3136,-3.243250,0.008046,0.005644
248,1,13,1676.6818,1677.3136,-3.424040,0.000264,0.000197
249,13,1,1686.3146,1677.3136,-2.270322,-0.000641,-0.000665
250,13,1,1688.2003,1677.3136,-2.187718,0.002743,0.000305
251,2,13,1694.1129,1706.9039,-2.125304,0.005228,0.004313
252,2,13,1699.7333,1706.9039,-2.376652,0.001875,0.001289
253,13,2,1711.9792,1706.9039,-2.526752,0.002268,0.001845
254,13,2,1712.0829,1706.9039,-2.517963,0.005800,0.003379
255,13,2,1720.5503,1706.9039,-2.097191,0.019082,0.014173
256,13,3,1732.7622,1756.2204,-1.874284,0.013730,0.009873
257,13,3,1733.3829,1756.2204,-1.885929,0.015480,0.012774
258,13,3,1740.3284,1756.2204,-2.043400,0.026786,0.017118
259,13,3,1742.3923,1756.2204,-2.103816,0.011440,0.009792
260,13,3,1751.0347,1756.2204,-2.529771,0.000107,0.000070
261,6,12,1772.2246,1775.9468,-2.678630,0.009785,0.008126
262,6,12,1772.7599,1775.9468,-2.746059,0.015599,0.009574
263,6,12,1773.3701,1775.9468,-2.838370,0.001458,0.000896
264,6,12,1775.8007,1775.9468,-4.084928,-0.003883,-0.005022
265,9,10,1781.8937,1785.8099,-2.658974,0.002623,0.001470
266,10,9,1786.2800,1785.8099,-3.579604,0.027008,0.018717
267,10,9,1795.7715,1785.8099,-2.253504,0.003153,0.002157
268,10,9,1796.5058,1785.8099,-2.222618,0.005668,0.004056
269,13,4,1805.8961,1825.2620,-1.974287,0.018452,0.015634
270,13,4,1818.4551,1825.2620,-2.428372,-0.003772,-0.004040
271,13,4,1819.3487,1825.2620,-2.489497,0.006101,0.003904
272,8,11,1825.3631,1825.2620,-4.256589,0.001477,0.001039
273,8,11,1829.0988,1825.2620,-2.677360,0.000159,0.000108
274,8,11,1840.6691,1825.2620,-2.073604,0.000537,0.000401
275,8,11,1844.7057,1825.2620,-1.972548,-0.000038,-0.000291
276,8,11,1845.0170,1825.2620,-1.965649,0.000215,0.000160
277,7,12,1865.2930,1904.1646,-1.690072,-0.000000,-0.000000
278,7,12,1868.9357,1904.1646,-1.732806,-0.007997,-0.008517
279,7,12,1869.6701,1904.1646,-1.741955,0.002311,0.001475
280,7,12,1870.1548,1904.1646,-1.748101,-0.003180,-0.003559
281,7,12,1904.0431,1904.1646,-4.195424,0.016564,0.013296
282,12,7,1907.1644,1904.1646,-2.802603,0.018006,0.013700
283,5,13,1912.5180,1914.0272,-3.103194,0.006262,0.004468
284,13,5,1916.8014,1914.0272,-2.838820,0.040146,0.035088
285,13,5,1918.2140,1914.0272,-2.660066,0.000100,-0.000160
286,13,5,1923.3671,1914.0272,-2.311605,0.010379,0.007448
287,1,14,1933.9697,1943.6150,-2.304298,0.000000,0.000000
288,1,14,1936.4515,1943.6150,-2.433486,0.000000,0.000000
289,1,14,1942.5643,1943.6150,-3.267160,0.000247,0.000176
290,14,1,1956.5997,1943.6150,-2.175176,0.000323,0.000254
291,10,10,1958.4558,1973.2024,-2.126479,0.027401,0.020701
292,10,10,1959.6593,1973.2024,-2.163455,0.011575,0.008827
293,2,14,1974.0185,1973.2024,-3.383401,0.008179,0.006843
294,2,14,1978.7863,1973.2024,-2.548233,0.000000,-0.000000
295,2,14,1980.0756,1973.2024,-2.458011,0.013389,0.011053
296,2,14,1981.7565,1973.2024,-2.362995,-0.000000,0.000000
297,9,11,1999.3508,1992.9272,-2.491709,0.009883,0.007419
298,9,11,2001.8853,1992.9272,-2.347274,0.006783,0.003764
299,6,13,2029.6341,2022.5141,-2.453407,-0.008413,-0.008796
300,6,13,2036.1685,2022.5141,-2.170617,-0.004162,-0.005015
301,8,12,2051.7324,2052.1006,-3.746073,0.000229,0.000167
302,12,8,2056.0459,2052.1006,-2.716115,-0.013774,-0.017235
303,14,4,2074.3378,2091.5489,-2.084661,0.000000,0.000000
304,14,4,2077.5212,2091.5489,-2.173482,-0.000000,-0.000000
305,4,14,2102.0009,2091.5489,-2.301266,0.007395,0.004768
306,4,14,2104.7173,2091.5489,-2.200933,0.000000,-0.000000
307,4,14,2106.1502,2091.5489,-2.156076,-0.003948,-0.004880
308,4,14,2112.1813,2091.5489,-2.005918,0.003498,0.002751
309,13,7,2124.3788,2150.7202,-1.911945,-0.000000,-0.000000
310,13,7,2124.4795,2150.7202,-1.913609,0.012295,0.009011
311,13,7,2124.9408,2150.7202,-1.921312,0.012347,0.010334
312,13,7,2127.6446,2150.7202,-1.969432,0.004497,0.003272
313,13,7,2138.0773,2150.7202,-2.230737,-0.002776,-0.003254
314,13,7,2139.8190,2150.7202,-2.295110,0.000000,0.000000
315,7,13,2157.3525,2150.7202,-2.510915,0.000000,-0.000000
316,7,13,2163.1943,2150.7202,-2.236575,0.028517,0.025761
317,7,13,2165.2228,2150.7202,-2.171137,0.002768,-0.001332
318,5,14,2189.8336,2180.3053,-2.359503,0.007690,0.005788
319,5,14,2189.9949,2180.3053,-2.352213,-0.000000,-0.000000
320,9,12,2204.0176,2219.7517,-2.149462,0.009517,0.007391
321,15,1,2229.0451,2229.6132,-3.593759,0.005914,0.004416
322,15,2,2250.5196,2259.1975,-2.415538,0.002782,0.002123
323,2,15,2264.2909,2259.1975,-2.646950,0.000185,0.000130
324,2,15,2268.1760,2259.1975,-2.400755,0.015770,0.012166
325,14,6,2278.2787,2288.7815,-2.338300,0.008848,0.008267
326,14,6,2278.4239,2288.7815,-2.344343,0.000000,-0.000000
327,14,6,2287.3578,2288.7815,-3.206168,0.001680,0.000690
328,6,14,2289.6731,2288.7815,-3.409462,0.012913,0.008763
329,8,13,2301.2611,2298.6428,-2.943451,0.014069,0.011624
330,15,3,2305.5462,2308.5040,-2.892355,0.003532,0.002747
331,3,15,2319.5996,2308.5040,-2.318178,0.002078,0.001600
332,3,15,2321.8223,2308.5040,-2.238881,0.015789,0.012139
333,3,15,2339.6412,2308.5040,-1.870052,0.007835,0.006111
334,15,4,2345.9539,2377.5315,-1.876746,0.005236,0.004045
335,15,4,2369.3511,2377.5315,-2.463348,0.001096,0.000853
336,15,4,2370.1983,2377.5315,-2.510828,0.014195,0.010484
337,11,11,2387.9816,2387.3925,-3.607705,0.015911,0.012693
338,10,12,2398.5487,2407.1142,-2.448741,-0.000394,-0.000427
339,14,7,2414.5485,2416.9751,-2.998281,0.007022,0.005441
340,7,14,2419.7894,2416.9751,-2.933898,0.009331,0.007412
341,7,14,2420.1542,2416.9751,-2.880964,0.012384,0.012015
342,7,14,2436.8199,2416.9751,-2.085624,0.013645,0.012817
343,7,14,2439.3727,2416.9751,-2.033070,0.008621,0.006687
344,5,15,2459.8555,2466.2787,-2.584293,0.001225,0.000956
345,9,13,2466.8568,2466.2787,-3.630020,0.003017,-0.000409
346,9,13,2474.9277,2466.2787,-2.455074,0.003724,0.002929
347,9,13,2488.7778,2466.2787,-2.039875,0.002557,0.002011
348,9,13,2500.7202,2466.2787,-1.854959,-0.000000,-0.000000
349,14,8,2521.7787,2564.8831,-1.774546,0.001502,0.001171
350,14,8,2523.3493,2564.8831,-1.790666,0.002851,-0.000417
351,14,8,2533.8185,2564.8831,-1.916801,0.003591,0.001161
352,14,8,2551.4413,2564.8831,-2.280609,0.011418,0.011426
353,14,8,2551.9214,2564.8831,-2.296405,0.001336,0.001045
354,15,6,2572.7884,2574.7434,-3.119581,0.018223,0.015782
355,6,15,2585.3052,2574.7434,-2.386995,0.001862,0.001537
356,6,15,2585.3888,2574.7434,-2.383572,0.009622,0.006562
357,6,15,2593.2358,2574.7434,-2.143741,0.010506,0.007627
358,11,12,2626.1504,2614.1840,-2.339373,0.010360,0.008357
359,11,12,2629.7558,2614.1840,-2.225000,0.000058,0.000047
360,13,10,2635.0387,2653.6241,-2.154666,0.000366,0.000290
361,13,10,2644.9190,2653.6241,-2.484064,0.016049,0.014879
362,10,13,2662.3071,2653.6241,-2.485172,0.011775,0.010670
363,15,7,2681.7380,2702.9234,-2.105797,0.015807,0.012676
364,15,7,2689.5597,2702.9234,-2.305908,0.000000,0.000000
365,15,7,2695.6587,2702.9234,-2.570615,0.004276,0.002673
366,15,7,2698.2498,2702.9234,-2.762180,0.011319,0.008470
367,9,14,2735.4973,2732.5026,-2.960205,0.015049,0.011321
368,9,14,2740.6595,2732.5026,-2.525033,0.001860,0.001530
369,9,14,2746.0017,2732.5026,-2.306253,0.001215,0.000970
370,9,14,2755.1226,2732.5026,-2.082066,-0.000000,-0.000000
371,9,14,2756.3348,2732.5026,-2.059396,-0.001864,-0.002253
372,12,12,2794.6939,2840.9567,-1.788233,0.004315,0.003495
373,12,12,2796.8581,2840.9567,-1.809040,0.013187,0.010611
374,12,12,2799.0770,2840.9567,-1.831462,0.005211,0.005961
375,12,12,2822.6462,2840.9567,-2.190766,-0.000000,0.000000
376,12,12,2836.6252,2840.9567,-2.816829,0.000419,0.000523
377,13,11,2858.7027,2860.6751,-3.161478,0.006139,0.005990
378,13,11,2860.2797,2860.6751,-3.859459,0.000131,-0.000226
379,11,13,2873.2260,2860.6751,-2.357796,0.003893,0.003253
380,11,13,2880.8765,2860.6751,-2.151088,-0.000234,-0.000216
381,11,13,2882.0643,2860.6751,-2.126274,0.002679,0.002250
382,14,10,2906.0092,2919.8296,-2.324835,0.000381,0.000314
383,10,14,2921.8438,2919.8296,-3.161255,0.006182,0.006380
384,10,14,2939.7916,2919.8296,-2.165154,0.004873,0.003950
385,10,14,2942.2116,2919.8296,-2.115460,0.001293,0.001096
386,10,14,2967.5585,2919.8296,-1.786576,0.007785,0.006415
387,9,15,2978.0840,3018.4176,-1.874112,0.002496,0.002383
388,9,15,2987.5991,3018.4176,-1.990968,0.015816,0.012502
389,9,15,2995.2678,3018.4176,-2.115232,0.009364,0.007773
390,9,15,2999.3699,3018.4176,-2.199936,0.001998,0.001321
391,9,15,3004.6456,3018.4176,-2.340781,0.019018,0.014476
392,15,9,3034.0733,3018.4176,-2.285108,0.000907,0.000729
393,15,9,3050.1581,3018.4176,-1.978166,0.003185,0.002706
394,13,12,3057.4542,3087.4271,-2.012868,0.001961,0.001603
395,13,12,3064.5785,3087.4271,-2.130737,-0.000345,-0.000456
396,13,12,3066.7334,3087.4271,-2.173759,0.001440,0.001180
397,12,13,3090.9163,3087.4271,-2.946871,0.003020,0.002555
398,12,13,3093.2742,3087.4271,-2.722659,0.010011,0.007978
399,14,11,3123.1341,3126.8603,-2.923842,-0.000000,-0.000000
400,14,11,3123.4991,3126.8603,-2.968609,0.007382,0.006246
401,15,15,86287.3229,4437.6877,1.265860,0.000000,0.000000
402,15,15,86287.3726,4437.6877,1.265860,0.000000,0.000000
403,15,15,86287.9603,4437.6877,1.265863,0.000000,0.000000
404,15,15,86288.1832,4437.6877,1.265865,0.000000,0.000000
405,15,15,86288.8947,4437.6877,1.265868,0.000000,0.000000
406,15,15,86289.3692,4437.6877,1.265871,0.000000,0.000000
407,15,15,86290.3975,4437.6877,1.265876,0.000000,0.000000
408,15,15,86291.2250,4437.6877,1.265881,0.000000,0.000000
409,15,15,86292.2257,4437.6877,1.265886,0.000000,0.000000
410,15,15,86293.4475,4437.6877,1.265893,0.000000,0.000000
411,15,15,86294.7418,4437.6877,1.265899,0.000000,0.000000
412,15,15,86296.4472,4437.6877,1.265908,0.000000,0.000000
413,15,15,86297.5906,4437.6877,1.265914,0.000000,0.000000
414,15,15,86299.7947,4437.6877,1.265926,-0.000000,0.000000
415,15,15,86301.2843,4437.6877,1.265934,0.000000,0.000000
416,15,15,86304.0831,4437.6877,1.265949,0.000000,0.000000
417,15,15,86305.3004,4437.6877,1.265955,0.000000,0.000000
418,15,15,86308.6948,4437.6877,1.265973,0.000000,0.000000
419,15,15,86310.3645,4437.6877,1.265982,0.000000,0.000000
420,15,15,86314.4685,4437.6877,1.266004,0.000000,0.000000
421,15,15,86315.7315,4437.6877,1.266011,0.000000,0.000000
422,15,15,86320.5392,4437.6877,1.266036,-0.000000,0.000000
423,15,15,86322.4025,4437.6877,1.266046,0.000000,0.000000
424,15,15,86328.0502,4437.6877,1.266076,0.000000,0.000000
425,15,15,86329.3563,4437.6877,1.266083,0.000000,0.000000
426,15,15,86335.8366,4437.6877,1.266117,0.000000,0.000000
427,15,15,86337.9247,4437.6877,1.266128,-0.000000,0.000000
428,15,15,86345.3950,4437.6877,1.266168,-0.000000,0.000000
429,15,15,86346.7658,4437.6877,1.266175,0.000000,0.000000
430,15,15,86355.2229,4437.6877,1.266220,0.000000,0.000000
431,15,15,86357.5819,4437.6877,1.266233,0.000000,0.000000
432,15,15,86367.1973,4437.6877,1.266284,0.000000,0.000000
433,15,15,86368.6855,4437.6877,1.266292,0.000000,0.000000
434,15,15,86379.4677,4437.6877,1.266349,-0.000000,0.000000
435,15,15,86382.1599,4437.6877,1.266363,0.000000,0.000000
436,15,15,86394.2802,4437.6877,1.266427,0.000000,0.000000
437,15,15,86395.9833,4437.6877,1.266436,0.000000,0.000000
438,15,15,86409.4712,4437.6877,1.266508,0.000000,0.000000
439,15,15,86412.5795,4437.6877,1.266524,0.000000,0.000000
440,15,15,86427.5812,4437.6877,1.266604,0.000000,-0.000000
441,15,15,86429.6612,4437.6877,1.266615,0.000000,0.000000
442,15,15,86446.2371,4437.6877,1.266702,0.000000,0.000000
443,15,15,86449.8734,4437.6877,1.266722,0.000000,0.000000
444,15,15,86468.1044,4437.6877,1.266818,0.000000,0.000000
445,15,15,86470.8155,4437.6877,1.266833,0.000000,0.000000
446,15,15,86490.7976,4437.6877,1.266938,0.000000,0.000000
447,15,15,86495.1176,4437.6877,1.266961,0.000000,0.000000
448,15,15,86516.8073,4437.6877,1.267076,0.000000,0.000000
449,15,15,86520.5298,4437.6877,1.267096,0.000000,0.000000
450,15,15,86544.0472,4437.6877,1.267220,0.000000,0.000000
451,15,15,86549.2754,4437.6877,1.267248,0.000000,0.000000
452,15,15,86574.3692,4437.6877,1.267380,0.000000,0.000000
453,15,15,86579.6488,4437.6877,1.267408,0.000000,0.000000
454,15,15,86606.4151,4437.6877,1.267550,0.000000,0.000000
455,15,15,86612.8902,4437.6877,1.267584,0.000000,0.000000
456,15,15,86640.7669,4437.6877,1.267731,0.000000,0.000000
457,15,15,86648.3507,4437.6877,1.267771,-0.000000,0.000000
458,15,15,86677.3024,4437.6877,1.267924,0.000000,0.000000
459,15,15,86685.5418,4437.6877,1.267968,0.000000,0.000000
460,15,15,86714.6067,4437.6877,1.268121,0.000000,0.000000
461,15,15,86725.4413,4437.6877,1.268178,0.000000,0.000000
462,15,15,86754.2924,4437.6877,1.268331,0.000000,0.000000
463,15,15,86765.0234,4437.6877,1.268387,0.000000,0.000000
464,15,15,86792.3417,4437.6877,1.268531,0.000000,0.000000
465,15,15,86807.4010,4437.6877,1.268611,0.000000,0.000000
466,15,15,86832.4929,4437.6877,1.268743,0.000000,0.000000
467,15,15,86846.3920,4437.6877,1.268816,0.000000,0.000000
468,15,15,86868.0068,4437.6877,1.268930,0.000000,0.000000
469,15,15,86887.5571,4437.6877,1.269033,0.000000,0.000000
470,15,15,86904.9755,4437.6877,1.269125,0.000000,0.000000
471,15,15,86921.4985,4437.6877,1.269212,0.000000,0.000000
472,15,15,86934.4309,4437.6877,1.269280,0.000000,0.000000
473,15,15,86956.2629,4437.6877,1.269395,0.000000,0.000000
474,15,15,86964.6617,4437.6877,1.269439,0.000000,0.000000
475,15,15,86980.0174,4437.6877,1.269520,0.000000,0.000000
476,15,15,86984.9435,4437.6877,1.269546,0.000000,0.000000
477,15,15,87002.9510,4437.6877,1.269641,0.000000,0.000000
478,15,15,87005.0081,4437.6877,1.269651,0.000000,0.000000
479,15,15,87012.5944,4437.6877,1.269691,0.000000,0.000000
480,15,15,87013.3032,4437.6877,1.269695,0.000000,0.000000
481,15,15,121978.4296,4437.6877,1.423032,0.000000,0.000000
482,15,15,121978.4296,4437.6877,1.423032,0.000000,0.000000
483,15,15,122111.4561,4437.6877,1.423523,0.000000,0.000000
484,15,15,122111.4561,4437.6877,1.423523,0.000000,0.000000
485,15,15,6478842.9858,4437.6877,3.164043,0.000000,0.000000
486,15,15,6478843.1869,4437.6877,3.164043,0.000000,-0.000000
487,15,15,6478848.2539,4437.6877,3.164044,0.000000,0.000000
488,15,15,6478848.4900,4437.6877,3.164044,0.000000,0.000000
489,15,15,6479106.4525,4437.6877,3.164061,0.000000,0.000000
490,15,15,6479106.8044,4437.6877,3.164061,0.000000,0.000000
491,15,15,6479114.8385,4437.6877,3.164061,0.000000,0.000000
492,15,15,6479117.1920,4437.6877,3.164062,0.000000,0.000000
493,15,15,6479118.3207,4437.6877,3.164062,0.000000,0.000000
494,15,15,6479120.1007,4437.6877,3.164062,0.000000,0.000000
495,15,15,6479126.2768,4437.6877,3.164062,0.000000,0.000000
496,15,15,6479126.4279,4437.6877,3.164062,0.000000,0.000000
497,15,15,6479375.0967,4437.6877,3.164079,0.000000,0.000000
498,15,15,6479375.8519,4437.6877,3.164079,0.000000,0.000000
499,15,15,6479388.9104,4437.6877,3.164080,0.000000,-0.000000
500,15,15,6479389.5499,4437.6877,3.164080,0.000000,0.000000
501,15,15,6479448.8153,4437.6877,3.164084,0.000000,0.000000
502,15,15,6479449.0113,4437.6877,3.164084,0.000000,0.000000
503,15,15,6479452.2960,4437.6877,3.164084,0.000000,0.000000
504,15,15,6479452.3448,4437.6877,3.164084,0.000000,0.000000
505,15,15,6479460.5536,4437.6877,3.164085,0.000000,-0.000000
506,15,15,6479461.3793,4437.6877,3.164085,0.000000,0.000000
507,15,15,6479464.0158,4437.6877,3.164085,0.000000,0.000000
508,15,15,6479464.1602,4437.6877,3.164085,0.000000,-0.000000
509,15,15,6479696.6245,4437.6877,3.164100,-0.000000,0.000000
510,15,15,6479696.7877,4437.6877,3.164100,0.000000,0.000000
511,15,15,6479710.3066,4437.6877,3.164101,0.000000,0.000000
512,15,15,6479710.6241,4437.6877,3.164101,0.000000,0.000000
513,15,15,6479716.0563,4437.6877,3.164102,0.000000,0.000000
514,15,15,6479716.7219,4437.6877,3.164102,0.000000,-0.000000
515,15,15,6479724.5937,4437.6877,3.164102,0.000000,0.000000
516,15,15,6479725.4202,4437.6877,3.164102,0.000000,0.000000
517,15,15,6479733.8365,4437.6877,3.164103,0.000000,0.000000
518,15,15,6479735.9991,4437.6877,3.164103,0.000000,-0.000000
519,15,15,6479739.7952,4437.6877,3.164103,0.000000,0.000000
520,15,15,6479742.1553,4437.6877,3.164103,0.000000,-0.000000
521,15,15,6479743.5435,4437.6877,3.164104,-0.000000,0.000000
522,15,15,6479745.5052,4437.6877,3.164104,0.000000,0.000000
523,15,15,6479746.6706,4437.6877,3.164104,0.000000,0.000000
524,15,15,6479746.9118,4437.6877,3.164104,0.000000,0.000000
525,15,15,6479757.5045,4437.6877,3.164104,0.000000,0.000000
526,15,15,6479757.5684,4437.6877,3.164104,0.000000,0.000000
527,15,15,6479762.9476,4437.6877,3.164105,0.000000,0.000000
528,15,15,6479762.9958,4437.6877,3.164105,0.000000,0.000000
529,15,15,6479768.7255,4437.6877,3.164105,0.000000,0.000000
530,15,15,6479769.0203,4437.6877,3.164105,0.000000,0.000000
531,15,15,6479773.7471,4437.6877,3.164106,0.000000,0.000000
532,15,15,6479773.9471,4437.6877,3.164106,0.000000,0.000000
533,15,15,6479781.2307,4437.6877,3.164106,0.000000,0.000000
534,15,15,6479781.3013,4437.6877,3.164106,0.000000,0.000000
535,15,15,6479786.7320,4437.6877,3.164106,0.000000,0.000000
536,15,15,6479786.7959,4437.6877,3.164106,0.000000,0.000000
537,15,15,6479808.1641,4437.6877,3.164108,0.000000,0.000000
538,15,15,6479808.5950,4437.6877,3.164108,0.000000,0.000000
539,15,15,6479813.6110,4437.6877,3.164108,0.000000,0.000000
540,15,15,6479813.6454,4437.6877,3.164108,0.000000,0.000000
541,15,15,6479833.1324,4437.6877,3.164110,0.000000,0.000000
542,15,15,6479833.3226,4437.6877,3.164110,0.000000,0.000000
543,15,15,6479838.2211,4437.6877,3.164110,0.000000,0.000000
544,15,15,6479838.4966,4437.6877,3.164110,0.000000,0.000000
545,15,15,6479864.3031,4437.6877,3.164112,0.000000,-0.000000
546,15,15,6479864.6392,4437.6877,3.164112,0.000000,0.000000
547,15,15,6479868.8379,4437.6877,3.164112,0.000000,0.000000
548,15,15,6479868.9278,4437.6877,3.164112,0.000000,0.000000
549,15,15,6479882.0257,4437.6877,3.164113,0.000000,0.000000
550,15,15,6479882.0840,4437.6877,3.164113,0.000000,0.000000
551,15,15,6479884.4296,4437.6877,3.164113,0.000000,0.000000
552,15,15,6479884.7801,4437.6877,3.164113,0.000000,0.000000
553,15,15,6479889.5447,4437.6877,3.164113,0.000000,0.000000
554,15,15,6479889.5898,4437.6877,3.164113,-0.000000,0.000000
555,15,15,6479890.4691,4437.6877,3.164113,0.000000,0.000000
556,15,15,6479890.4968,4437.6877,3.164113,-0.000000,-0.000000
557,15,15,6479895.9388,4437.6877,3.164114,0.000000,0.000000
558,15,15,6479895.9474,4437.6877,3.164114,0.000000,0.000000
559,15,15,6479897.4181,4437.6877,3.164114,0.000000,0.000000
560,15,15,6479897.4934,4437.6877,3.164114,0.000000,0.000000
561,15,15,6479982.7856,4437.6877,3.164120,0.000000,0.000000
562,15,15,6479986.0146,4437.6877,3.164120,0.000000,0.000000
563,15,15,6479987.2984,4437.6877,3.164120,0.000000,0.000000
564,15,15,6479989.5088,4437.6877,3.164120,0.000000,0.000000
565,15,15,6479991.4523,4437.6877,3.164120,0.000000,0.000000
566,15,15,6479992.4177,4437.6877,3.164120,0.000000,0.000000
567,15,15,6479992.4778,4437.6877,3.164120,0.000000,0.000000
568,15,15,6479995.8629,4437.6877,3.164120,0.000000,0.000000
569,15,15,6480002.1156,4437.6877,3.164121,0.000000,0.000000
570,15,15,6480002.2977,4437.6877,3.164121,0.000000,0.000000
571,15,15,6480011.6296,4437.6877,3.164122,0.000000,0.000000
572,15,15,6480012.4345,4437.6877,3.164122,0.000000,0.000000
573,15,15,6480019.1311,4437.6877,3.164122,0.000000,0.000000
574,15,15,6480019.2532,4437.6877,3.164122,0.000000,0.000000
575,15,15,6480024.7211,4437.6877,3.164122,0.000000,0.000000
576,15,15,6480026.4037,4437.6877,3.164123,0.000000,-0.000000
577,15,15,6480027.6574,4437.6877,3.164123,0.000000,0.000000
578,15,15,6480028.9571,4437.6877,3.164123,0.000000,0.000000
579,15,15,6480039.7769,4437.6877,3.164123,0.000000,0.000000
580,15,15,6480040.8073,4437.6877,3.164123,0.000000,0.000000
581,15,15,6480041.6486,4437.6877,3.164124,0.000000,0.000000
582,15,15,6480042.7675,4437.6877,3.164124,0.000000,0.000000
583,15,15,6480044.8534,4437.6877,3.164124,0.000000,0.000000
584,15,15,6480052.2427,4437.6877,3.164124,0.000000,0.000000
585,15,15,6480052.4131,4437.6877,3.164124,0.000000,-0.000000
586,15,15,6480056.0517,4437.6877,3.164125,0.000000,-0.000000
587,15,15,6480067.4820,4437.6877,3.164125,0.000000,0.000000
588,15,15,6480068.1308,4437.6877,3.164125,0.000000,0.000000
589,15,15,6480079.1892,4437.6877,3.164126,0.000000,0.000000
590,15,15,6480079.9487,4437.6877,3.164126,0.000000,0.000000
591,15,15,6480083.5300,4437.6877,3.164126,0.000000,0.000000
592,15,15,6480085.0356,4437.6877,3.164126,0.000000,0.000000
593,15,15,6480085.6970,4437.6877,3.164126,0.000000,0.000000
594,15,15,6480091.9107,4437.6877,3.164127,0.000000,0.000000
595,15,15,6480092.1378,4437.6877,3.164127,0.000000,0.000000
596,15,15,6480093.2683,4437.6877,3.164127,0.000000,0.000000
597,15,15,6480110.9165,4437.6877,3.164128,0.000000,0.000000
598,15,15,6480111.2156,4437.6877,3.164128,0.000000,0.000000
599,15,15,6480122.4751,4437.6877,3.164129,0.000000,0.000000
600,15,15,6480122.5113,4437.6877,3.164129,0.000000,0.000000
601,15,15,6480130.7133,4437.6877,3.164130,0.000000,0.000000
602,15,15,6480137.5015,4437.6877,3.164130,0.000000,0.000000
603,15,15,6480137.6030,4437.6877,3.164130,0.000000,0.000000
604,15,15,6480138.4633,4437.6877,3.164130,0.000000,0.000000
605,15,15,6480138.4757,4437.6877,3.164130,0.000000,-0.000000
606,15,15,6480139.1933,4437.6877,3.164130,0.000000,0.000000
607,15,15,6480139.8090,4437.6877,3.164130,0.000000,0.000000
608,15,15,6480140.0704,4437.6877,3.164130,0.000000,0.000000
609,15,15,6480148.2732,4437.6877,3.164131,0.000000,0.000000
610,15,15,6480148.9962,4437.6877,3.164131,0.000000,0.000000
611,15,15,6480149.7797,4437.6877,3.164131,0.000000,0.000000
612,15,15,6480150.0674,4437.6877,3.164131,0.000000,0.000000
613,15,15,6480294.4529,4437.6877,3.164140,0.000000,0.000000
614,15,15,6480296.2518,4437.6877,3.164141,0.000000,0.000000
615,15,15,6480296.6646,4437.6877,3.164141,0.000000,0.000000
616,15,15,6480300.0609,4437.6877,3.164141,0.000000,0.000000
617,15,15,6480304.6991,4437.6877,3.164141,0.000000,0.000000
618,15,15,6480306.3082,4437.6877,3.164141,0.000000,0.000000
619,15,15,6480306.9394,4437.6877,3.164141,0.000000,0.000000
620,15,15,6480321.0511,4437.6877,3.164142,0.000000,0.000000
621,15,15,6480325.5337,4437.6877,3.164143,0.000000,0.000000
622,15,15,6480325.8356,4437.6877,3.164143,0.000000,0.000000
623,15,15,6480332.7782,4437.6877,3.164143,0.000000,0.000000
624,15,15,6480335.4642,4437.6877,3.164143,0.000000,0.000000
625,15,15,6480340.1322,4437.6877,3.164144,0.000000,0.000000
626,15,15,6480342.1739,4437.6877,3.164144,0.000000,0.000000
627,15,15,6480343.1906,4437.6877,3.164144,0.000000,0.000000
628,15,15,6480345.7816,4437.6877,3.164144,0.000000,0.000000
629,15,15,6480347.7060,4437.6877,3.164144,0.000000,0.000000
630,15,15,6480350.2501,4437.6877,3.164144,0.000000,0.000000
631,15,15,6480350.9033,4437.6877,3.164144,0.000000,0.000000
632,15,15,6480356.5513,4437.6877,3.164145,0.000000,0.000000
633,15,15,6480359.8575,4437.6877,3.164145,0.000000,0.000000
634,15,15,6480364.0843,4437.6877,3.164145,0.000000,0.000000
635,15,15,6480366.4608,4437.6877,3.164145,0.000000,0.000000
636,15,15,6480368.8257,4437.6877,3.164145,0.000000,0.000000
637,15,15,6480376.6368,4437.6877,3.164146,0.000000,0.000000
638,15,15,6480378.8731,4437.6877,3.164146,0.000000,0.000000
639,15,15,6480384.7792,4437.6877,3.164147,0.000000,0.000000
640,15,15,6480388.7667,4437.6877,3.164147,0.000000,0.000000
641,15,15,6480403.1685,4437.6877,3.164148,0.000000,0.000000
642,15,15,6480405.0296,4437.6877,3.164148,0.000000,0.000000
643,15,15,6480407.0654,4437.6877,3.164148,0.000000,0.000000
644,15,15,6480412.0067,4437.6877,3.164148,0.000000,-0.000000
645,15,15,6480434.3901,4437.6877,3.164150,0.000000,0.000000
646,15,15,6480434.4197,4437.6877,3.164150,0.000000,0.000000
647,15,15,6480435.3961,4437.6877,3.164150,0.000000,0.000000
648,15,15,6480436.3079,4437.6877,3.164150,0.000000,0.000000
649,15,15,6480439.0089,4437.6877,3.164150,0.000000,0.000000
650,15,15,6480439.0366,4437.6877,3.164150,0.000000,0.000000
651,15,15,6480451.4963,4437.6877,3.164151,0.000000,0.000000
652,15,15,6480453.6917,4437.6877,3.164151,0.000000,0.000000
653,15,15,6480454.0627,4437.6877,3.164151,0.000000,0.000000
654,15,15,6480457.2328,4437.6877,3.164151,0.000000,0.000000
655,15,15,6480458.6499,4437.6877,3.164152,0.000000,0.000000
656,15,15,6480460.8593,4437.6877,3.164152,0.000000,0.000000
657,15,15,6480461.6986,4437.6877,3.164152,0.000000,0.000000
658,15,15,6480462.4609,4437.6877,3.164152,0.000000,0.000000
659,15,15,6480465.0986,4437.6877,3.164152,0.000000,0.000000
660,15,15,6480465.8734,4437.6877,3.164152,0.000000,0.000000
661,15,15,6480466.2796,4437.6877,3.164152,0.000000,0.000000
662,15,15,6480466.9021,4437.6877,3.164152,0.000000,0.000000
663,15,15,6480527.4509,4437.6877,3.164156,0.000000,0.000000
664,15,15,6480531.8601,4437.6877,3.164156,0.000000,0.000000
665,15,15,6480546.7053,4437.6877,3.164157,0.000000,0.000000
666,15,15,6480550.0624,4437.6877,3.164158,0.000000,0.000000
667,15,15,6480578.9883,4437.6877,3.164160,0.000000,0.000000
668,15,15,6480579.2967,4437.6877,3.164160,0.000000,0.000000
669,15,15,6480582.6311,4437.6877,3.164160,0.000000,0.000000
670,15,15,6480586.8118,4437.6877,3.164160,0.000000,0.000000
671,15,15,6480605.4328,4437.6877,3.164161,0.000000,0.000000
672,15,15,6480621.8206,4437.6877,3.164162,0.000000,0.000000
673,15,15,6480621.9046,4437.6877,3.164162,0.000000,0.000000
674,15,15,6480626.7891,4437.6877,3.164163,0.000000,0.000000
675,15,15,6480629.7762,4437.6877,3.164163,0.000000,0.000000
676,15,15,6480634.4823,4437.6877,3.164163,0.000000,0.000000
677,15,15,6480634.6518,4437.6877,3.164163,0.000000,0.000000
678,15,15,6480639.6671,4437.6877,3.164164,0.000000,0.000000
679,15,15,6480641.5428,4437.6877,3.164164,0.000000,0.000000
680,15,15,6480641.6309,4437.6877,3.164164,0.000000,0.000000
681,15,15,6480642.5155,4437.6877,3.164164,0.000000,0.000000
682,15,15,6480651.6025,4437.6877,3.164164,0.000000,0.000000
683,15,15,6480654.3862,4437.6877,3.164165,0.000000,0.000000
684,15,15,6480657.2310,4437.6877,3.164165,0.000000,0.000000
685,15,15,6480659.7333,4437.6877,3.164165,0.000000,0.000000
686,15,15,6480662.0704,4437.6877,3.164165,0.000000,0.000000
687,15,15,6480665.5764,4437.6877,3.164165,0.000000,0.000000
688,15,15,6480678.2302,4437.6877,3.164166,-0.000000,-0.000000
689,15,15,6480678.9201,4437.6877,3.164166,0.000000,0.000000
690,15,15,6480678.9572,4437.6877,3.164166,0.000000,0.000000
691,15,15,6480688.3815,4437.6877,3.164167,0.000000,0.000000
692,15,15,6480689.9480,4437.6877,3.164167,0.000000,0.000000
693,15,15,6480690.9889,4437.6877,3.164167,-0.000000,-0.000000
694,15,15,6480691.5377,4437.6877,3.164167,0.000000,0.000000
695,15,15,6480698.2818,4437.6877,3.164168,0.000000,0.000000
696,15,15,6480703.3635,4437.6877,3.164168,0.000000,0.000000
697,15,15,6480705.2833,4437.6877,3.164168,0.000000,-0.000000
698,15,15,6480705.5594,4437.6877,3.164168,0.000000,0.000000
699,15,15,6480714.2722,4437.6877,3.164169,0.000000,0.000000
700,15,15,6480717.4018,4437.6877,3.164169,0.000000,0.000000
701,15,15,6480727.1576,4437.6877,3.164170,0.000000,0.000000
702,15,15,6480728.5964,4437.6877,3.164170,0.000000,0.000000
703,15,15,6480729.9678,4437.6877,3.164170,0.000000,0.000000
704,15,15,6480733.5879,4437.6877,3.164170,0.000000,0.000000
705,15,15,6480735.5401,4437.6877,3.164170,0.000000,-0.000000
706,15,15,6480737.0796,4437.6877,3.164170,-0.000000,0.000000
707,15,15,6480738.2523,4437.6877,3.164170,0.000000,0.000000
708,15,15,6480741.4751,4437.6877,3.164170,0.000000,0.000000
709,15,15,6480741.4942,4437.6877,3.164170,0.000000,0.000000
710,15,15,6480742.3151,4437.6877,3.164171,0.000000,0.000000
711,15,15,6480746.1251,4437.6877,3.164171,0.000000,-0.000000
712,15,15,6480749.1569,4437.6877,3.164171,0.000000,0.000000
713,15,15,6480750.6172,4437.6877,3.164171,0.000000,0.000000
714,15,15,6480750.6496,4437.6877,3.164171,0.000000,0.000000
715,15,15,6480751.5424,4437.6877,3.164171,0.000000,0.000000
716,15,15,6480753.1485,4437.6877,3.164171,0.000000,0.000000
717,15,15,6480754.5035,4437.6877,3.164171,0.000000,-0.000000
718,15,15,6480754.9539,4437.6877,3.164171,0.000000,0.000000
719,15,15,6480755.0470,4437.6877,3.164171,0.000000,0.000000
720,15,15,6480761.1262,4437.6877,3.164172,0.000000,0.000000
721,15,15,6480762.2881,4437.6877,3.164172,0.000000,0.000000
722,15,15,6480763.2904,4437.6877,3.164172,0.000000,0.000000
723,15,15,6480770.1055,4437.6877,3.164172,0.000000,0.000000
724,15,15,6480770.8262,4437.6877,3.164172,0.000000,0.000000
725,15,15,6480770.9364,4437.6877,3.164172,0.000000,0.000000
726,15,15,6480772.5219,4437.6877,3.164173,0.000000,-0.000000
727,15,15,6480776.8995,4437.6877,3.164173,0.000000,0.000000
728,15,15,6480778.0302,4437.6877,3.164173,0.000000,0.000000
729,15,15,6480780.2809,4437.6877,3.164173,0.000000,0.000000
730,15,15,6480780.6394,4437.6877,3.164173,0.000000,0.000000
731,15,15,6480788.5337,4437.6877,3.164174,0.000000,0.000000
732,15,15,6480788.6576,4437.6877,3.164174,0.000000,0.000000
733,15,15,6480788.7272,4437.6877,3.164174,0.000000,0.000000
734,15,15,6480792.8897,4437.6877,3.164174,0.000000,0.000000
735,15,15,6480792.9876,4437.6877,3.164174,0.000000,0.000000
736,15,15,6480794.2807,4437.6877,3.164174,0.000000,0.000000
737,15,15,6480795.5331,4437.6877,3.164174,0.000000,-0.000000
738,15,15,6480796.6748,4437.6877,3.164174,0.000000,0.000000
739,15,15,6480802.1718,4437.6877,3.164175,0.000000,0.000000
740,15,15,6480802.4146,4437.6877,3.164175,0.000000,-0.000000
741,15,15,6480806.6632,4437.6877,3.164175,0.000000,0.000000
742,15,15,6480806.7044,4437.6877,3.164175,0.000000,0.000000
743,15,15,6480807.0858,4437.6877,3.164175,0.000000,0.000000
744,15,15,6480807.2980,4437.6877,3.164175,0.000000,0.000000
745,15,15,6480809.1754,4437.6877,3.164175,0.000000,0.000000
746,15,15,6480809.2920,4437.6877,3.164175,0.000000,0.000000
747,15,15,6480813.1412,4437.6877,3.164175,0.000000,0.000000
748,15,15,6480813.6965,4437.6877,3.164175,0.000000,0.000000
749,15,15,6480816.2764,4437.6877,3.164175,0.000000,-0.000000
750,15,15,6480817.2937,4437.6877,3.164176,0.000000,-0.000000
751,15,15,6480820.0368,4437.6877,3.164176,0.000000,0.000000
752,15,15,6480820.6373,4437.6877,3.164176,0.000000,0.000000
753,15,15,6480821.5388,4437.6877,3.164176,0.000000,0.000000
754,15,15,6480822.7142,4437.6877,3.164176,0.000000,0.000000
755,15,15,6480823.0425,4437.6877,3.164176,0.000000,0.000000
756,15,15,6480823.8326,4437.6877,3.164176,0.000000,0.000000
757,15,15,6480825.0201,4437.6877,3.164176,0.000000,0.000000
758,15,15,6480825.6791,4437.6877,3.164176,0.000000,0.000000
759,15,15,6480829.9067,4437.6877,3.164176,0.000000,0.000000
760,15,15,6480830.0216,4437.6877,3.164176,0.000000,0.000000
761,15,15,6480830.2318,4437.6877,3.164176,0.000000,0.000000
762,15,15,6480832.3599,4437.6877,3.164177,-0.000000,0.000000
763,15,15,6480834.3142,4437.6877,3.164177,0.000000,0.000000
764,15,15,6480834.4729,4437.6877,3.164177,0.000000,0.000000
765,15,15,6480838.6338,4437.6877,3.164177,0.000000,0.000000
766,15,15,6480839.3301,4437.6877,3.164177,0.000000,0.000000
767,15,15,6480839.8651,4437.6877,3.164177,0.000000,0.000000
768,15,15,6480840.8769,4437.6877,3.164177,0.000000,0.000000
769,15,15,6480841.7430,4437.6877,3.164177,0.000000,0.000000
770,15,15,6480841.8515,4437.6877,3.164177,0.000000,0.000000
771,15,15,6480842.7571,4437.6877,3.164177,0.000000,0.000000
772,15,15,6480843.8374,4437.6877,3.164177,0.000000,0.000000
773,15,15,6480844.9875,4437.6877,3.164177,0.000000,0.000000
774,15,15,6480845.1633,4437.6877,3.164177,0.000000,0.000000
775,15,15,6480850.5650,4437.6877,3.164178,0.000000,0.000000
776,15,15,6480851.0487,4437.6877,3.164178,0.000000,0.000000
777,15,15,6480851.7143,4437.6877,3.164178,0.000000,0.000000
778,15,15,6480853.3947,4437.6877,3.164178,0.000000,0.000000
779,15,15,6480853.7987,4437.6877,3.164178,0.000000,0.000000
780,15,15,6480853.8047,4437.6877,3.164178,0.000000,0.000000
781,15,15,6480856.7012,4437.6877,3.164178,-0.000000,0.000000
782,15,15,6480860.9113,4437.6877,3.164178,0.000000,0.000000
783,15,15,6480865.1098,4437.6877,3.164179,0.000000,0.000000
784,15,15,6480865.2629,4437.6877,3.164179,0.000000,0.000000
785,15,15,6480865.3854,4437.6877,3.164179,0.000000,0.000000
786,15,15,6480866.5095,4437.6877,3.164179,0.000000,0.000000
787,15,15,6480867.0787,4437.6877,3.164179,0.000000,0.000000
788,15,15,6480867.7047,4437.6877,3.164179,0.000000,0.000000
789,15,15,6480868.5558,4437.6877,3.164179,0.000000,0.000000
790,15,15,6480868.7245,4437.6877,3.164179,0.000000,0.000000
791,15,15,6480871.0830,4437.6877,3.164179,0.000000,0.000000
792,15,15,6480871.3138,4437.6877,3.164179,0.000000,0.000000
793,15,15,6480875.9660,4437.6877,3.164179,0.000000,0.000000
794,15,15,6480876.6071,4437.6877,3.164180,0.000000,0.000000
795,15,15,6480878.4349,4437.6877,3.164180,-0.000000,-0.000000
796,15,15,6480882.7285,4437.6877,3.164180,0.000000,-0.000000
797,15,15,6480883.7101,4437.6877,3.164180,-0.000000,-0.000000
798,15,15,6480884.2585,4437.6877,3.164180,0.000000,0.000000
799,15,15,6480886.8106,4437.6877,3.164180,0.000000,0.000000
800,15,15,6480888.0786,4437.6877,3.164180,0.000000,0.000000
801,15,15,6480892.3590,4437.6877,3.164181,0.000000,0.000000
802,15,15,6480893.8972,4437.6877,3.164181,0.000000,0.000000
803,15,15,6480894.6622,4437.6877,3.164181,-0.000000,-0.000000
804,15,15,6480895.6732,4437.6877,3.164181,0.000000,-0.000000
805,15,15,6480897.7270,4437.6877,3.164181,0.000000,0.000000
806,15,15,6480900.0378,4437.6877,3.164181,0.000000,0.000000
807,15,15,6480900.0960,4437.6877,3.164181,0.000000,0.000000
808,15,15,6480900.7382,4437.6877,3.164181,0.000000,0.000000
809,15,15,6480901.8778,4437.6877,3.164181,0.000000,0.000000
810,15,15,6480905.3404,4437.6877,3.164181,0.000000,0.000000
811,15,15,6480906.1391,4437.6877,3.164182,0.000000,0.000000
812,15,15,6480908.8070,4437.6877,3.164182,0.000000,0.000000
813,15,15,6480909.4029,4437.6877,3.164182,0.000000,0.000000
814,15,15,6480909.5413,4437.6877,3.164182,0.000000,0.000000
815,15,15,6480910.2868,4437.6877,3.164182,0.000000,0.000000
816,15,15,6480911.5144,4437.6877,3.164182,-0.000000,0.000000
817,15,15,6480913.0492,4437.6877,3.164182,0.000000,-0.000000
818,15,15,6480916.5134,4437.6877,3.164182,0.000000,0.000000
819,15,15,6480928.1177,4437.6877,3.164183,0.000000,0.000000
820,15,15,6480928.8501,4437.6877,3.164183,0.000000,0.000000
821,15,15,6480929.3470,4437.6877,3.164183,0.000000,0.000000
822,15,15,6480936.0303,4437.6877,3.164184,0.000000,0.000000
823,15,15,6480936.9362,4437.6877,3.164184,0.000000,0.000000
824,15,15,6480940.2973,4437.6877,3.164184,0.000000,0.000000
825,15,15,6480951.0516,4437.6877,3.164185,0.000000,0.000000
826,15,15,6480951.9664,4437.6877,3.164185,0.000000,0.000000
827,15,15,6480954.7216,4437.6877,3.164185,0.000000,0.000000
828,15,15,6480961.1619,4437.6877,3.164185,0.000000,0.000000
829,15,15,6480967.6695,4437.6877,3.164186,0.000000,0.000000
830,15,15,6480971.0390,4437.6877,3.164186,0.000000,0.000000
831,15,15,6480974.5303,4437.6877,3.164186,0.000000,0.000000
832,15,15,6480975.4173,4437.6877,3.164186,0.000000,0.000000
833,15,15,6480980.7256,4437.6877,3.164187,0.000000,0.000000
834,15,15,6480984.3775,4437.6877,3.164187,0.000000,0.000000
835,15,15,6480985.4372,4437.6877,3.164187,0.000000,0.000000
836,15,15,6480988.9320,4437.6877,3.164187,0.000000,0.000000
837,15,15,6480989.7362,4437.6877,3.164187,0.000000,0.000000
838,15,15,6480993.1638,4437.6877,3.164187,0.000000,0.000000
839,15,15,6480997.0704,4437.6877,3.164188,0.000000,0.000000
840,15,15,6480999.4233,4437.6877,3.164188,0.000000,0.000000
841,15,15,6481016.6740,4437.6877,3.164189,0.000000,0.000000
842,15,15,6481017.6653,4437.6877,3.164189,0.000000,0.000000
843,15,15,6481019.9046,4437.6877,3.164189,0.000000,0.000000
844,15,15,6481024.0055,4437.6877,3.164189,0.000000,-0.000000
845,15,15,6481028.4140,4437.6877,3.164190,0.000000,0.000000
846,15,15,6481029.2697,4437.6877,3.164190,0.000000,0.000000
847,15,15,6481033.7298,4437.6877,3.164190,0.000000,-0.000000
848,15,15,6481036.3822,4437.6877,3.164190,0.000000,0.000000
849,15,15,6481037.1119,4437.6877,3.164190,0.000000,0.000000
850,15,15,6481047.8546,4437.6877,3.164191,0.000000,0.000000
851,15,15,6481051.0231,4437.6877,3.164191,0.000000,0.000000
852,15,15,6481051.5546,4437.6877,3.164191,0.000000,0.000000
853,15,15,6481052.1795,4437.6877,3.164191,0.000000,0.000000
854,15,15,6481052.5128,4437.6877,3.164191,0.000000,0.000000
855,15,15,6481056.6011,4437.6877,3.164192,0.000000,0.000000
856,15,15,6481059.2158,4437.6877,3.164192,0.000000,0.000000
857,15,15,6481060.1537,4437.6877,3.164192,0.000000,0.000000
858,15,15,6481061.9567,4437.6877,3.164192,0.000000,-0.000000
859,15,15,6481063.6612,4437.6877,3.164192,0.000000,0.000000
860,15,15,6481069.6491,4437.6877,3.164192,0.000000,0.000000
861,15,15,6481070.4574,4437.6877,3.164193,0.000000,0.000000
862,15,15,6481073.6842,4437.6877,3.164193,0.000000,0.000000
863,15,15,6481079.6596,4437.6877,3.164193,0.000000,0.000000
864,15,15,6481080.1907,4437.6877,3.164193,0.000000,0.000000
865,15,15,6481080.3788,4437.6877,3.164193,0.000000,-0.000000
866,15,15,6481089.6379,4437.6877,3.164194,0.000000,0.000000
867,15,15,6481091.2003,4437.6877,3.164194,0.000000,0.000000
868,15,15,6481094.7832,4437.6877,3.164194,0.000000,0.000000
869,15,15,6481100.9242,4437.6877,3.164195,0.000000,0.000000
870,15,15,6481101.8668,4437.6877,3.164195,0.000000,0.000000
871,15,15,6481106.7988,4437.6877,3.164195,0.000000,0.000000
872,15,15,6481108.0017,4437.6877,3.164195,0.000000,0.000000
873,15,15,6481114.4006,4437.6877,3.164195,0.002850,2.614581
874,15,15,6481114.6653,4437.6877,3.164196,-0.045508,2.969407
875,15,15,6481138.3998,4437.6877,3.164197,0.000000,0.000000
876,15,15,6481140.0169,4437.6877,3.164197,0.000000,0.000000
877,15,15,6481141.7014,4437.6877,3.164197,0.000000,0.000000
878,15,15,6481145.7005,4437.6877,3.164198,0.000000,0.000000
879,15,15,6481174.3483,4437.6877,3.164200,-0.000000,0.000000
880,15,15,6481182.3718,4437.6877,3.164200,0.000000,0.000000
881,15,15,6481192.6564,4437.6877,3.164201,0.000000,0.000000
882,15,15,6481194.9567,4437.6877,3.164201,0.000000,0.000000
883,15,15,6481196.5206,4437.6877,3.164201,-0.000000,0.000000
884,15,15,6481199.4986,4437.6877,3.164201,0.000000,0.000000
885,15,15,6481202.1568,4437.6877,3.164201,0.000000,0.000000
886,15,15,6481204.4166,4437.6877,3.164202,0.000000,0.000000
887,15,15,6481204.5677,4437.6877,3.164202,0.000000,-0.000000
888,15,15,6481210.8856,4437.6877,3.164202,-0.000000,0.000000
889,15,15,6481213.2477,4437.6877,3.164202,0.000000,0.000000
890,15,15,6481219.2984,4437.6877,3.164203,0.000000,0.000000
891,15,15,6481219.3583,4437.6877,3.164203,0.000000,0.000000
892,15,15,6481221.5605,4437.6877,3.164203,0.000000,0.000000
893,15,15,6481236.3245,4437.6877,3.164204,-0.000000,0.000000
894,15,15,6481239.5978,4437.6877,3.164204,0.000000,0.000000
895,15,15,6481241.3180,4437.6877,3.164204,0.000000,0.000000
896,15,15,6481252.7997,4437.6877,3.164205,0.000000,0.000000
897,15,15,6481258.6398,4437.6877,3.164205,0.000000,-0.000000
898,15,15,6481261.5262,4437.6877,3.164205,0.000000,0.000000
899,15,15,6481261.7130,4437.6877,3.164205,0.000000,0.000000
900,15,15,6481269.3085,4437.6877,3.164206,0.000000,0.000000
901,15,15,6481271.5999,4437.6877,3.164206,0.000000,0.000000
902,15,15,6481271.8637,4437.6877,3.164206,0.000000,0.000000
903,15,15,6481275.7017,4437.6877,3.164206,0.000000,0.000000
904,15,15,6481275.8344,4437.6877,3.164206,0.000000,0.000000
905,15,15,6481278.5666,4437.6877,3.164206,0.000000,0.000000
906,15,15,6481279.8928,4437.6877,3.164207,0.000000,0.000000
907,15,15,6481280.2214,4437.6877,3.164207,0.000000,0.000000
908,15,15,6481287.8015,4437.6877,3.164207,0.000000,0.000000
909,15,15,6481287.9710,4437.6877,3.164207,0.000000,0.000000
910,15,15,6481291.2242,4437.6877,3.164207,0.000000,0.000000
911,15,15,6481293.5563,4437.6877,3.164207,0.000000,0.000000
912,15,15,6481295.8675,4437.6877,3.164208,0.000000,0.000000
913,15,15,6481298.5451,4437.6877,3.164208,0.000000,0.000000
914,15,15,6481303.1643,4437.6877,3.164208,0.000000,0.000000
915,15,15,6481305.3216,4437.6877,3.164208,0.000000,0.000000
916,15,15,6481305.8024,4437.6877,3.164208,0.000000,0.000000
917,15,15,6481317.1656,4437.6877,3.164209,0.000000,0.000000
918,15,15,6481318.7948,4437.6877,3.164209,0.000000,0.000000
919,15,15,6481323.4035,4437.6877,3.164209,0.000000,0.000000
920,15,15,6481323.5132,4437.6877,3.164210,0.000000,0.000000
921,15,15,6481329.1668,4437.6877,3.164210,0.000000,0.000000
922,15,15,6481332.8977,4437.6877,3.164210,0.000000,0.000000
923,15,15,6481333.4642,4437.6877,3.164210,0.000717,3.004826
924,15,15,6481335.4856,4437.6877,3.164210,0.005385,2.920156
925,15,15,6481336.7187,4437.6877,3.164210,0.008321,3.059343
926,15,15,6481337.2838,4437.6877,3.164210,0.024431,3.320821
927,15,15,6481337.3533,4437.6877,3.164210,-0.000000,0.000000
928,15,15,6481337.8366,4437.6877,3.164210,0.000000,0.000000
929,15,15,6481338.5265,4437.6877,3.164211,0.024450,3.283795
930,15,15,6481338.8815,4437.6877,3.164211,0.021103,3.244989
931,15,15,6481343.4571,4437.6877,3.164211,-0.003598,2.928986
932,15,15,6481344.5566,4437.6877,3.164211,-0.000000,-0.000000
933,15,15,6481345.8100,4437.6877,3.164211,0.000000,0.000000
934,15,15,6481347.9495,4437.6877,3.164211,0.000000,0.000000
935,15,15,6481349.2788,4437.6877,3.164211,0.009693,2.980405
936,15,15,6481352.3466,4437.6877,3.164211,-0.000000,0.000000
937,15,15,6481356.2558,4437.6877,3.164212,0.000000,0.000000
938,15,15,6481356.9180,4437.6877,3.164212,0.000000,0.000000
939,15,15,6481358.1704,4437.6877,3.164212,0.002959,2.810341
940,15,15,6481363.8208,4437.6877,3.164212,0.016352,3.209797
941,15,15,6481365.0323,4437.6877,3.164212,0.000000,-0.000000
942,15,15,6481369.2300,4437.6877,3.164213,0.000000,0.000000
943,15,15,6481370.4181,4437.6877,3.164213,-0.000000,0.000000
944,15,15,6481372.6652,4437.6877,3.164213,0.000000,0.000000
945,15,15,6481372.7526,4437.6877,3.164213,0.000000,0.000000
946,15,15,6481374.4340,4437.6877,3.164213,0.000000,0.000000
947,15,15,6481381.0543,4437.6877,3.164213,0.008890,3.038672
948,15,15,6481382.1875,4437.6877,3.164213,0.005953,2.894937
949,15,15,6481383.2294,4437.6877,3.164214,0.003185,3.266647
950,15,15,6481384.4004,4437.6877,3.164214,0.006973,3.030215
951,15,15,6481385.2190,4437.6877,3.164214,-0.000636,3.087750
952,15,15,6481387.3940,4437.6877,3.164214,0.009412,3.106011
953,15,15,6481388.1823,4437.6877,3.164214,0.000000,0.000000
954,15,15,6481389.1726,4437.6877,3.164214,0.011932,3.326404
955,15,15,6481389.5409,4437.6877,3.164214,0.015820,3.347731
956,15,15,6481390.0089,4437.6877,3.164214,0.003370,3.040410
957,15,15,6481390.9555,4437.6877,3.164214,0.008255,3.050960
958,15,15,6481405.8810,4437.6877,3.164215,0.000000,0.000000
959,15,15,6481408.2122,4437.6877,3.164215,0.000000,0.000000
960,15,15,6481408.2934,4437.6877,3.164215,0.000000,0.000000
961,15,15,6481408.7324,4437.6877,3.164215,0.000000,0.000000
962,15,15,6481412.0354,4437.6877,3.164215,-0.000000,0.000000
963,15,15,6481413.3658,4437.6877,3.164216,0.000000,0.000000
964,15,15,6481418.5334,4437.6877,3.164216,0.000000,0.000000
965,15,15,6481423.9559,4437.6877,3.164216,0.000000,0.000000
966,15,15,6481427.3981,4437.6877,3.164216,0.000000,0.000000
967,15,15,6481428.5964,4437.6877,3.164217,0.000000,0.000000
968,15,15,6481437.1410,4437.6877,3.164217,0.007132,3.069847
969,15,15,6481438.6517,4437.6877,3.164217,0.000000,0.000000
970,15,15,6481439.4132,4437.6877,3.164217,0.003343,2.764060
971,15,15,6481445.0144,4437.6877,3.164218,0.000000,0.000000
972,15,15,6481451.6946,4437.6877,3.164218,0.025486,3.312965
973,15,15,6481452.1686,4437.6877,3.164218,0.006633,3.011209
974,15,15,6481452.5052,4437.6877,3.164218,0.000000,0.000000
975,15,15,6481456.4369,4437.6877,3.164218,-0.000000,0.000000
976,15,15,6481458.9027,4437.6877,3.164219,0.047140,3.437467
977,15,15,6481459.1900,4437.6877,3.164219,0.009528,3.047961
978,15,15,6481461.6302,4437.6877,3.164219,0.029662,3.319988
979,15,15,6481466.4232,4437.6877,3.164219,0.000000,0.000000
980,15,15,6481467.7600,4437.6877,3.164219,0.008864,3.086488
981,15,15,6481467.8060,4437.6877,3.164219,0.000000,0.000000
982,15,15,6481468.6002,4437.6877,3.164219,0.000000,0.000000
983,15,15,6481470.3104,4437.6877,3.164219,0.000000,0.000000
984,15,15,6481473.6852,4437.6877,3.164220,0.000000,0.000000
985,15,15,6481475.2561,4437.6877,3.164220,0.000000,0.000000
986,15,15,6481476.1607,4437.6877,3.164220,0.000000,0.000000
987,15,15,6481476.2211,4437.6877,3.164220,0.000000,0.000000
988,15,15,6481477.9520,4437.6877,3.164220,0.000000,0.000000
989,15,15,6481488.7662,4437.6877,3.164221,0.000000,0.000000
990,15,15,6481490.2926,4437.6877,3.164221,0.003558,2.946945
991,15,15,6481490.5286,4437.6877,3.164221,0.000000,0.000000
992,15,15,6481491.8214,4437.6877,3.164221,0.000000,0.000000
993,15,15,6481492.9057,4437.6877,3.164221,0.000000,0.000000
994,15,15,6481493.7450,4437.6877,3.164221,0.000000,0.000000
995,15,15,6481497.7994,4437.6877,3.164221,0.000000,0.000000
996,15,15,6481498.6641,4437.6877,3.164221,0.000000,0.000000
997,15,15,6481499.0724,4437.6877,3.164221,-0.000000,0.000000
998,15,15,6481505.4538,4437.6877,3.164222,0.031868,3.356192
999,15,15,6481506.6381,4437.6877,3.164222,0.000000,0.000000
1000,15,15,6481507.0279,4437.6877,3.164222,0.000000,0.000000
1001,15,15,6481509.1947,4437.6877,3.164222,0.000000,0.000000
1002,15,15,6481510.9279,4437.6877,3.164222,0.021804,3.338215
1003,15,15,6481512.9346,4437.6877,3.164222,0.000000,0.000000
1004,15,15,6481516.8742,4437.6877,3.164222,0.001448,2.701783
1005,15,15,6481518.9752,4437.6877,3.164223,0.000000,0.000000
1006,15,15,6481520.3650,4437.6877,3.164223,0.000000,0.000000
1007,15,15,6481520.7153,4437.6877,3.164223,0.016543,3.223072
1008,15,15,6481526.9232,4437.6877,3.164223,0.000000,0.000000
1009,15,15,6481530.7440,4437.6877,3.164223,0.014092,3.194715
1010,15,15,6481531.5477,4437.6877,3.164223,0.000000,0.000000
1011,15,15,6481531.9624,4437.6877,3.164223,0.000000,0.000000
1012,15,15,6481533.0740,4437.6877,3.164224,0.000000,0.000000
1013,15,15,6481538.9176,4437.6877,3.164224,-0.000000,0.000000
1014,15,15,6481539.9932,4437.6877,3.164224,0.002129,2.627002
1015,15,15,6481542.6319,4437.6877,3.164224,-0.000000,0.000000
1016,15,15,6481544.0176,4437.6877,3.164224,0.000836,2.526612
1017,15,15,6481547.6515,4437.6877,3.164225,0.000000,0.000000
1018,15,15,6481549.2376,4437.6877,3.164225,0.000986,2.578869
1019,15,15,6481550.4580,4437.6877,3.164225,0.000000,0.000000
1020,15,15,6481551.3223,4437.6877,3.164225,0.006038,2.963230
1021,15,15,6481553.2253,4437.6877,3.164225,0.037928,3.438411
1022,15,15,6481555.8430,4437.6877,3.164225,0.007247,3.015191
1023,15,15,6481558.7797,4437.6877,3.164225,-0.000000,0.000000
1024,15,15,6481558.8602,4437.6877,3.164225,0.000000,0.000000
1025,15,15,6481565.3164,4437.6877,3.164226,0.042360,3.420709
1026,15,15,6481566.0291,4437.6877,3.164226,0.000000,0.000000
1027,15,15,6481568.8943,4437.6877,3.164226,0.000000,-0.000000
1028,15,15,6481569.0729,4437.6877,3.164226,0.000000,0.000000
1029,15,15,6481569.5839,4437.6877,3.164226,0.000000,0.000000
1030,15,15,6481574.4184,4437.6877,3.164226,-0.000000,0.000000
1031,15,15,6481578.8317,4437.6877,3.164227,0.000000,0.000000
1032,15,15,6481580.4247,4437.6877,3.164227,0.003543,2.855550
1033,15,15,6481580.7267,4437.6877,3.164227,0.029464,3.372921
1034,15,15,6481582.1849,4437.6877,3.164227,0.031056,3.333861
1035,15,15,6481584.9541,4437.6877,3.164227,0.000000,0.000000
1036,15,15,6481586.3534,4437.6877,3.164227,0.000000,0.000000
1037,15,15,6481587.0021,4437.6877,3.164227,-0.000000,0.000000
1038,15,15,6481592.1589,4437.6877,3.164228,0.018409,3.321634
1039,15,15,6481592.2900,4437.6877,3.164228,0.000000,0.000000
1040,15,15,6481593.4641,4437.6877,3.164228,0.007413,3.226302
1041,15,15,6481595.3866,4437.6877,3.164228,-0.000000,-0.000000
1042,15,15,6481595.7269,4437.6877,3.164228,0.000000,0.000000
1043,15,15,6481596.2227,4437.6877,3.164228,0.004764,2.968225
1044,15,15,6481597.0175,4437.6877,3.164228,0.019088,3.337844
1045,15,15,6481598.0885,4437.6877,3.164228,0.004837,2.998634
1046,15,15,6481600.4197,4437.6877,3.164228,-0.000000,0.000000
1047,15,15,6481600.7087,4437.6877,3.164228,-0.000000,0.000000
1048,15,15,6481606.4517,4437.6877,3.164228,0.000000,0.000000
1049,15,15,6481608.8357,4437.6877,3.164229,0.000722,2.479610
1050,15,15,6481610.6013,4437.6877,3.164229,0.003948,2.944428
1051,15,15,6481611.7905,4437.6877,3.164229,0.016507,3.164060
1052,15,15,6481613.1295,4437.6877,3.164229,0.000000,0.000000
1053,15,15,6481617.2976,4437.6877,3.164229,0.014088,3.147231
1054,15,15,6481617.8089,4437.6877,3.164229,0.000000,0.000000
1055,15,15,6481618.3017,4437.6877,3.164229,0.000000,0.000000
1056,15,15,6481629.9404,4437.6877,3.164230,0.005568,2.618718
1057,15,15,6481631.1801,4437.6877,3.164230,0.000000,0.000000
1058,15,15,6481631.6906,4437.6877,3.164230,0.004187,2.957913
1059,15,15,6481634.2267,4437.6877,3.164230,0.003823,2.814531
1060,15,15,6481637.5662,4437.6877,3.164231,0.000616,2.382611
1061,15,15,6481639.9576,4437.6877,3.164231,0.002890,2.753208
1062,15,15,6481641.5842,4437.6877,3.164231,0.003326,2.367288
1063,15,15,6481642.7858,4437.6877,3.164231,0.003780,2.879631
1064,15,15,6481653.6325,4437.6877,3.164232,0.000000,0.000000
1065,15,15,6481653.8949,4437.6877,3.164232,-0.000000,0.000000
1066,15,15,6481658.5013,4437.6877,3.164232,0.000000,0.000000
1067,15,15,6481663.2020,4437.6877,3.164232,0.000000,0.000000
1068,15,15,6481666.0501,4437.6877,3.164232,0.000000,0.000000
1069,15,15,6481666.9942,4437.6877,3.164233,0.043619,3.467519
1070,15,15,6481668.1302,4437.6877,3.164233,0.001305,2.692613
1071,15,15,6481668.1923,4437.6877,3.164233,0.000671,2.541006
1072,15,15,6481668.2085,4437.6877,3.164233,0.000000,0.000000
1073,15,15,6481675.2642,4437.6877,3.164233,0.000949,2.619887
1074,15,15,6481676.9988,4437.6877,3.164233,-0.001407,2.594967
1075,15,15,6481681.8918,4437.6877,3.164234,0.000000,0.000000
1076,15,15,6481685.8722,4437.6877,3.164234,0.000000,0.000000
1077,15,15,6481687.1218,4437.6877,3.164234,0.005190,2.993164
1078,15,15,6481688.1829,4437.6877,3.164234,-0.000000,0.000000
1079,15,15,6481689.6641,4437.6877,3.164234,0.020685,3.157926
1080,15,15,6481694.3477,4437.6877,3.164234,0.003165,2.353483
1081,15,15,6481694.4212,4437.6877,3.164234,0.005098,2.917431
1082,15,15,6481695.0664,4437.6877,3.164234,0.000929,2.510617
1083,15,15,6481705.9946,4437.6877,3.164235,0.000000,0.000000
1084,15,15,6481706.7674,4437.6877,3.164235,-0.000000,0.000000
1085,15,15,6481707.9945,4437.6877,3.164235,-0.000860,2.934172
1086,15,15,6481710.9499,4437.6877,3.164235,0.000000,0.000000
1087,15,15,6481718.3952,4437.6877,3.164236,0.000000,-0.000000
1088,15,15,6481718.5313,4437.6877,3.164236,0.009463,3.096067
1089,15,15,6481725.1656,4437.6877,3.164236,0.000000,0.000000
1090,15,15,6481725.6078,4437.6877,3.164236,0.000000,0.000000
1091,15,15,6481726.2498,4437.6877,3.164237,0.000000,0.000000
1092,15,15,6481729.9862,4437.6877,3.164237,0.000000,0.000000
1093,15,15,6481732.9344,4437.6877,3.164237,0.000000,0.000000
1094,15,15,6481733.8829,4437.6877,3.164237,0.000944,2.667939
1095,15,15,6481738.1450,4437.6877,3.164237,0.000000,0.000000
1096,15,15,6481739.4257,4437.6877,3.164237,0.021304,3.278133
1097,15,15,6481739.9625,4437.6877,3.164237,0.000587,2.742808
1098,15,15,6481741.0083,4437.6877,3.164237,0.000000,0.000000
1099,15,15,6481745.8093,4437.6877,3.164238,0.000000,0.000000
1100,15,15,6481747.4588,4437.6877,3.164238,0.000998,2.537476
1101,15,15,6481752.1230,4437.6877,3.164238,0.005470,3.068803
1102,15,15,6481754.3805,4437.6877,3.164238,0.000000,0.000000
1103,15,15,6481759.3525,4437.6877,3.164239,0.000000,0.000000
1104,15,15,6481765.3899,4437.6877,3.164239,0.000000,0.000000
1105,15,15,6481767.0663,4437.6877,3.164239,0.000000,0.000000
1106,15,15,6481768.8294,4437.6877,3.164239,0.000000,0.000000
1107,15,15,6481771.7302,4437.6877,3.164240,-0.000000,0.000000
1108,15,15,6481777.5834,4437.6877,3.164240,0.000000,0.000000
1109,15,15,6481777.6271,4437.6877,3.164240,0.021128,3.273891
1110,15,15,6481778.7398,4437.6877,3.164240,0.003870,2.975066
1111,15,15,6481779.5789,4437.6877,3.164240,0.006982,2.903011
1112,15,15,6481781.9203,4437.6877,3.164240,0.000000,0.000000
1113,15,15,6481786.6874,4437.6877,3.164241,0.000942,2.742537
1114,15,15,6481792.8395,4437.6877,3.164241,0.000000,0.000000
1115,15,15,6481793.5213,4437.6877,3.164241,-0.000880,2.578629
1116,15,15,6481793.5761,4437.6877,3.164241,0.001561,2.764955
1117,15,15,6481794.6581,4437.6877,3.164241,-0.000000,0.000000
1118,15,15,6481799.9898,4437.6877,3.164241,0.000558,2.380478
1119,15,15,6481803.0148,4437.6877,3.164242,0.000000,0.000000
1120,15,15,6481811.8119,4437.6877,3.164242,0.000000,0.000000
1121,15,15,6481812.0457,4437.6877,3.164242,0.000000,0.000000
1122,15,15,6481813.9145,4437.6877,3.164242,0.001136,2.557647
1123,15,15,6481815.6327,4437.6877,3.164243,0.005439,2.826278
1124,15,15,6481816.6531,4437.6877,3.164243,0.009415,3.185254
1125,15,15,6481818.4498,4437.6877,3.164243,0.013925,3.089949
1126,15,15,6481822.1834,4437.6877,3.164243,0.008772,2.987788
1127,15,15,6481827.1391,4437.6877,3.164243,0.000000,0.000000
1128,15,15,6481832.9604,4437.6877,3.164244,0.000000,0.000000
1129,15,15,6481834.0388,4437.6877,3.164244,-0.000000,0.000000
1130,15,15,6481834.3572,4437.6877,3.164244,0.006802,2.944971
1131,15,15,6481835.8463,4437.6877,3.164244,0.000729,2.502896
1132,15,15,6481849.3506,4437.6877,3.164245,0.001628,2.759530
1133,15,15,6481853.3991,4437.6877,3.164245,0.000000,0.000000
1134,15,15,6481855.2287,4437.6877,3.164245,-0.000000,0.000000
1135,15,15,6481861.4061,4437.6877,3.164246,0.000510,2.396659
1136,15,15,6481863.8584,4437.6877,3.164246,-0.000000,0.000000
1137,15,15,6481864.0883,4437.6877,3.164246,0.005910,2.945006
1138,15,15,6481864.6157,4437.6877,3.164246,0.000000,0.000000
1139,15,15,6481868.1853,4437.6877,3.164246,0.006424,3.042196
1140,15,15,6481869.5897,4437.6877,3.164246,0.004014,2.766297
1141,15,15,6481874.3865,4437.6877,3.164246,-0.000000,0.000000
1142,15,15,6481876.9545,4437.6877,3.164247,0.000827,2.576666
1143,15,15,6481881.1418,4437.6877,3.164247,0.019049,3.353455
1144,15,15,6481881.4876,4437.6877,3.164247,0.011083,3.143458
1145,15,15,6481883.0731,4437.6877,3.164247,0.000000,0.000000
1146,15,15,6481885.4992,4437.6877,3.164247,0.000932,2.573153
1147,15,15,6481894.8100,4437.6877,3.164248,0.000000,0.000000
1148,15,15,6481900.9278,4437.6877,3.164248,-0.000000,0.000000
1149,15,15,6481901.5759,4437.6877,3.164248,0.000000,0.000000
1150,15,15,6481902.9486,4437.6877,3.164248,0.010486,2.811885
1151,15,15,6481907.6237,4437.6877,3.164249,0.008656,2.904596
1152,15,15,6481907.7763,4437.6877,3.164249,0.011024,2.992912
1153,15,15,6481912.9771,4437.6877,3.164249,0.004593,2.841580
1154,15,15,6481914.0396,4437.6877,3.164249,0.024996,3.323323
1155,15,15,6481914.0835,4437.6877,3.164249,0.000537,2.386715
1156,15,15,6481923.1561,4437.6877,3.164250,0.000000,0.000000
1157,15,15,6481928.3215,4437.6877,3.164250,0.000000,0.000000
1158,15,15,6481929.3710,4437.6877,3.164250,0.000000,0.000000
1159,15,15,6481945.6508,4437.6877,3.164251,0.025219,3.038739
1160,15,15,6481947.1208,4437.6877,3.164251,0.005117,2.878101
1161,15,15,6481947.3303,4437.6877,3.164251,0.000000,0.000000
1162,15,15,6481949.0234,4437.6877,3.164251,0.000000,0.000000
1163,15,15,6481949.2544,4437.6877,3.164251,0.015170,3.165729
1164,15,15,6481957.3488,4437.6877,3.164252,0.000000,0.000000
1165,15,15,6481959.3504,4437.6877,3.164252,-0.000000,0.000000
1166,15,15,6481959.6050,4437.6877,3.164252,0.004785,2.839566
1167,15,15,6481960.4639,4437.6877,3.164252,-0.000000,0.000000
1168,15,15,6481971.4600,4437.6877,3.164253,0.000000,0.000000
1169,15,15,6481978.1987,4437.6877,3.164253,0.003992,2.923623
1170,15,15,6481979.4183,4437.6877,3.164253,0.000000,0.000000
1171,15,15,6481982.1434,4437.6877,3.164254,0.000000,0.000000
1172,15,15,6481984.4924,4437.6877,3.164254,0.000000,0.000000
1173,15,15,6481995.4433,4437.6877,3.164255,0.000000,0.000000
1174,15,15,6482000.2167,4437.6877,3.164255,0.000000,0.000000
1175,15,15,6482004.5916,4437.6877,3.164255,0.000000,0.000000
1176,15,15,6482006.2239,4437.6877,3.164255,0.000000,0.000000
1177,15,15,6482010.3469,4437.6877,3.164256,0.000000,0.000000
1178,15,15,6482013.6591,4437.6877,3.164256,0.017029,3.260176
1179,15,15,6482017.8825,4437.6877,3.164256,0.000000,0.000000
1180,15,15,6482021.1485,4437.6877,3.164256,0.000000,0.000000
1181,15,15,6482022.6644,4437.6877,3.164256,0.000000,0.000000
1182,15,15,6482027.3642,4437.6877,3.164257,0.000000,0.000000
1183,15,15,6482035.3863,4437.6877,3.164257,0.000000,0.000000
1184,15,15,6482044.1654,4437.6877,3.164258,0.000000,0.000000
1185,15,15,6482047.9372,4437.6877,3.164258,0.000000,0.000000
1186,15,15,6482051.3090,4437.6877,3.164258,0.000817,2.486236
1187,15,15,6482051.8940,4437.6877,3.164258,0.000000,-0.000000
1188,15,15,6482053.8217,4437.6877,3.164258,0.000000,0.000000
1189,15,15,6482056.4249,4437.6877,3.164259,0.000000,0.000000
1190,15,15,6482062.9636,4437.6877,3.164259,-0.000000,0.000000
1191,15,15,6482063.4567,4437.6877,3.164259,0.000000,0.000000
1192,15,15,6482072.3463,4437.6877,3.164260,0.000673,2.462051
1193,15,15,6482074.0607,4437.6877,3.164260,0.001479,2.254575
1194,15,15,6482076.3578,4437.6877,3.164260,0.004647,2.820668
1195,15,15,6482081.5367,4437.6877,3.164260,0.006411,2.940162
1196,15,15,6482085.7168,4437.6877,3.164261,0.000000,0.000000
1197,15,15,6482091.2359,4437.6877,3.164261,0.035791,3.331142
1198,15,15,6482095.8559,4437.6877,3.164261,0.000570,2.383582
1199,15,15,6482096.4963,4437.6877,3.164261,0.000000,0.000000
1200,15,15,6482108.8659,4437.6877,3.164262,-0.000000,0.000000
1201,15,15,6482128.2302,4437.6877,3.164263,0.000000,0.000000
1202,15,15,6482128.3501,4437.6877,3.164263,0.000000,0.000000
1203,15,15,6482138.1943,4437.6877,3.164264,-0.000000,0.000000
1204,15,15,6482150.4228,4437.6877,3.164265,0.000000,0.000000
1205,15,15,6482150.9178,4437.6877,3.164265,0.001819,2.635368
1206,15,15,6482163.5131,4437.6877,3.164266,0.005780,2.822307
1207,15,15,6482163.7331,4437.6877,3.164266,0.000954,2.441846
1208,15,15,6482173.7566,4437.6877,3.164267,0.011665,3.096694
1209,15,15,6482174.6502,4437.6877,3.164267,0.005194,2.875728
1210,15,15,6482181.3856,4437.6877,3.164267,0.000000,0.000000
1211,15,15,6482183.3039,4437.6877,3.164267,0.001042,2.550523
1212,15,15,6482188.3619,4437.6877,3.164267,0.000000,0.000000
1213,15,15,6482204.1632,4437.6877,3.164269,0.000000,0.000000
1214,15,15,6482233.0615,4437.6877,3.164270,0.000000,0.000000
1215,15,15,6482240.4987,4437.6877,3.164271,0.000000,0.000000
1216,15,15,6482243.9999,4437.6877,3.164271,0.013939,3.085137
1217,15,15,6482247.2869,4437.6877,3.164271,0.000000,0.000000
1218,15,15,6482250.6735,4437.6877,3.164272,0.001165,2.354742
1219,15,15,6482252.1371,4437.6877,3.164272,0.000000,0.000000
1220,15,15,6482265.6797,4437.6877,3.164273,0.000742,2.471108
1221,15,15,6482267.2539,4437.6877,3.164273,0.014444,3.138053
1222,15,15,6482271.6293,4437.6877,3.164273,0.000000,0.000000
1223,15,15,6482272.1918,4437.6877,3.164273,0.000000,0.000000
1224,15,15,6482274.8999,4437.6877,3.164273,0.000000,0.000000
1225,15,15,6482280.2337,4437.6877,3.164274,0.000776,2.481040
1226,15,15,6482281.3112,4437.6877,3.164274,0.000000,0.000000
1227,15,15,6482287.8276,4437.6877,3.164274,0.000000,0.000000
1228,15,15,6482320.9107,4437.6877,3.164276,-0.000000,0.000000
1229,15,15,6482330.4770,4437.6877,3.164277,0.000000,0.000000
1230,15,15,6482331.4516,4437.6877,3.164277,0.000000,0.000000
1231,15,15,6482339.9512,4437.6877,3.164278,0.000000,-0.000000
1232,15,15,6482351.4329,4437.6877,3.164278,0.000000,0.000000
1233,15,15,6482352.1683,4437.6877,3.164278,-0.000000,0.000000
1234,15,15,6482358.0931,4437.6877,3.164279,0.000000,0.000000
1235,15,15,6482360.5227,4437.6877,3.164279,0.000000,0.000000
1236,15,15,6482376.3334,4437.6877,3.164280,0.000000,0.000000
1237,15,15,6482384.4189,4437.6877,3.164281,0.000000,-0.000000
1238,15,15,6482385.7542,4437.6877,3.164281,0.000000,0.000000
1239,15,15,6482391.4244,4437.6877,3.164281,-0.000000,0.000000
1240,15,15,6482403.1040,4437.6877,3.164282,-0.000000,0.000000
1241,15,15,6482405.2024,4437.6877,3.164282,0.000000,0.000000
1242,15,15,6482413.8365,4437.6877,3.164283,0.000000,0.000000
1243,15,15,6482416.3413,4437.6877,3.164283,-0.000000,0.000000
1244,15,15,6482423.1042,4437.6877,3.164283,0.000000,0.000000
1245,15,15,6482423.2294,4437.6877,3.164283,0.000000,0.000000
1246,15,15,6482430.5995,4437.6877,3.164284,0.000000,0.000000
1247,15,15,6482433.6073,4437.6877,3.164284,0.000000,0.000000
1248,15,15,6482434.2484,4437.6877,3.164284,0.000000,0.000000
1249,15,15,6482436.5250,4437.6877,3.164284,0.000000,0.000000
1250,15,15,6482440.7755,4437.6877,3.164284,0.000000,0.000000
1251,15,15,6482440.9379,4437.6877,3.164284,0.000000,0.000000
1252,15,15,6482445.2628,4437.6877,3.164285,-0.000000,0.000000
1253,15,15,6482445.4420,4437.6877,3.164285,0.000000,0.000000
1254,15,15,6482445.5713,4437.6877,3.164285,0.000000,0.000000
1255,15,15,6482456.9803,4437.6877,3.164286,0.000000,-0.000000
1256,15,15,6482463.3393,4437.6877,3.164286,0.000000,0.000000
1257,15,15,6482490.1319,4437.6877,3.164288,0.000000,0.000000
1258,15,15,6482498.4891,4437.6877,3.164288,0.000000,0.000000
1259,15,15,6482506.3385,4437.6877,3.164289,0.000000,0.000000
1260,15,15,6482507.8955,4437.6877,3.164289,0.000000,0.000000
1261,15,15,6482530.0496,4437.6877,3.164290,0.000000,-0.000000
1262,15,15,6482534.3882,4437.6877,3.164291,0.000000,0.000000
1263,15,15,6482549.6718,4437.6877,3.164292,0.000000,0.000000
1264,15,15,6482554.1565,4437.6877,3.164292,0.000000,0.000000
1265,15,15,6482563.3054,4437.6877,3.164293,0.000000,-0.000000
1266,15,15,6482572.1790,4437.6877,3.164293,0.000000,0.000000
1267,15,15,6482596.5660,4437.6877,3.164295,0.000000,0.000000
1268,15,15,6482606.3579,4437.6877,3.164296,-0.000000,0.000000
1269,15,15,6482608.3837,4437.6877,3.164296,0.000000,0.000000
1270,15,15,6482612.5481,4437.6877,3.164296,0.000000,0.000000
1271,15,15,6482615.2769,4437.6877,3.164296,0.000000,0.000000
1272,15,15,6482640.8265,4437.6877,3.164298,0.000000,0.000000
1273,15,15,6482641.7282,4437.6877,3.164298,0.000000,0.000000
1274,15,15,6482645.5284,4437.6877,3.164298,0.000000,0.000000
1275,15,15,6482646.8889,4437.6877,3.164298,0.000000,0.000000
1276,15,15,6482648.5802,4437.6877,3.164298,0.000000,0.000000
1277,15,15,6482656.6958,4437.6877,3.164299,0.000000,0.000000
1278,15,15,6482666.8166,4437.6877,3.164300,0.000000,0.000000
1279,15,15,6482674.9691,4437.6877,3.164300,0.000000,0.000000
1280,15,15,6482675.1319,4437.6877,3.164300,0.000000,0.000000
1281,15,15,6482676.4494,4437.6877,3.164300,-0.000000,0.000000
1282,15,15,6482703.9048,4437.6877,3.164302,0.000000,0.000000
1283,15,15,6482714.3179,4437.6877,3.164303,0.000000,0.000000
1284,15,15,6482717.2738,4437.6877,3.164303,-0.000000,0.000000
1285,15,15,6482721.7256,4437.6877,3.164303,0.000000,0.000000
1286,15,15,6482761.1959,4437.6877,3.164306,0.000000,0.000000
1287,15,15,6482777.8992,4437.6877,3.164307,0.004832,2.953343
1288,15,15,6482778.8524,4437.6877,3.164307,0.000000,0.000000
1289,15,15,6482792.3126,4437.6877,3.164308,0.000000,0.000000
1290,15,15,6482823.6748,4437.6877,3.164310,0.000000,0.000000
1291,15,15,6482866.3886,4437.6877,3.164313,-0.000000,0.000000
1292,15,15,6482867.4128,4437.6877,3.164313,0.000000,0.000000
1293,15,15,6482873.7062,4437.6877,3.164313,0.000000,0.000000
1294,15,15,6482880.6734,4437.6877,3.164314,0.000000,0.000000
1295,15,15,6482893.1401,4437.6877,3.164315,0.000000,0.000000
1296,15,15,6482893.5485,4437.6877,3.164315,0.000000,0.000000
1297,15,15,6482904.9454,4437.6877,3.164316,0.000000,0.000000
1298,15,15,6482912.2136,4437.6877,3.164316,0.000000,0.000000
1299,15,15,6482916.4141,4437.6877,3.164316,0.000000,0.000000
1300,15,15,6482920.3988,4437.6877,3.164317,-0.000000,0.000000
1301,15,15,6482925.7369,4437.6877,3.164317,0.004599,2.893734
1302,15,15,6482936.7471,4437.6877,3.164318,0.000000,0.000000
1303,15,15,6482943.9234,4437.6877,3.164318,0.000000,0.000000
1304,15,15,6482945.5031,4437.6877,3.164318,0.001917,2.659599
1305,15,15,6482953.1217,4437.6877,3.164319,-0.000000,0.000000
1306,15,15,6482967.6880,4437.6877,3.164320,0.000000,0.000000
1307,15,15,6482985.9820,4437.6877,3.164321,0.000000,0.000000
1308,15,15,6482995.6937,4437.6877,3.164322,0.025569,3.247878
1309,15,15,6483001.6665,4437.6877,3.164322,0.000000,0.000000
1310,15,15,6483023.5468,4437.6877,3.164323,0.000000,0.000000
1311,15,15,6483033.9759,4437.6877,3.164324,0.000000,0.000000
1312,15,15,6483037.9900,4437.6877,3.164324,0.000000,0.000000
1313,15,15,6483038.5083,4437.6877,3.164324,0.000000,0.000000
1314,15,15,6483041.1641,4437.6877,3.164325,0.000000,0.000000
1315,15,15,6483073.4793,4437.6877,3.164327,0.000000,0.000000
1316,15,15,6483082.3486,4437.6877,3.164327,0.000000,0.000000
1317,15,15,6483083.2673,4437.6877,3.164327,0.000000,0.000000
1318,15,15,6483086.9004,4437.6877,3.164328,0.000000,0.000000
1319,15,15,6483090.1146,4437.6877,3.164328,0.000000,0.000000
1320,15,15,6483096.8534,4437.6877,3.164328,0.000000,-0.000000
1321,15,15,6483103.8557,4437.6877,3.164329,0.000000,0.000000
1322,15,15,6483130.6584,4437.6877,3.164331,0.000000,-0.000000
1323,15,15,6483175.4583,4437.6877,3.164334,0.000000,0.000000
1324,15,15,6483222.5803,4437.6877,3.164337,0.000000,0.000000
1325,15,15,6483274.2575,4437.6877,3.164340,0.005786,2.997103
1326,15,15,6483277.6766,4437.6877,3.164341,0.000000,0.000000
1327,15,15,6483319.9754,4437.6877,3.164343,0.000000,0.000000
1328,15,15,6483326.3176,4437.6877,3.164344,0.000000,0.000000
1329,15,15,6483327.6249,4437.6877,3.164344,0.000000,0.000000
1330,15,15,6483346.5166,4437.6877,3.164345,0.000000,0.000000
1331,15,15,6483347.8006,4437.6877,3.164345,0.002341,2.860524
1332,15,15,6483349.2646,4437.6877,3.164345,0.000000,0.000000
1333,15,15,6483374.7537,4437.6877,3.164347,0.000738,2.877214
1334,15,15,6483375.8929,4437.6877,3.164347,0.000000,0.000000
1335,15,15,6483378.4163,4437.6877,3.164347,0.000000,0.000000
1336,15,15,6483385.1055,4437.6877,3.164348,0.001621,2.635974
1337,15,15,6483386.1994,4437.6877,3.164348,0.000000,-0.000000
1338,15,15,6483395.7972,4437.6877,3.164348,0.000000,0.000000
1339,15,15,6483403.6751,4437.6877,3.164349,0.000000,0.000000
1340,15,15,6483410.9145,4437.6877,3.164349,0.000000,-0.000000
1341,15,15,6483412.9892,4437.6877,3.164350,0.000000,0.000000
1342,15,15,6483413.4712,4437.6877,3.164350,0.000000,0.000000
1343,15,15,6483413.9952,4437.6877,3.164350,0.000000,0.000000
1344,15,15,6483415.5936,4437.6877,3.164350,0.000000,-0.000000
1345,15,15,6483421.9209,4437.6877,3.164350,0.000000,0.000000
1346,15,15,6483422.5734,4437.6877,3.164350,0.000000,0.000000
1347,15,15,6483439.7924,4437.6877,3.164351,0.006950,3.038765
1348,15,15,6483445.4248,4437.6877,3.164352,0.000000,0.000000
1349,15,15,6483453.6191,4437.6877,3.164352,0.003036,2.885096
1350,15,15,6483480.4882,4437.6877,3.164354,-0.000000,0.000000
1351,15,15,6483489.8775,4437.6877,3.164355,0.000000,0.000000
1352,15,15,6483498.0655,4437.6877,3.164355,0.000000,0.000000
1353,15,15,6483506.1173,4437.6877,3.164356,0.000000,-0.000000
1354,15,15,6483507.7656,4437.6877,3.164356,0.000000,0.000000
1355,15,15,6483522.3183,4437.6877,3.164357,0.000000,0.000000
1356,15,15,6483533.9730,4437.6877,3.164358,0.000000,0.000000
1357,15,15,6483541.2007,4437.6877,3.164358,0.000000,0.000000
1358,15,15,6483541.7233,4437.6877,3.164358,0.000000,0.000000
1359,15,15,6483543.2194,4437.6877,3.164358,0.000000,0.000000
1360,15,15,6483549.8801,4437.6877,3.164359,0.000000,0.000000
1361,15,15,6483562.3540,4437.6877,3.164360,0.000000,0.000000
1362,15,15,6483562.9837,4437.6877,3.164360,0.000000,0.000000
1363,15,15,6483582.2135,4437.6877,3.164361,0.001449,2.679720
1364,15,15,6483624.6799,4437.6877,3.164364,0.000000,0.000000
1365,15,15,6483629.1320,4437.6877,3.164364,0.000000,0.000000
1366,15,15,6483643.7857,4437.6877,3.164365,0.000000,0.000000
1367,15,15,6483644.6092,4437.6877,3.164365,0.000000,0.000000
1368,15,15,6483655.5990,4437.6877,3.164366,0.000000,0.000000
1369,15,15,6483665.3574,4437.6877,3.164367,0.000000,0.000000
1370,15,15,6483677.9225,4437.6877,3.164367,0.000000,0.000000
1371,15,15,6483678.3119,4437.6877,3.164367,0.000000,0.000000
1372,15,15,6483710.8523,4437.6877,3.164370,0.000000,0.000000
1373,15,15,6483717.9803,4437.6877,3.164370,0.000000,0.000000
1374,15,15,6483773.3259,4437.6877,3.164374,0.000000,0.000000
1375,15,15,6483797.2263,4437.6877,3.164375,0.000000,0.000000
1376,15,15,6483811.5880,4437.6877,3.164376,0.000000,0.000000
1377,15,15,6483816.7610,4437.6877,3.164377,0.000000,0.000000
1378,15,15,6483822.4642,4437.6877,3.164377,0.000000,-0.000000
1379,15,15,6483830.4092,4437.6877,3.164378,0.003201,2.968440
1380,15,15,6483846.5381,4437.6877,3.164379,0.000000,0.000000
1381,15,15,6483850.3388,4437.6877,3.164379,0.000000,0.000000
1382,15,15,6483863.2992,4437.6877,3.164380,0.000000,0.000000
1383,15,15,6483863.9272,4437.6877,3.164380,0.000000,0.000000
1384,15,15,6483866.0808,4437.6877,3.164380,0.000000,0.000000
1385,15,15,6483872.5365,4437.6877,3.164380,0.002203,2.857353
1386,15,15,6483878.7198,4437.6877,3.164381,0.002115,2.810549
1387,15,15,6483887.8421,4437.6877,3.164381,0.000000,0.000000
1388,15,15,6483892.1737,4437.6877,3.164382,0.000000,0.000000
1389,15,15,6483894.1954,4437.6877,3.164382,0.000000,0.000000
1390,15,15,6483905.8178,4437.6877,3.164383,0.000000,0.000000
1391,15,15,6483908.3722,4437.6877,3.164383,0.000000,0.000000
1392,15,15,6483909.7312,4437.6877,3.164383,0.000000,0.000000
1393,15,15,6483914.9719,4437.6877,3.164383,0.000000,0.000000
1394,15,15,6483927.3526,4437.6877,3.164384,0.000000,0.000000
1395,15,15,6483937.5870,4437.6877,3.164385,0.001861,2.707602
1396,15,15,6483939.8071,4437.6877,3.164385,0.000000,0.000000
1397,15,15,6483942.0158,4437.6877,3.164385,0.000000,0.000000
1398,15,15,6483954.7744,4437.6877,3.164386,0.000000,0.000000
1399,15,15,6483955.0803,4437.6877,3.164386,0.000000,0.000000
1400,15,15,6483955.1336,4437.6877,3.164386,0.000000,0.000000
1401,15,15,6483956.3483,4437.6877,3.164386,0.000000,0.000000
1402,15,15,6483960.0524,4437.6877,3.164386,0.000000,-0.000000
1403,15,15,6483989.1143,4437.6877,3.164388,0.000000,0.000000
1404,15,15,6483990.5735,4437.6877,3.164388,0.000000,0.000000
1405,15,15,6483999.0895,4437.6877,3.164389,0.000000,0.000000
1406,15,15,6484010.9488,4437.6877,3.164390,0.000000,0.000000
1407,15,15,6484013.9185,4437.6877,3.164390,0.000000,0.000000
1408,15,15,6484037.0266,4437.6877,3.164391,0.000000,0.000000
1409,15,15,6484042.6257,4437.6877,3.164392,0.000000,0.000000
1410,15,15,6484047.4549,4437.6877,3.164392,0.000000,0.000000
1411,15,15,6484052.9820,4437.6877,3.164392,0.008240,2.980324
1412,15,15,6484070.9477,4437.6877,3.164394,0.013834,3.105029
1413,15,15,6484082.7038,4437.6877,3.164394,0.000000,0.000000
1414,15,15,6484083.1813,4437.6877,3.164395,0.000000,0.000000
1415,15,15,6484085.5365,4437.6877,3.164395,0.000000,0.000000
1416,15,15,6484086.3611,4437.6877,3.164395,0.000000,0.000000
1417,15,15,6484088.8314,4437.6877,3.164395,0.000000,-0.000000
1418,15,15,6484094.0205,4437.6877,3.164395,0.000000,-0.000000
1419,15,15,6484099.3929,4437.6877,3.164396,0.000000,0.000000
1420,15,15,6484106.1927,4437.6877,3.164396,0.000000,0.000000
1421,15,15,6484114.5353,4437.6877,3.164397,0.000000,0.000000
1422,15,15,6484116.6038,4437.6877,3.164397,0.000000,0.000000
1423,15,15,6484118.9793,4437.6877,3.164397,0.000000,0.000000
1424,15,15,6484134.1956,4437.6877,3.164398,-0.000000,-0.000000
1425,15,15,6484148.5345,4437.6877,3.164399,0.000000,0.000000
1426,15,15,6484161.3209,4437.6877,3.164400,0.000000,0.000000
1427,15,15,6484208.0213,4437.6877,3.164403,0.000000,0.000000
1428,15,15,6484214.2911,4437.6877,3.164403,0.000000,0.000000
1429,15,15,6484262.4252,4437.6877,3.164407,0.000000,0.000000
1430,15,15,6484329.6183,4437.6877,3.164411,0.000000,0.000000
1431,15,15,6484363.0059,4437.6877,3.164413,0.001194,2.443358
1432,15,15,6484392.2464,4437.6877,3.164415,0.000000,0.000000
1433,15,15,6484532.3035,4437.6877,3.164425,0.000000,0.000000
1434,15,15,6484542.2489,4437.6877,3.164425,0.000729,2.297965
1435,15,15,6484553.6040,4437.6877,3.164426,0.000000,0.000000
1436,15,15,6484558.7015,4437.6877,3.164426,0.000000,0.000000
1437,15,15,6484636.7450,4437.6877,3.164432,-0.000364,2.347277
1438,15,15,6484693.5860,4437.6877,3.164435,0.000000,0.000000
1439,15,15,6484912.2599,4437.6877,3.164450,0.000000,0.000000
1440,15,15,6484934.9700,4437.6877,3.164452,0.000000,0.000000
1441,15,15,6485161.4651,4437.6877,3.164467,0.000000,0.000000
1442,15,15,6485180.9346,4437.6877,3.164468,0.000000,0.000000
1443,15,15,6485375.1174,4437.6877,3.164481,0.000000,0.000000
1444,15,15,6485384.7376,4437.6877,3.164482,0.000000,0.000000
1445,15,15,6485612.0179,4437.6877,3.164497,0.000000,0.000000
1446,15,15,6485642.8425,4437.6877,3.164499,0.000000,0.000000
1447,15,15,6485866.4171,4437.6877,3.164514,0.000000,0.000000
1448,15,15,6485883.7369,4437.6877,3.164515,0.000000,0.000000
1449,15,15,6486157.8145,4437.6877,3.164534,0.000000,0.000000
1450,15,15,6486164.6902,4437.6877,3.164534,0.000000,0.000000
1451,15,15,6488474.9355,4437.6877,3.164689,0.000000,0.000000
1452,15,15,6488474.9396,4437.6877,3.164689,0.000000,0.000000
