n_div,mode_rank,matched_m,matched_n,w_h_FEM,w_h_exact,log10_Error_w_h
9,1,1,2,43.2261,49.3476,-0.906413
9,2,2,2,87.0522,78.9557,-0.989086
9,3,1,3,91.3602,98.6942,-1.128946
9,4,2,3,135.1329,128.3018,-1.273745
9,5,1,4,152.4812,167.7781,-1.040132
9,6,1,4,160.7415,167.7781,-1.377374
9,7,3,3,179.5931,177.6471,-1.960415
9,8,2,4,193.5332,197.3849,-1.709660
9,9,2,4,209.3974,197.3849,-1.215682
9,10,2,4,212.8913,197.3849,-1.104804
9,11,3,4,229.2798,246.7289,-1.150447
9,12,1,5,251.9905,256.5976,-1.745824
9,13,1,5,253.6504,256.5976,-1.939849
9,14,1,5,256.3457,256.5976,-3.008045
9,15,1,5,260.6804,256.5976,-1.798286
9,16,1,5,270.5555,256.5976,-1.264431
9,17,4,4,313.8237,315.8089,-2.201606
9,18,4,4,323.9756,315.8089,-1.587377
9,19,4,4,324.4514,315.8089,-1.562786
9,20,1,6,354.7121,365.1508,-1.543827
10,1,1,2,42.5267,49.3476,-0.859428
10,2,2,2,86.3810,78.9557,-1.026670
10,3,1,3,89.5010,98.6942,-1.030821
10,4,2,3,134.1644,128.3018,-1.340140
10,5,1,4,150.2786,167.7781,-0.981710
10,6,1,4,158.3016,167.7781,-1.248089
10,7,2,4,188.0583,197.3849,-1.325591
10,8,2,4,212.7978,197.3849,-1.107430
10,9,2,4,217.4024,197.3849,-0.993904
10,10,2,4,218.6453,197.3849,-0.967742
10,11,3,4,235.0617,246.7289,-1.325254
10,12,3,4,238.6547,246.7289,-1.485122
10,13,3,4,250.2280,246.7289,-1.848259
10,14,1,5,256.2576,256.5976,-2.877820
10,15,2,5,272.7495,286.2034,-1.327825
10,16,2,5,279.0755,286.2034,-1.603715
10,17,2,5,289.6324,286.2034,-1.921504
10,18,2,5,293.1831,286.2034,-1.612839
10,19,2,5,298.3903,286.2034,-1.370782
10,20,4,4,325.4673,315.8089,-1.514521
11,1,1,2,41.9243,49.3476,-0.822674
11,2,2,2,84.8590,78.9557,-1.126287
11,3,2,2,87.7137,78.9557,-0.954975
11,4,2,3,133.2682,128.3018,-1.412193
11,5,1,4,149.3783,167.7781,-0.959922
11,6,1,4,155.5434,167.7781,-1.137144
11,7,2,4,191.9798,197.3849,-1.562512
11,8,2,4,208.5869,197.3849,-1.246018
11,9,3,4,231.7969,246.7289,-1.218102
11,10,3,4,233.0317,246.7289,-1.255588
11,11,3,4,233.8764,246.7289,-1.283233
11,12,3,4,241.7607,246.7289,-1.696022
11,13,3,4,250.7261,246.7289,-1.790462
11,14,2,5,280.3854,286.2034,-1.691898
11,15,2,5,289.4241,286.2034,-1.948732
11,16,2,5,291.9381,286.2034,-1.698167
11,17,2,5,297.1542,286.2034,-1.417231
11,18,4,4,301.7038,315.8089,-1.350047
11,19,4,4,307.1317,315.8089,-1.561041
11,20,4,4,310.2864,315.8089,-1.757282
12,1,1,2,41.1698,49.3476,-0.780633
12,2,2,2,83.9490,78.9557,-1.198990
12,3,2,2,86.0059,78.9557,-1.049182
12,4,2,3,131.0734,128.3018,-1.665501
12,5,2,3,147.2340,128.3018,-0.831031
12,6,1,4,152.8439,167.7781,-1.050554
12,7,2,4,191.1400,197.3849,-1.499789
12,8,2,4,205.7491,197.3849,-1.372889
12,9,3,4,233.9554,246.7289,-1.285910
12,10,3,4,234.1177,246.7289,-1.291464
12,11,3,4,250.8410,246.7289,-1.778158
12,12,1,5,253.7885,256.5976,-1.960687
12,13,1,5,257.7633,256.5976,-2.342669
12,14,2,5,281.0441,286.2034,-1.744082
12,15,2,5,290.6510,286.2034,-1.808553
12,16,4,4,301.7068,315.8089,-1.350139
12,17,4,4,312.1514,315.8089,-1.936240
12,18,4,4,317.5715,315.8089,-2.253271
12,19,4,4,319.1911,315.8089,-1.970225
12,20,3,5,332.6765,335.5458,-2.067974
13,1,1,2,40.6633,49.3476,-0.754531
13,2,2,2,82.6132,78.9557,-1.334194
13,3,2,2,84.5048,78.9557,-1.153160
13,4,2,3,129.3958,128.3018,-2.069207
13,5,2,3,146.0404,128.3018,-0.859315
13,6,1,4,150.3428,167.7781,-0.983307
13,7,2,4,191.2599,197.3849,-1.508208
13,8,2,4,201.4106,197.3849,-1.690473
13,9,3,4,231.2278,246.7289,-1.201859
13,10,3,4,231.3745,246.7289,-1.205988
13,11,3,4,250.4372,246.7289,-1.823047
13,12,1,5,269.0619,256.5976,-1.313584
13,13,1,5,269.2829,256.5976,-1.305950
13,14,2,5,285.7866,286.2034,-2.836689
13,15,2,5,287.9009,286.2034,-2.226860
13,16,4,4,320.6764,315.8089,-1.812124
13,17,3,5,326.4421,335.5458,-1.566534
13,18,3,5,326.8459,335.5458,-1.586240
13,19,3,5,333.1526,335.5458,-2.146773
13,20,3,5,339.0579,335.5458,-1.980186
14,1,1,2,40.0307,49.3476,-0.723998
14,2,2,2,81.7586,78.9557,-1.449771
14,3,2,2,83.1183,78.9557,-1.278017
14,4,2,3,127.2846,128.3018,-2.100836
14,5,2,3,144.2358,128.3018,-0.905909
14,6,1,4,148.1165,167.7781,-0.931118
14,7,2,4,189.1415,197.3849,-1.379205
14,8,2,4,198.3390,197.3849,-2.315717
14,9,3,4,229.9776,246.7289,-1.168173
14,10,3,4,230.0702,246.7289,-1.170581
14,11,1,5,254.7341,256.5976,-2.138934
14,12,2,5,280.3955,286.2034,-1.692652
14,13,2,5,281.7872,286.2034,-1.811621
14,14,2,5,282.5596,286.2034,-1.895114
14,15,2,5,284.7614,286.2034,-2.297709
14,16,4,4,318.4569,315.8089,-2.076506
14,17,4,4,322.8322,315.8089,-1.652888
14,18,3,5,332.1707,335.5458,-1.997470
14,19,3,5,346.8263,335.5458,-1.473422
14,20,1,6,351.5582,365.1508,-1.429172
15,1,1,2,39.5837,49.3476,-0.703646
15,2,2,2,80.6728,78.9557,-1.662594
15,3,2,2,81.9561,78.9557,-1.420195
15,4,2,3,125.6780,128.3018,-1.689301
15,5,2,3,143.1332,128.3018,-0.937053
15,6,2,3,146.1657,128.3018,-0.856256
15,7,2,4,188.0910,197.3849,-1.327114
15,8,2,4,194.9396,197.3849,-1.906978
15,9,3,4,227.2251,246.7289,-1.102101
15,10,3,4,227.6191,246.7289,-1.110964
15,11,3,4,251.6338,246.7289,-1.701591
15,12,2,5,279.4841,286.2034,-1.629350
15,13,2,5,280.9621,286.2034,-1.737237
15,14,2,5,295.0068,286.2034,-1.512025
15,15,2,5,296.3939,286.2034,-1.448480
15,16,3,5,325.9239,335.5458,-1.542491
15,17,3,5,326.9869,335.5458,-1.593334
15,18,3,5,331.9951,335.5458,-1.975437
15,19,3,5,345.6673,335.5458,-1.520507
15,20,1,6,366.3349,365.1508,-2.489062
16,1,1,2,39.0559,49.3476,-0.680782
16,2,2,2,79.9997,78.9557,-1.878675
16,3,2,2,80.9067,78.9557,-1.607119
16,4,2,3,123.9301,128.3018,-1.467583
16,5,2,3,141.6831,128.3018,-0.981735
16,6,2,3,144.4369,128.3018,-0.900461
16,7,3,3,186.0366,177.6471,-1.325822
16,8,2,4,192.2635,197.3849,-1.585926
16,9,3,4,225.9881,246.7289,-1.075394
16,10,3,4,226.2419,246.7289,-1.080743
16,11,1,5,251.9691,256.5976,-1.743814
16,12,2,5,275.8435,286.2034,-1.441320
16,13,2,5,277.1306,286.2034,-1.498933
16,14,4,4,308.3429,315.8089,-1.626333
16,15,4,4,308.9642,315.8089,-1.664065
16,16,4,4,322.9037,315.8089,-1.648488
16,17,4,4,324.8594,315.8089,-1.542755
16,18,3,5,328.8412,335.5458,-1.699380
16,19,3,5,345.9200,335.5458,-1.509796
16,20,2,6,380.1608,394.7554,-1.432135
17,1,1,2,38.7144,49.3476,-0.666604
17,2,2,2,79.1403,78.9557,-2.631071
17,3,2,2,80.0478,78.9557,-1.859109
17,4,2,3,122.5982,128.3018,-1.352086
17,5,2,3,140.8154,128.3018,-1.010851
17,6,2,3,142.9973,128.3018,-0.941048
17,7,3,3,184.7340,177.6471,-1.399098
17,8,2,4,189.6458,197.3849,-1.406621
17,9,3,4,223.7947,246.7289,-1.031736
17,10,3,4,224.2082,246.7289,-1.039639
17,11,3,4,249.1504,246.7289,-2.008128
17,12,2,5,272.9957,286.2034,-1.335846
17,13,2,5,275.2041,286.2034,-1.415310
17,14,4,4,321.1959,315.8089,-1.768077
17,15,4,4,321.5097,315.8089,-1.743489
17,16,4,4,323.7108,315.8089,-1.601694
17,17,3,5,327.0784,335.5458,-1.598001
17,18,3,5,327.7939,335.5458,-1.636344
17,19,3,5,342.8220,335.5458,-1.663847
17,20,1,6,376.9366,365.1508,-1.491111
18,1,1,2,38.3878,49.3476,-0.653464
18,2,2,2,78.5559,78.9557,-2.295558
18,3,2,2,79.3338,78.9557,-2.319779
18,4,2,3,121.1921,128.3018,-1.256383
18,5,2,3,139.7081,128.3018,-1.051088
18,6,2,3,141.6511,128.3018,-0.982775
18,7,3,3,182.9594,177.6471,-1.524269
18,8,3,3,187.4611,177.6471,-1.257711
18,9,3,4,222.7814,246.7289,-1.012960
18,10,3,4,223.0829,246.7289,-1.018463
18,11,3,4,248.3399,246.7289,-2.185105
18,12,1,5,270.0929,256.5976,-1.279069
18,13,2,5,272.0291,286.2034,-1.305174
18,14,4,4,321.1826,315.8089,-1.769154
18,15,4,4,324.7957,315.8089,-1.545823
18,16,4,4,325.1641,315.8089,-1.528374
18,17,3,5,334.0628,335.5458,-2.354624
18,18,3,5,334.6557,335.5458,-2.576348
18,19,3,5,340.3737,335.5458,-1.841991
18,20,1,6,375.5173,365.1508,-1.546840
19,1,1,2,38.0622,49.3476,-0.640750
19,2,2,2,77.9428,78.9557,-1.891820
19,3,2,2,78.6142,78.9557,-2.364053
19,4,2,3,120.0558,128.3018,-1.191988
19,5,2,3,139.0457,128.3018,-1.077072
19,6,2,3,140.5759,128.3018,-1.019243
19,7,3,3,181.6916,177.6471,-1.642689
19,8,3,3,185.3906,177.6471,-1.360619
19,9,2,4,221.0811,197.3849,-0.920636
19,10,2,4,221.4531,197.3849,-0.913871
19,11,3,4,245.9430,246.7289,-2.496888
19,12,1,5,267.7353,256.5976,-1.362457
19,13,1,5,270.0102,256.5976,-1.281738
19,14,4,4,321.3000,315.8089,-1.759772
19,15,4,4,324.2197,315.8089,-1.574589
19,16,4,4,324.8371,315.8089,-1.543825
19,17,3,5,337.2605,335.5458,-2.291551
19,18,3,5,346.6297,335.5458,-1.481058
19,19,3,5,347.0462,335.5458,-1.465038
19,20,1,6,372.5621,365.1508,-1.692575
20,1,1,2,37.8709,49.3476,-0.633450
20,2,2,2,77.5036,78.9557,-1.735406
20,3,2,2,78.0725,78.9557,-1.951354
20,4,2,3,118.9487,128.3018,-1.137279
20,5,2,3,138.1559,128.3018,-1.114615
20,6,2,3,139.5493,128.3018,-1.057177
20,7,3,3,180.2292,177.6471,-1.837577
20,8,3,3,183.5945,177.6471,-1.475228
20,9,2,4,220.3001,197.3849,-0.935191
20,10,2,4,220.5761,197.3849,-0.929992
20,11,3,4,244.7449,246.7289,-2.094682
20,12,1,5,265.4410,256.5976,-1.462629
20,13,1,5,267.4699,256.5976,-1.372929
20,14,4,4,319.2991,315.8089,-1.956573
20,15,4,4,322.0781,315.8089,-1.702213
20,16,4,4,323.1423,315.8089,-1.634121
20,17,3,5,334.6802,335.5458,-2.588448
20,18,1,6,359.2812,365.1508,-1.793868
20,19,1,6,359.8026,365.1508,-1.834272
20,20,1,6,370.3797,365.1508,-1.844059
21,1,1,2,37.7035,49.3476,-0.627163
21,2,2,2,76.9867,78.9557,-1.603143
21,3,2,2,77.5213,78.9557,-1.740731
21,4,2,3,117.9878,128.3018,-1.094806
21,5,2,3,137.6571,128.3018,-1.137177
21,6,2,3,138.7670,128.3018,-1.088484
21,7,3,3,179.0883,177.6471,-2.090838
21,8,3,3,181.9717,177.6471,-1.613608
21,9,2,4,218.9557,197.3849,-0.961447
21,10,2,4,219.2830,197.3849,-0.954908
21,11,3,4,242.7557,246.7289,-1.793087
21,12,1,5,263.5185,256.5976,-1.569085
21,13,1,5,265.6142,256.5976,-1.454206
21,14,4,4,319.2098,315.8089,-1.967834
21,15,4,4,321.2991,315.8089,-1.759836
21,16,4,4,322.1651,315.8089,-1.696229
21,17,3,5,331.9033,335.5458,-1.964353
21,18,1,6,367.6763,365.1508,-2.160122
21,19,1,6,369.0567,365.1508,-1.970744
21,20,1,6,372.0250,365.1508,-1.725245
22,1,1,2,37.3830,49.3476,-0.615368
22,2,2,2,76.6631,78.9557,-1.537055
22,3,2,2,77.1027,78.9557,-1.629509
22,4,2,3,117.0610,128.3018,-1.057437
22,5,2,3,136.9494,128.3018,-1.171340
22,6,2,3,137.9412,128.3018,-1.124182
22,7,3,3,177.8889,177.6471,-2.866105
22,8,3,3,180.4853,177.6471,-1.796505
22,9,2,4,218.3884,197.3849,-0.973023
22,10,2,4,218.6298,197.3849,-0.968060
22,11,3,4,241.4684,246.7289,-1.671196
22,12,1,5,261.6974,256.5976,-1.701700
22,13,1,5,263.5582,256.5976,-1.566602
22,14,4,4,317.6057,315.8089,-2.244934
22,15,4,4,319.6321,315.8089,-1.916996
22,16,4,4,320.5413,315.8089,-1.824349
22,17,3,5,329.5594,335.5458,-1.748586
22,18,1,6,365.7862,365.1508,-2.759363
22,19,1,6,366.7593,365.1508,-2.356050
22,20,2,6,384.7541,394.7554,-1.596269
23,1,1,2,37.3375,49.3476,-0.613721
23,2,2,2,76.3643,78.9557,-1.483851
23,3,2,2,76.6998,78.9557,-1.544063
23,4,2,3,116.3177,128.3018,-1.029627
23,5,2,3,136.5745,128.3018,-1.190584
23,6,2,3,137.3891,128.3018,-1.149801
23,7,3,3,176.8874,177.6471,-2.368924
23,8,3,3,179.1884,177.6471,-2.061658
23,9,2,4,217.3152,197.3849,-0.995800
23,10,2,4,217.5977,197.3849,-0.989687
23,11,3,4,239.8160,246.7289,-1.552562
23,12,1,5,260.1175,256.5976,-1.862715
23,13,1,5,261.9483,256.5976,-1.680842
23,14,4,4,317.4573,315.8089,-2.282366
23,15,4,4,319.0509,315.8089,-1.988616
23,16,4,4,319.3488,315.8089,-1.950435
23,17,3,5,327.1552,335.5458,-1.601958
23,18,1,6,363.6643,365.1508,-2.390331
23,19,1,6,364.6098,365.1508,-2.829328
23,20,2,6,397.3087,394.7554,-2.189227
24,1,1,2,37.1519,49.3476,-0.607062
24,2,2,2,76.0685,78.9557,-1.436915
24,3,2,2,76.3563,78.9557,-1.482516
24,4,2,3,115.5741,128.3018,-1.003484
24,5,2,3,136.0334,128.3018,-1.219962
24,6,2,3,136.7028,128.3018,-1.183905
24,7,3,3,175.8895,177.6471,-2.004642
24,8,3,3,177.9601,177.6471,-2.753934
24,9,2,4,216.9101,197.3849,-1.004719
24,10,2,4,217.1660,197.3849,-0.999063
24,11,3,4,238.5675,246.7289,-1.480456
24,12,1,5,258.6544,256.5976,-2.096050
24,13,1,5,260.2945,256.5976,-1.841415
24,14,4,4,316.1597,315.8089,-2.954465
24,15,4,4,317.6411,315.8089,-2.236457
24,16,4,4,317.9353,315.8089,-2.171794
24,17,4,4,325.1280,315.8089,-1.530051
24,18,1,6,361.8892,365.1508,-2.049041
24,19,1,6,362.6800,365.1508,-2.169648
24,20,4,5,400.9398,404.6236,-2.040755
25,1,1,2,36.9826,49.3476,-0.601072
25,2,2,2,75.7217,78.9557,-1.387652
25,3,2,2,75.9973,78.9557,-1.426325
25,4,2,3,114.9328,128.3018,-0.982133
25,5,2,3,135.7359,128.3018,-1.237004
25,6,2,3,136.3000,128.3018,-1.205239
25,7,3,3,175.0332,177.6471,-1.832272
25,8,3,3,176.8898,177.6471,-2.370326
25,9,2,4,216.0596,197.3849,-1.024060
25,10,2,4,216.2759,197.3849,-1.019060
25,11,3,4,237.1970,246.7289,-1.413041
25,12,1,5,257.3523,256.5976,-2.531429
25,13,1,5,258.9085,256.5976,-2.045466
25,14,4,4,316.0389,315.8089,-3.137726
25,15,4,4,316.7408,315.8089,-2.530068
25,16,4,4,317.1847,315.8089,-2.360877
25,17,4,4,323.0466,315.8089,-1.639826
25,18,1,6,360.1332,365.1508,-1.861980
25,19,1,6,360.9131,365.1508,-1.935345
25,20,4,5,399.9818,404.6236,-1.940367
