mode_rank,matched_m,matched_n,w_h_FEM,w_h_exact,log10_Error_w_h,log10_Error_L2_w,log10_Error_L2_phi,log10_Error_L2_Q
1,1,1,19.4629,19.7390,-1.854317,-2.287840,-1.807192,0.443027
2,2,1,48.7422,49.3476,-1.911260,-0.146410,-0.146117,0.203403
3,2,1,48.9215,49.3476,-2.063778,-0.148056,-0.148063,0.261199
4,2,2,77.4080,78.9557,-1.707710,-1.365888,-1.252637,0.333199
5,1,3,97.9836,98.6942,-2.142635,-0.143911,-0.143633,0.175651
6,1,3,98.0109,98.6942,-2.159659,-0.150233,-0.150095,0.204274
7,2,3,124.9718,128.3018,-1.585781,-0.148822,-0.149183,0.229634
8,2,3,126.3084,128.3018,-1.808631,-0.149911,-0.149605,0.208890
9,1,4,166.8941,167.7781,-2.278285,-0.149979,-0.149831,0.194507
10,1,4,167.0244,167.7781,-2.347528,-0.149672,-0.149514,0.192433
11,4,1,172.2049,167.7781,-1.578642,0.029152,0.029635,0.044827
12,4,2,193.5268,197.3849,-1.708937,-0.149440,-0.148924,0.193874
13,4,2,193.7896,197.3849,-1.739577,-0.145074,-0.144171,0.181030
14,4,3,235.8255,246.7289,-1.354658,-0.149539,-0.149396,0.205143
15,4,3,240.8602,246.7289,-1.623679,-0.148223,-0.147611,0.193700
16,5,1,255.6335,256.5976,-2.425129,-0.148890,-0.148697,0.186174
17,5,1,255.6689,256.5976,-2.441396,-0.148767,-0.148567,0.186047
18,2,5,280.7423,286.2034,-1.719395,-0.147966,-0.147231,0.185555
19,2,5,281.4449,286.2034,-1.779204,-0.147704,-0.146986,0.185991
20,5,2,300.5192,286.2034,-1.300861,0.041912,0.042553,0.060025
21,4,4,323.0654,315.8089,-1.638701,0.000000,0.000000,-0.000000
22,4,4,325.2309,315.8089,-1.525284,0.014712,0.013745,0.129800
23,6,1,363.9239,365.1508,-2.473664,-0.147859,-0.147756,0.186460
24,6,1,364.1000,365.1508,-2.540968,-0.145627,-0.145375,0.175106
25,1,6,376.4877,365.1508,-1.507975,0.010583,0.010535,0.005273
26,2,6,387.8090,394.7554,-1.754569,-0.123507,-0.122011,0.132805
27,2,6,388.2305,394.7554,-1.781750,-0.143049,-0.141984,0.170020
28,2,6,389.4924,394.7554,-1.875090,0.031509,0.030487,0.036983
29,6,3,427.3678,444.0958,-1.424032,-0.134033,-0.131506,0.152444
30,6,3,429.5391,444.0958,-1.484414,-0.125858,-0.123339,0.141818
31,3,6,454.5853,444.0958,-1.626721,0.039875,0.038243,0.051534
32,7,1,482.3692,493.4353,-1.649234,0.048554,0.046095,0.026261
33,7,1,489.0800,493.4353,-2.054218,-0.032260,-0.032932,0.098125
34,7,1,492.0016,493.4353,-2.536772,-0.145297,-0.145247,0.183903
35,7,1,493.1721,493.4353,-3.272976,-0.083963,-0.083972,0.111908
36,4,6,513.5795,513.1708,-3.098883,0.008344,0.008191,0.008943
37,4,6,514.3227,513.1708,-2.648842,0.006115,0.006019,0.006599
38,7,2,538.8958,523.0386,-1.518306,0.021072,0.020466,0.010713
39,7,3,550.8198,572.3766,-1.424098,-0.135069,-0.132764,0.156862
40,7,3,551.9533,572.3766,-1.447556,-0.133612,-0.131517,0.161233
41,7,3,565.6237,572.3766,-1.928189,0.031262,0.029375,0.035949
42,5,6,601.3660,601.9790,-2.992103,-0.000000,-0.000000,0.000000
43,5,6,608.5189,601.9790,-1.964014,-0.001905,-0.004393,0.107793
44,8,1,624.6317,641.4484,-1.581422,0.000299,0.000258,0.000344
45,8,1,638.6416,641.4484,-2.358960,-0.138236,-0.137896,0.158868
46,8,1,638.9366,641.4484,-2.407189,-0.139174,-0.138877,0.162336
47,8,2,656.6642,671.0500,-1.668822,-0.097320,-0.098496,0.144336
48,8,2,658.1078,671.0500,-1.714745,-0.111408,-0.109969,0.122390
49,8,2,664.3460,671.0500,-2.000418,-0.016445,-0.021238,0.125687
50,2,8,684.4848,671.0500,-1.698524,0.015905,0.014385,0.071318
51,2,8,690.3632,671.0500,-1.540901,0.047535,0.046816,0.056247
52,6,6,693.1058,710.5184,-1.610714,0.039732,0.037531,0.040623
53,6,6,712.8617,710.5184,-2.481735,0.036897,0.032397,0.045984
54,7,5,738.1499,730.2523,-1.965977,0.009581,0.007275,0.068261
55,7,5,742.5899,730.2523,-1.772243,-0.007744,-0.009772,0.073322
56,7,5,755.2469,730.2523,-1.465627,0.052762,0.049249,0.069058
57,4,8,792.3707,789.4533,-2.432337,0.028198,0.025805,0.033747
58,4,8,798.2741,789.4533,-1.951823,0.000000,0.000000,0.000000
59,1,9,802.7723,809.1867,-2.100892,-0.135753,-0.135575,0.155327
60,1,9,803.1060,809.1867,-2.124091,-0.128732,-0.128607,0.145461
61,9,1,810.2420,809.1867,-2.884680,-0.000000,-0.000000,0.000000
62,9,1,821.1987,809.1867,-1.828434,0.032781,0.032353,0.036062
63,2,9,825.8606,838.7865,-1.812190,-0.086654,-0.087195,0.138687
64,6,7,843.0283,838.7865,-2.296110,0.010374,0.009427,0.012407
65,6,7,848.5477,838.7865,-1.934150,-0.000000,0.000000,0.000000
66,6,7,855.8196,838.7865,-1.692358,0.052473,0.049188,0.063928
67,5,8,876.1979,878.2525,-2.630891,0.013694,0.012875,-0.002604
68,9,3,889.3659,888.1188,-2.852573,-0.004354,-0.005977,0.036948
69,9,3,893.1430,888.1188,-2.247409,0.017196,0.016171,0.019981
70,9,3,893.2106,888.1188,-2.241600,0.012897,0.011662,0.015639
71,9,4,937.9982,957.1826,-1.698048,0.028147,0.024814,0.031794
72,9,4,941.3062,957.1826,-1.780242,-0.000000,-0.000000,0.000000
73,9,4,947.2753,957.1826,-1.985041,-0.000000,0.000000,-0.000000
74,7,7,965.4288,967.0487,-2.775980,0.010894,0.007630,0.029391
75,6,8,978.1325,986.7808,-2.057290,0.000000,-0.000000,0.000000
76,6,8,982.5472,986.7808,-2.367520,0.037323,0.036268,0.038241
77,6,8,984.0448,986.7808,-2.557119,0.045119,0.042473,0.048995
78,10,1,997.6435,996.6468,-2.999944,0.029432,0.028382,0.031403
79,10,1,1000.2186,996.6468,-2.445647,0.014515,0.014082,0.015582
80,10,2,1011.6300,1026.2445,-1.846468,0.019862,0.017718,0.022383
81,10,2,1020.5902,1026.2445,-2.258874,0.008072,0.007333,-0.000465
82,10,2,1022.4703,1026.2445,-2.434428,0.000000,-0.000000,-0.000000
83,10,2,1023.8611,1026.2445,-2.634052,0.027523,0.025768,0.030520
84,5,9,1040.4461,1045.9762,-2.276788,0.000000,0.000000,-0.000000
85,5,9,1041.7655,1045.9762,-2.395175,0.033421,0.030631,0.038470
86,9,5,1056.3461,1045.9762,-2.003746,0.000000,0.000000,-0.000000
87,3,10,1062.1219,1075.5734,-1.902870,-0.000000,0.000000,0.000000
88,3,10,1074.5633,1075.5734,-3.027285,-0.000000,-0.000000,0.000000
89,10,3,1086.8183,1075.5734,-1.980685,0.000000,0.000000,-0.000000
90,10,3,1088.8844,1075.5734,-1.907429,-0.000000,-0.000000,0.000000
91,7,8,1098.9245,1115.0359,-1.840157,0.003309,0.002645,0.003017
92,7,8,1120.3648,1115.0359,-2.320645,0.001858,0.001221,0.003238
93,7,8,1120.5391,1115.0359,-2.306669,0.007626,0.005854,0.011037
94,7,8,1120.9626,1115.0359,-2.274477,-0.002805,-0.003274,0.009263
95,10,4,1137.4324,1144.6323,-2.201338,0.008120,0.005461,0.013353
96,6,9,1162.1295,1154.4978,-2.179771,0.022775,0.018271,0.033155
97,6,9,1168.8465,1154.4978,-1.905579,0.000000,0.000000,0.000000
98,6,9,1170.8247,1154.4978,-1.849489,0.024518,0.019852,0.034874
99,6,9,1171.9817,1154.4978,-1.819755,-0.003040,-0.011167,0.079232
100,6,9,1172.1459,1154.4978,-1.815694,0.000000,-0.000000,0.000000
101,1,11,1182.6582,1203.8243,-1.754923,0.028878,0.026834,0.029864
102,1,11,1186.4256,1203.8243,-1.840046,0.014509,0.012876,0.016349
103,1,11,1188.9757,1203.8243,-1.908878,0.000550,0.000379,0.000840
104,1,11,1196.8264,1203.8243,-2.235595,0.010500,0.008428,0.018104
105,1,11,1196.8742,1203.8243,-2.238571,0.013284,0.009860,0.016974
106,11,1,1215.0008,1203.8243,-2.032257,0.038404,0.036625,0.027907
107,2,11,1220.2122,1233.4198,-1.970287,0.002725,0.001982,0.004060
108,2,11,1227.0298,1233.4198,-2.285610,-0.000000,-0.000000,0.000000
109,2,11,1231.7159,1233.4198,-2.859661,0.013560,0.011465,0.011906
110,8,8,1249.3997,1263.0150,-1.967380,0.005703,0.003684,0.009755
111,8,8,1258.1356,1263.0150,-2.413045,0.032830,0.031676,-0.015751
112,8,8,1261.1503,1263.0150,-2.830791,0.024547,0.020450,0.032214
113,8,8,1270.8789,1263.0150,-2.205768,0.021366,0.014030,0.037164
114,7,9,1277.8764,1282.7449,-2.420744,0.001838,0.001795,0.001284
115,9,7,1292.2476,1282.7449,-2.130297,-0.004015,-0.006307,0.031427
116,9,7,1293.5803,1282.7449,-2.073296,0.030282,0.022622,0.045885
117,6,10,1326.1279,1341.9339,-1.928909,-0.003945,-0.004228,0.007711
118,6,10,1332.7311,1341.9339,-2.163811,0.000000,0.000000,-0.000000
119,4,11,1351.0703,1351.7986,-3.268620,0.003073,0.002664,0.000933
120,11,4,1357.7018,1351.7986,-2.359827,0.000493,0.000351,0.000796
121,11,4,1358.8145,1351.7986,-2.284832,0.000293,-0.000240,0.007089
122,11,4,1361.2435,1351.7986,-2.155715,0.013326,0.009627,0.021039
123,11,4,1375.1377,1351.7986,-1.762828,0.003981,0.003742,0.008238
124,11,4,1376.2947,1351.7986,-1.741815,0.025308,0.024652,0.020379
125,11,4,1386.9459,1351.7986,-1.585020,0.025714,0.024610,0.030335
126,11,4,1389.0106,1351.7986,-1.560229,0.003970,0.003755,0.004838
127,12,1,1400.5987,1430.7149,-1.676753,0.001698,0.001331,0.005056
128,12,1,1408.6263,1430.7149,-1.811384,0.026593,0.024726,0.011755
129,12,1,1423.5905,1430.7149,-2.302803,0.013039,0.009350,0.022462
130,12,1,1430.1964,1430.7149,-3.440758,0.000917,0.000805,0.001113
131,12,1,1430.4240,1430.7149,-3.691841,0.000473,0.000121,0.002447
132,9,8,1434.8155,1430.7149,-2.542703,0.003857,0.003226,0.005098
133,9,8,1435.5308,1430.7149,-2.472874,-0.000000,-0.000000,0.000000
134,5,11,1448.1152,1440.5793,-2.281400,0.002029,0.001463,0.003247
135,12,2,1456.2816,1460.3079,-2.559535,0.000000,0.000000,0.000000
136,7,10,1487.2767,1470.1722,-1.934258,-0.007458,-0.008517,0.014515
137,7,10,1489.4417,1470.1722,-1.882498,0.026047,0.025118,0.002433
138,12,3,1491.5259,1509.6289,-1.921120,0.019687,0.015633,0.025943
139,12,3,1505.1174,1509.6289,-2.524546,0.024614,0.019516,0.033264
140,3,12,1523.5228,1509.6289,-2.036048,0.000000,0.000000,0.000000
141,3,12,1528.3757,1509.6289,-1.905944,0.000000,0.000000,0.000000
142,6,11,1531.3379,1549.0851,-1.940946,0.001967,0.001546,0.002598
143,6,11,1538.7820,1549.0851,-2.177107,0.002775,0.002234,0.006059
144,6,11,1539.9724,1549.0851,-2.230430,0.005319,0.004014,0.017182
145,11,6,1556.8387,1549.0851,-2.300573,0.003418,0.002061,0.006386
146,12,4,1566.6060,1578.6768,-2.116557,-0.011992,-0.013299,0.030011
147,12,4,1567.1824,1578.6768,-2.137808,0.000000,0.000000,-0.000000
148,12,4,1572.9362,1578.6768,-2.439332,0.000000,0.000000,0.000000
149,12,4,1573.4814,1578.6768,-2.482671,-0.000000,-0.000000,0.000000
150,12,4,1574.1467,1578.6768,-2.542181,0.002854,0.002317,0.003756
151,12,4,1577.0109,1578.6768,-2.976648,-0.005132,-0.005979,0.017712
152,4,12,1585.8459,1578.6768,-2.342828,0.000000,0.000000,-0.000000
153,10,8,1625.7595,1618.1320,-2.326627,0.010078,0.008680,0.012813
154,10,8,1634.4406,1618.1320,-1.996595,0.020458,0.016270,0.029022
155,10,8,1640.5851,1618.1320,-1.857737,0.005153,0.003832,0.014288
156,12,5,1652.2432,1667.4501,-2.040014,0.010981,0.009202,0.013668
157,12,5,1658.8612,1667.4501,-2.288119,-0.002560,-0.003708,0.017801
158,2,13,1692.9392,1706.9039,-2.087177,0.001143,0.000513,0.005119
159,2,13,1698.8214,1706.9039,-2.324662,0.000000,-0.000000,-0.000000
160,13,2,1713.9729,1706.9039,-2.382850,-0.000750,-0.000957,0.002420
161,13,2,1725.7556,1706.9039,-1.956860,0.000000,-0.000000,-0.000000
162,13,2,1727.9172,1706.9039,-1.909716,0.021127,0.017186,0.028103
163,13,3,1740.5891,1756.2204,-2.050582,0.019453,0.016480,0.008922
164,13,3,1740.9069,1756.2204,-2.059503,0.002749,0.002408,0.003277
165,13,4,1817.2830,1825.2620,-2.359373,0.007608,0.005962,0.010385
166,13,4,1824.9057,1825.2620,-3.709482,0.003152,0.002528,0.003375
167,8,11,1830.3687,1825.2620,-2.553184,0.023078,0.022204,0.012704
168,8,11,1830.9512,1825.2620,-2.506275,0.026932,0.025778,0.018617
169,8,11,1832.4119,1825.2620,-2.407029,0.001118,0.000894,0.001540
170,8,11,1837.8339,1825.2620,-2.161925,0.001789,0.001651,0.002037
171,8,11,1838.8908,1825.2620,-2.126867,0.013059,0.011910,0.015181
172,8,11,1840.0608,1825.2620,-2.091099,-0.003242,-0.003511,0.004612
173,8,11,1850.3104,1825.2620,-1.862546,0.016868,0.015126,0.028177
174,8,11,1853.9373,1825.2620,-1.803818,0.000285,0.000245,0.000383
175,8,11,1859.4535,1825.2620,-1.727407,0.008999,0.008854,0.000064
176,7,12,1868.5968,1904.1646,-1.728648,0.010922,0.009217,0.012503
177,7,12,1872.6477,1904.1646,-1.781162,0.012710,0.011071,0.014183
178,7,12,1878.0473,1904.1646,-1.862776,-0.000000,-0.000000,0.000000
179,7,12,1881.9626,1904.1646,-1.933314,0.002240,0.001963,0.002469
180,7,12,1883.6419,1904.1646,-1.967470,-0.000000,-0.000000,0.000000
181,7,12,1884.3098,1904.1646,-1.981839,0.000000,0.000000,0.000000
182,7,12,1887.4820,1904.1646,-2.057441,0.000000,0.000000,0.000000
183,7,12,1902.7815,1904.1646,-3.138852,0.005188,0.004040,0.010964
184,13,5,1915.2257,1914.0272,-3.203309,0.000459,0.000406,0.000535
185,13,5,1916.2023,1914.0272,-2.944479,0.002456,0.002336,-0.001547
186,13,5,1920.0058,1914.0272,-2.505352,-0.000195,-0.000205,0.000233
187,13,5,1926.7453,1914.0272,-2.177526,0.003371,0.002863,0.004334
188,1,14,1932.1638,1943.6150,-2.229762,0.008829,0.007528,0.011959
189,14,1,1945.7187,1943.6150,-2.965618,0.004188,0.003669,0.005027
190,14,1,1951.9602,1943.6150,-2.367169,0.011726,0.010235,0.014412
191,10,10,1958.4137,1973.2024,-2.125242,0.001367,0.001140,0.001660
192,10,10,1972.2998,1973.2024,-3.339690,0.019011,0.015769,0.024602
193,10,10,1973.1911,1973.2024,-5.243150,0.000000,0.000000,0.000000
194,9,11,1984.0695,1992.9272,-2.352173,0.011999,0.010280,0.014321
195,9,11,1989.9004,1992.9272,-2.818508,-0.000000,-0.000000,0.000000
196,9,11,1997.1766,1992.9272,-2.671156,0.000666,-0.001184,0.030965
197,6,13,2023.8664,2022.5141,-3.174809,-0.000853,-0.002745,0.007420
198,6,13,2034.1490,2022.5141,-2.240126,0.002700,0.003568,0.003421
199,6,13,2036.0562,2022.5141,-2.174205,0.001631,0.001334,0.002183
200,8,12,2043.6159,2052.1006,-2.383563,0.000000,0.000000,0.000000
201,12,8,2055.6973,2052.1006,-2.756292,0.000000,0.000000,0.000000
202,14,4,2077.4953,2091.5489,-2.172681,0.003446,0.001623,0.020624
203,4,14,2100.9748,2091.5489,-2.346146,0.007114,0.006503,0.008324
204,4,14,2107.4055,2091.5489,-2.120257,0.002119,0.001665,0.002970
205,13,7,2128.6444,2150.7202,-1.988667,0.026598,0.023748,0.013809
206,13,7,2129.1534,2150.7202,-1.998799,0.000635,0.000517,0.000796
207,7,13,2156.9870,2150.7202,-2.535535,0.003605,0.003915,-0.002602
208,7,13,2158.9325,2150.7202,-2.418116,0.000495,0.000416,0.000628
209,11,10,2170.0460,2180.3053,-2.327400,0.020493,0.017628,0.003834
210,5,14,2194.9924,2180.3053,-2.171582,0.000913,0.000787,0.001140
211,9,12,2212.2010,2219.7517,-2.468314,0.009627,0.008252,0.011845
212,1,15,2239.1951,2229.6132,-2.366778,0.003464,0.002777,0.005488
213,2,15,2271.6161,2259.1975,-2.259883,0.000612,0.000414,0.001873
214,2,15,2271.9075,2259.1975,-2.249810,0.000000,0.000000,0.000000
215,14,6,2282.8341,2288.7815,-2.585276,0.009749,0.007555,0.013064
216,8,13,2298.8191,2298.6428,-4.115097,0.002914,0.003321,-0.001269
217,3,15,2311.6157,2308.5040,-2.870336,0.005019,0.003930,0.005161
218,15,4,2354.1267,2377.5315,-2.006820,0.002558,0.002022,0.001795
219,15,4,2354.3493,2377.5315,-2.010970,0.000000,0.000000,0.000000
220,7,14,2427.6984,2416.9751,-2.352942,0.003716,0.003147,0.004628
221,7,14,2430.7703,2416.9751,-2.243542,0.006464,0.005462,0.010335
222,9,13,2467.4219,2466.2787,-3.333903,0.000000,0.000000,-0.000000
223,9,13,2482.0910,2466.2787,-2.193045,0.000000,0.000000,0.000000
224,14,8,2548.7081,2564.8831,-2.200221,0.001075,0.000895,0.002714
225,14,8,2548.8478,2564.8831,-2.203988,0.000181,0.000051,0.001611
226,14,8,2548.9905,2564.8831,-2.207872,0.000920,0.000891,0.000937
227,14,8,2549.2376,2564.8831,-2.214676,0.000579,0.000560,0.000590
228,14,8,2553.7254,2564.8831,-2.361491,0.000439,0.000431,0.000443
229,14,8,2554.0690,2564.8831,-2.375077,0.000663,0.000652,0.000670
230,14,8,2555.4390,2564.8831,-2.433904,-0.001110,-0.001371,0.002107
231,14,8,2555.7006,2564.8831,-2.446104,0.002053,0.002263,-0.000943
232,14,8,2560.3513,2564.8831,-2.752793,0.002727,0.003077,-0.001705
233,14,8,2560.9790,2564.8831,-2.817543,-0.002023,-0.002411,0.003121
234,14,8,2561.1604,2564.8831,-2.838210,0.011205,0.011283,0.011154
235,14,8,2561.3710,2564.8831,-2.863492,0.001401,0.001412,0.001392
236,8,14,2565.5719,2564.8831,-3.570976,0.005161,0.005162,0.005209
237,8,14,2566.0749,2564.8831,-3.332875,0.000776,0.000773,0.000787
238,8,14,2568.1796,2564.8831,-2.891021,0.001427,0.000194,0.012895
239,8,14,2568.4404,2564.8831,-2.857951,0.005910,0.006553,-0.003097
240,15,6,2570.2543,2574.7434,-2.758579,0.009565,0.009401,0.009151
241,15,6,2570.2566,2574.7434,-2.758800,0.003102,0.003010,0.002749
242,15,6,2570.2979,2574.7434,-2.762813,0.015284,0.015175,0.015398
243,15,6,2570.3620,2574.7434,-2.769119,0.000000,0.000000,0.000000
244,15,6,2570.5243,2574.7434,-2.785516,0.006940,0.006911,0.006974
245,15,6,2570.6870,2574.7434,-2.802597,0.002521,0.002491,0.002553
246,15,6,2573.2329,2574.7434,-3.231601,0.001460,0.003594,0.001356
247,15,6,2573.4164,2574.7434,-3.287877,-0.000000,0.000000,-0.000000
248,6,15,2578.2341,2574.7434,-2.867821,0.001597,0.001432,0.001837
249,6,15,2578.4159,2574.7434,-2.845772,0.000000,0.000000,0.000000
250,6,15,2579.1859,2574.7434,-2.763104,0.004722,0.003381,0.010419
251,6,15,2582.4487,2574.7434,-2.523942,0.010463,0.010189,0.010952
252,6,15,2583.6173,2574.7434,-2.462618,0.002161,0.002086,0.002292
253,12,11,2594.6743,2614.1840,-2.127083,0.012571,0.012220,0.009650
254,12,11,2595.2909,2614.1840,-2.141033,0.000000,0.000000,-0.000000
255,12,11,2602.2013,2614.1840,-2.338780,0.008134,0.007553,0.008174
256,12,11,2604.3015,2614.1840,-2.422467,0.015240,0.014871,0.010267
257,11,12,2622.0395,2614.1840,-2.522166,0.000000,0.000000,-0.000000
258,13,10,2634.1818,2653.6241,-2.135092,0.000523,0.000491,0.000547
259,13,10,2634.2320,2653.6241,-2.136213,0.001456,0.001402,0.001486
260,13,10,2645.3006,2653.6241,-2.503531,0.004974,0.004775,0.005193
261,10,13,2669.7441,2653.6241,-2.216475,0.003935,0.003338,0.004889
262,10,13,2674.9488,2653.6241,-2.094958,-0.004805,-0.004907,0.008719
263,15,7,2684.5779,2702.9234,-2.168303,0.002524,0.002364,0.002654
264,15,7,2697.7427,2702.9234,-2.717446,0.000374,0.000356,0.000398
265,14,9,2722.1543,2732.5026,-2.421693,0.010533,0.011172,0.006982
266,14,9,2731.4117,2732.5026,-3.398802,0.005394,0.004944,0.006071
267,9,14,2741.8814,2732.5026,-2.464411,0.001300,0.001168,0.001498
268,9,14,2759.2484,2732.5026,-2.009303,0.000000,-0.000000,0.000000
269,9,14,2760.3154,2732.5026,-1.992315,0.001734,0.001644,0.001937
270,9,14,2777.6696,2732.5026,-1.781739,0.000947,0.000856,0.001152
271,12,12,2811.6959,2840.9567,-1.987179,-0.000000,0.000000,0.000000
272,12,12,2812.2948,2840.9567,-1.996160,-0.000000,0.000000,-0.000000
273,12,12,2813.2124,2840.9567,-2.010291,0.006932,0.006080,0.007779
274,12,12,2818.8015,2840.9567,-2.107990,0.000000,0.000000,-0.000000
275,12,12,2837.0697,2840.9567,-2.863858,-0.000000,-0.000000,0.000000
276,11,13,2877.3897,2860.6751,-2.233373,0.001145,0.001017,0.001346
277,14,10,2890.3486,2919.8296,-1.995815,0.004050,0.003910,0.001728
278,14,10,2912.6366,2919.8296,-2.608447,0.008310,0.007655,0.012931
279,10,14,2922.9790,2919.8296,-2.967140,0.003924,0.003118,0.005068
280,10,14,2938.7310,2919.8296,-2.188863,0.003121,0.002633,0.002436
281,10,14,2949.6972,2919.8296,-1.990158,0.006330,0.005745,0.007432
282,9,15,2973.3287,3018.4176,-1.825710,0.005719,0.004895,0.006391
283,9,15,2981.5231,3018.4176,-1.912817,-0.000000,-0.000000,0.000000
284,9,15,3017.4180,3018.4176,-3.479955,0.009373,0.008576,0.010362
285,15,9,3036.1132,3018.4176,-2.231916,0.009385,0.007614,0.006374
286,13,12,3079.2516,3087.4271,-2.577080,0.000000,0.000000,-0.000000
287,13,12,3080.8350,3087.4271,-2.670573,0.000000,0.000000,0.000000
288,14,11,3118.5407,3126.8603,-2.575004,0.006572,0.005884,0.007352
289,11,14,3141.2518,3126.8603,-2.337002,0.002736,0.002622,0.001228
290,15,15,80640.8086,4437.6877,1.234816,0.000000,0.000000,0.000000
291,15,15,80640.8086,4437.6877,1.234816,0.000000,0.000000,0.000000
292,15,15,80642.0616,4437.6877,1.234823,0.000000,-0.000000,0.000000
293,15,15,80642.0640,4437.6877,1.234823,0.000000,0.000000,0.000000
294,15,15,80642.0642,4437.6877,1.234823,0.000000,0.000000,0.000000
295,15,15,80642.0643,4437.6877,1.234823,0.000000,0.000000,0.000000
296,15,15,80643.3524,4437.6877,1.234831,0.000000,0.000000,0.000000
297,15,15,80643.3524,4437.6877,1.234831,0.000000,0.000000,0.000000
298,15,15,80646.3525,4437.6877,1.234848,0.000000,0.000000,0.000000
299,15,15,80646.3598,4437.6877,1.234848,0.000000,-0.000000,-0.000000
300,15,15,80646.3631,4437.6877,1.234848,0.000000,0.000000,0.000000
301,15,15,80646.3680,4437.6877,1.234848,0.000000,0.000000,0.000000
302,15,15,80650.4067,4437.6877,1.234871,0.000000,0.000000,0.000000
303,15,15,80650.4075,4437.6877,1.234871,0.000000,0.000000,0.000000
304,15,15,80650.6729,4437.6877,1.234872,0.000000,0.000000,0.000000
305,15,15,80650.6738,4437.6877,1.234872,0.000000,0.000000,0.000000
306,15,15,80663.3428,4437.6877,1.234944,0.000000,0.000000,0.000000
307,15,15,80663.4974,4437.6877,1.234945,-0.000000,-0.000000,-0.000000
308,15,15,80663.6820,4437.6877,1.234946,0.000000,0.000000,0.000000
309,15,15,80663.8790,4437.6877,1.234947,0.000000,0.000000,0.000000
310,15,15,80668.5205,4437.6877,1.234974,0.000000,0.000000,0.000000
311,15,15,80668.7541,4437.6877,1.234975,0.000000,0.000000,0.000000
312,15,15,80672.0813,4437.6877,1.234994,-0.000000,-0.000000,-0.000000
313,15,15,80672.8580,4437.6877,1.234999,0.000000,0.000000,0.000000
314,15,15,80675.6371,4437.6877,1.235014,-0.000000,0.000000,0.000000
315,15,15,80677.6427,4437.6877,1.235026,0.000000,0.000000,0.000000
316,15,15,80679.0061,4437.6877,1.235034,0.000000,0.000000,0.000000
317,15,15,80681.9927,4437.6877,1.235051,0.000000,0.000000,0.000000
318,15,15,80684.4302,4437.6877,1.235065,-0.000000,0.000000,-0.000000
319,15,15,80688.2801,4437.6877,1.235086,0.000000,0.000000,0.000000
320,15,15,80689.8977,4437.6877,1.235096,-0.000000,-0.000000,0.000000
321,15,15,80694.5588,4437.6877,1.235122,0.000000,0.000000,0.000000
322,15,15,80697.2335,4437.6877,1.235137,-0.000000,0.000000,0.000000
323,15,15,80702.4740,4437.6877,1.235167,0.000000,0.000000,0.000000
324,15,15,80704.9843,4437.6877,1.235182,0.000000,0.000000,0.000000
325,15,15,80710.3883,4437.6877,1.235212,0.000000,0.000000,0.000000
326,15,15,80715.4423,4437.6877,1.235241,0.000000,0.000000,0.000000
327,15,15,80720.9814,4437.6877,1.235273,0.000000,0.000000,0.000000
328,15,15,80726.2731,4437.6877,1.235303,0.000000,0.000000,0.000000
329,15,15,80733.3205,4437.6877,1.235343,0.000000,0.000000,0.000000
330,15,15,80737.2146,4437.6877,1.235365,0.000000,0.000000,-0.000000
331,15,15,80745.2994,4437.6877,1.235411,0.000000,0.000000,0.000000
332,15,15,80751.0105,4437.6877,1.235444,0.000000,0.000000,-0.000000
333,15,15,80758.8860,4437.6877,1.235488,0.000000,0.000000,0.000000
334,15,15,80767.4841,4437.6877,1.235537,0.000000,0.000000,0.000000
335,15,15,80777.8614,4437.6877,1.235596,0.000000,0.000000,0.000000
336,15,15,80780.1463,4437.6877,1.235609,0.000000,0.000000,0.000000
337,15,15,80793.2403,4437.6877,1.235684,0.000000,0.000000,0.000000
338,15,15,80795.7125,4437.6877,1.235698,-0.000000,0.000000,-0.000000
339,15,15,80806.2805,4437.6877,1.235758,0.000000,0.000000,0.000000
340,15,15,80811.6973,4437.6877,1.235789,-0.000000,0.000000,0.000000
341,15,15,80816.0655,4437.6877,1.235814,0.000000,0.000000,0.000000
342,15,15,80868.9957,4437.6877,1.236115,0.000000,0.000000,0.000000
343,15,15,80870.6477,4437.6877,1.236124,0.000000,0.000000,0.000000
344,15,15,80890.6497,4437.6877,1.236238,0.000000,0.000000,0.000000
345,15,15,80893.7528,4437.6877,1.236255,0.000000,0.000000,0.000000
346,15,15,80916.2543,4437.6877,1.236383,-0.000000,0.000000,0.000000
347,15,15,80921.9089,4437.6877,1.236415,0.000000,-0.000000,0.000000
348,15,15,80929.4393,4437.6877,1.236458,0.000000,0.000000,0.000000
349,15,15,80934.1696,4437.6877,1.236485,0.000000,0.000000,0.000000
350,15,15,80969.6386,4437.6877,1.236686,-0.000000,0.000000,0.000000
351,15,15,80972.4820,4437.6877,1.236702,0.000000,0.000000,-0.000000
352,15,15,80984.5547,4437.6877,1.236771,-0.000000,0.000000,0.000000
353,15,15,80989.0092,4437.6877,1.236796,0.000000,0.000000,0.000000
354,15,15,80993.9393,4437.6877,1.236824,0.000000,0.000000,0.000000
355,15,15,80996.9201,4437.6877,1.236841,-0.000000,0.000000,0.000000
356,15,15,81006.1934,4437.6877,1.236893,0.000000,0.000000,0.000000
357,15,15,81006.6815,4437.6877,1.236896,0.000000,0.000000,0.000000
358,15,15,113791.6226,4437.6877,1.391678,0.000000,0.000000,0.000000
359,15,15,113791.6226,4437.6877,1.391678,0.000000,0.000000,0.000000
360,15,15,113881.5297,4437.6877,1.392035,0.000000,0.000000,0.000000
361,15,15,113881.5297,4437.6877,1.392035,0.000000,0.000000,0.000000
362,15,15,6478500.8007,4437.6877,3.164020,0.000807,3.327786,6.224081
363,15,15,6478500.9532,4437.6877,3.164020,0.000501,3.246484,6.142779
364,15,15,6478503.0907,4437.6877,3.164020,0.000000,0.000000,0.000000
365,15,15,6478503.2478,4437.6877,3.164020,0.000000,0.000000,0.000000
366,15,15,6478810.4035,4437.6877,3.164041,0.000000,0.000000,-0.000000
367,15,15,6478810.6565,4437.6877,3.164041,0.000000,0.000000,0.000000
368,15,15,6478818.1296,4437.6877,3.164041,0.000000,0.000000,0.000000
369,15,15,6478818.5682,4437.6877,3.164042,-0.000000,0.000000,0.000000
370,15,15,6478819.5533,4437.6877,3.164042,0.000000,0.000000,0.000000
371,15,15,6478819.7756,4437.6877,3.164042,-0.000000,0.000000,0.000000
372,15,15,6478832.0786,4437.6877,3.164042,0.000000,0.000000,0.000000
373,15,15,6478832.2831,4437.6877,3.164042,0.000000,-0.000000,0.000000
374,15,15,6479120.6183,4437.6877,3.164062,0.000000,0.000000,0.000000
375,15,15,6479121.2270,4437.6877,3.164062,0.000000,0.000000,0.000000
376,15,15,6479137.9726,4437.6877,3.164063,0.000000,-0.000000,0.000000
377,15,15,6479138.4783,4437.6877,3.164063,0.000000,0.000000,0.000000
378,15,15,6479207.0823,4437.6877,3.164068,0.000000,0.000000,0.000000
379,15,15,6479207.3720,4437.6877,3.164068,-0.000000,-0.000000,0.000000
380,15,15,6479207.5280,4437.6877,3.164068,0.000000,0.000000,0.000000
381,15,15,6479211.9621,4437.6877,3.164068,-0.000000,0.000000,0.000000
382,15,15,6479221.0913,4437.6877,3.164069,-0.000000,-0.000000,-0.000000
383,15,15,6479221.6618,4437.6877,3.164069,0.000000,0.000000,0.000000
384,15,15,6479222.2363,4437.6877,3.164069,0.000000,0.000000,0.000000
385,15,15,6479223.8650,4437.6877,3.164069,0.000000,0.000000,0.000000
386,15,15,6479500.7592,4437.6877,3.164087,0.000000,0.000000,0.000000
387,15,15,6479505.8133,4437.6877,3.164088,0.000000,0.000000,0.000000
388,15,15,6479509.4417,4437.6877,3.164088,0.000000,0.000000,0.000000
389,15,15,6479514.5302,4437.6877,3.164088,0.000000,0.000000,0.000000
390,15,15,6479516.0446,4437.6877,3.164088,0.000000,0.000000,0.000000
391,15,15,6479518.8805,4437.6877,3.164088,0.000000,0.000000,0.000000
392,15,15,6479522.1831,4437.6877,3.164089,0.000000,0.000000,0.000000
393,15,15,6479527.7774,4437.6877,3.164089,0.000000,-0.000000,0.000000
394,15,15,6479527.8330,4437.6877,3.164089,0.000000,0.000000,0.000000
395,15,15,6479528.8438,4437.6877,3.164089,-0.000000,0.000000,0.000000
396,15,15,6479535.0041,4437.6877,3.164090,0.000000,0.000000,0.000000
397,15,15,6479538.5966,4437.6877,3.164090,0.000000,-0.000000,0.000000
398,15,15,6479551.0513,4437.6877,3.164091,0.000000,0.000000,0.000000
399,15,15,6479555.2825,4437.6877,3.164091,0.000000,0.000000,0.000000
400,15,15,6479556.2861,4437.6877,3.164091,0.000000,0.000000,0.000000
401,15,15,6479556.9375,4437.6877,3.164091,0.000000,0.000000,0.000000
402,15,15,6479590.5006,4437.6877,3.164093,0.000000,-0.000000,-0.000000
403,15,15,6479591.4383,4437.6877,3.164093,0.000000,0.000000,0.000000
404,15,15,6479593.5740,4437.6877,3.164093,0.000000,0.000000,0.000000
405,15,15,6479594.1697,4437.6877,3.164094,0.000000,0.000000,0.000000
406,15,15,6479598.4451,4437.6877,3.164094,0.000000,0.000000,0.000000
407,15,15,6479598.6870,4437.6877,3.164094,-0.000000,-0.000000,-0.000000
408,15,15,6479601.2807,4437.6877,3.164094,0.000000,0.000000,0.000000
409,15,15,6479601.3104,4437.6877,3.164094,0.000000,-0.000000,-0.000000
410,15,15,6479610.7453,4437.6877,3.164095,0.000000,0.000000,0.000000
411,15,15,6479612.1142,4437.6877,3.164095,0.000000,0.000000,0.000000
412,15,15,6479614.3986,4437.6877,3.164095,-0.000000,0.000000,0.000000
413,15,15,6479615.0636,4437.6877,3.164095,0.000000,0.000000,0.000000
414,15,15,6479633.8400,4437.6877,3.164096,0.000000,0.000000,0.000000
415,15,15,6479633.8487,4437.6877,3.164096,0.000000,0.000000,0.000000
416,15,15,6479637.2720,4437.6877,3.164096,0.000000,0.000000,0.000000
417,15,15,6479637.4189,4437.6877,3.164096,0.000000,-0.000000,-0.000000
418,15,15,6479664.5537,4437.6877,3.164098,0.000000,-0.000000,0.000000
419,15,15,6479665.6458,4437.6877,3.164098,0.000000,0.000000,0.000000
420,15,15,6479668.6467,4437.6877,3.164099,-0.000000,-0.000000,0.000000
421,15,15,6479669.0986,4437.6877,3.164099,-0.000000,-0.000000,0.000000
422,15,15,6479682.3712,4437.6877,3.164099,0.000000,-0.000000,0.000000
423,15,15,6479682.8444,4437.6877,3.164099,0.000000,0.000000,0.000000
424,15,15,6479686.2845,4437.6877,3.164100,0.000000,0.000000,0.000000
425,15,15,6479686.4124,4437.6877,3.164100,-0.000000,0.000000,0.000000
426,15,15,6479703.9901,4437.6877,3.164101,0.000000,0.000000,0.000000
427,15,15,6479704.0643,4437.6877,3.164101,0.000000,0.000000,0.000000
428,15,15,6479704.1330,4437.6877,3.164101,0.001057,3.524289,6.420718
429,15,15,6479704.1490,4437.6877,3.164101,0.000000,0.000000,0.000000
430,15,15,6479707.5242,4437.6877,3.164101,0.006772,3.902610,6.799034
431,15,15,6479707.7014,4437.6877,3.164101,0.014453,4.125115,7.021544
432,15,15,6479707.7869,4437.6877,3.164101,0.003106,3.724336,6.620762
433,15,15,6479707.8149,4437.6877,3.164101,0.006940,4.009807,6.906235
434,15,15,6479744.0065,4437.6877,3.164104,0.000000,0.000000,0.000000
435,15,15,6479748.7814,4437.6877,3.164104,0.000000,-0.000000,-0.000000
436,15,15,6479750.8327,4437.6877,3.164104,0.000000,0.000000,0.000000
437,15,15,6479752.6560,4437.6877,3.164104,0.000000,-0.000000,0.000000
438,15,15,6479818.6923,4437.6877,3.164109,0.000000,0.000000,0.000000
439,15,15,6479818.9026,4437.6877,3.164109,0.000000,0.000000,0.000000
440,15,15,6479827.8875,4437.6877,3.164109,0.000000,0.000000,0.000000
441,15,15,6479829.6997,4437.6877,3.164109,0.000000,0.000000,0.000000
442,15,15,6479842.1896,4437.6877,3.164110,0.000000,-0.000000,0.000000
443,15,15,6479843.2661,4437.6877,3.164110,0.000000,0.000000,0.000000
444,15,15,6479848.2198,4437.6877,3.164111,0.000000,0.000000,0.000000
445,15,15,6479850.0036,4437.6877,3.164111,0.000000,0.000000,0.000000
446,15,15,6479874.4168,4437.6877,3.164112,0.000000,0.000000,0.000000
447,15,15,6479874.4355,4437.6877,3.164112,0.000000,0.000000,0.000000
448,15,15,6479878.0032,4437.6877,3.164113,0.000000,0.000000,0.000000
449,15,15,6479884.1851,4437.6877,3.164113,0.000000,0.000000,0.000000
450,15,15,6479891.4284,4437.6877,3.164113,-0.000000,0.000000,0.000000
451,15,15,6479892.5315,4437.6877,3.164114,0.000000,0.000000,0.000000
452,15,15,6479892.7933,4437.6877,3.164114,0.000000,0.000000,0.000000
453,15,15,6479894.8046,4437.6877,3.164114,0.000000,0.000000,0.000000
454,15,15,6479898.5365,4437.6877,3.164114,0.000000,0.000000,0.000000
455,15,15,6479900.3217,4437.6877,3.164114,0.000000,0.000000,0.000000
456,15,15,6479901.2092,4437.6877,3.164114,-0.000000,0.000000,0.000000
457,15,15,6479907.3984,4437.6877,3.164115,0.000000,0.000000,0.000000
458,15,15,6479907.4275,4437.6877,3.164115,0.000000,-0.000000,0.000000
459,15,15,6479908.0543,4437.6877,3.164115,0.000000,0.000000,0.000000
460,15,15,6479911.3823,4437.6877,3.164115,0.000000,0.000000,0.000000
461,15,15,6479913.5043,4437.6877,3.164115,0.000000,0.000000,0.000000
462,15,15,6479914.5790,4437.6877,3.164115,-0.000000,-0.000000,-0.000000
463,15,15,6479918.3960,4437.6877,3.164115,0.000000,0.000000,0.000000
464,15,15,6479919.5025,4437.6877,3.164115,0.000000,0.000000,0.000000
465,15,15,6479919.9660,4437.6877,3.164115,0.000000,0.000000,0.000000
466,15,15,6479937.3874,4437.6877,3.164117,0.000000,-0.000000,0.000000
467,15,15,6479937.9199,4437.6877,3.164117,0.000000,0.000000,0.000000
468,15,15,6479949.6881,4437.6877,3.164117,0.000000,0.000000,0.000000
469,15,15,6479949.8249,4437.6877,3.164117,0.000000,0.000000,0.000000
470,15,15,6479967.7332,4437.6877,3.164119,0.000000,-0.000000,0.000000
471,15,15,6479968.1370,4437.6877,3.164119,0.000000,0.000000,0.000000
472,15,15,6479970.4051,4437.6877,3.164119,-0.000000,0.000000,0.000000
473,15,15,6479971.1154,4437.6877,3.164119,-0.000000,-0.000000,-0.000000
474,15,15,6479985.6413,4437.6877,3.164120,0.000000,0.000000,0.000000
475,15,15,6479987.6649,4437.6877,3.164120,0.000000,0.000000,0.000000
476,15,15,6479992.7143,4437.6877,3.164120,0.000000,0.000000,0.000000
477,15,15,6479993.0860,4437.6877,3.164120,0.000000,0.000000,0.000000
478,15,15,6479993.9408,4437.6877,3.164120,0.000000,0.000000,0.000000
479,15,15,6479994.2115,4437.6877,3.164120,0.000000,-0.000000,-0.000000
480,15,15,6480007.8108,4437.6877,3.164121,0.000000,0.000000,0.000000
481,15,15,6480007.9547,4437.6877,3.164121,0.006505,3.918941,6.815392
482,15,15,6480008.6504,4437.6877,3.164121,0.007714,3.960882,6.857333
483,15,15,6480009.5729,4437.6877,3.164121,0.004964,3.872979,6.769428
484,15,15,6480033.2821,4437.6877,3.164123,0.000000,0.000000,0.000000
485,15,15,6480038.9299,4437.6877,3.164123,0.000000,0.000000,0.000000
486,15,15,6480044.4170,4437.6877,3.164124,0.000000,0.000000,0.000000
487,15,15,6480050.2359,4437.6877,3.164124,0.000000,0.000000,0.000000
488,15,15,6480126.3489,4437.6877,3.164129,0.000000,0.000000,0.000000
489,15,15,6480130.4323,4437.6877,3.164129,0.000000,0.000000,-0.000000
490,15,15,6480136.5642,4437.6877,3.164130,0.000000,0.000000,0.000000
491,15,15,6480148.4459,4437.6877,3.164131,0.000000,-0.000000,-0.000000
492,15,15,6480193.1777,4437.6877,3.164134,0.000000,0.000000,0.000000
493,15,15,6480194.0642,4437.6877,3.164134,0.000000,0.000000,0.000000
494,15,15,6480195.1686,4437.6877,3.164134,0.000000,0.000000,0.000000
495,15,15,6480197.7066,4437.6877,3.164134,0.000000,-0.000000,-0.000000
496,15,15,6480198.8524,4437.6877,3.164134,0.000000,0.000000,0.000000
497,15,15,6480224.5076,4437.6877,3.164136,0.000000,0.000000,0.000000
498,15,15,6480228.9312,4437.6877,3.164136,0.000000,0.000000,0.000000
499,15,15,6480236.3842,4437.6877,3.164137,0.000000,0.000000,0.000000
500,15,15,6480239.8585,4437.6877,3.164137,0.002768,3.293511,6.189850
501,15,15,6480239.9196,4437.6877,3.164137,-0.000000,-0.000000,-0.000000
502,15,15,6480241.4958,4437.6877,3.164137,0.002490,3.213436,6.109772
503,15,15,6480242.0212,4437.6877,3.164137,0.002796,3.320383,6.216743
504,15,15,6480246.4217,4437.6877,3.164137,0.000000,0.000000,0.000000
505,15,15,6480248.4962,4437.6877,3.164137,0.000000,0.000000,0.000000
506,15,15,6480251.7206,4437.6877,3.164138,0.000000,0.000000,0.000000
507,15,15,6480254.0368,4437.6877,3.164138,0.000000,0.000000,0.000000
508,15,15,6480265.8343,4437.6877,3.164139,0.000000,0.000000,0.000000
509,15,15,6480266.0263,4437.6877,3.164139,0.000000,0.000000,0.000000
510,15,15,6480275.7164,4437.6877,3.164139,0.000000,0.000000,0.000000
511,15,15,6480277.0251,4437.6877,3.164139,-0.000000,0.000000,0.000000
512,15,15,6480281.7604,4437.6877,3.164140,0.000000,0.000000,0.000000
513,15,15,6480283.5129,4437.6877,3.164140,0.000000,-0.000000,-0.000000
514,15,15,6480287.1283,4437.6877,3.164140,0.000000,0.000000,0.000000
515,15,15,6480287.8666,4437.6877,3.164140,0.000000,-0.000000,0.000000
516,15,15,6480293.7897,4437.6877,3.164140,0.000000,-0.000000,0.000000
517,15,15,6480296.5362,4437.6877,3.164141,0.000000,0.000000,0.000000
518,15,15,6480312.7099,4437.6877,3.164142,0.000000,0.000000,-0.000000
519,15,15,6480316.9801,4437.6877,3.164142,0.000000,0.000000,0.000000
520,15,15,6480318.0588,4437.6877,3.164142,0.000000,0.000000,0.000000
521,15,15,6480319.5677,4437.6877,3.164142,0.000000,-0.000000,-0.000000
522,15,15,6480336.8344,4437.6877,3.164143,0.000000,-0.000000,-0.000000
523,15,15,6480338.2674,4437.6877,3.164143,0.000000,-0.000000,0.000000
524,15,15,6480344.1825,4437.6877,3.164144,0.000000,0.000000,0.000000
525,15,15,6480345.5964,4437.6877,3.164144,0.000000,-0.000000,0.000000
526,15,15,6480351.6485,4437.6877,3.164144,0.000000,0.000000,0.000000
527,15,15,6480356.0185,4437.6877,3.164145,0.000000,-0.000000,-0.000000
528,15,15,6480359.3827,4437.6877,3.164145,0.000000,0.000000,0.000000
529,15,15,6480359.5274,4437.6877,3.164145,0.000000,0.000000,0.000000
530,15,15,6480359.7840,4437.6877,3.164145,0.000000,-0.000000,0.000000
531,15,15,6480362.6275,4437.6877,3.164145,0.000000,-0.000000,0.000000
532,15,15,6480378.3390,4437.6877,3.164146,0.000000,-0.000000,0.000000
533,15,15,6480379.0778,4437.6877,3.164146,-0.000000,-0.000000,-0.000000
534,15,15,6480379.0947,4437.6877,3.164146,0.000000,-0.000000,0.000000
535,15,15,6480379.6584,4437.6877,3.164146,0.000000,0.000000,0.000000
536,15,15,6480390.8953,4437.6877,3.164147,0.000000,0.000000,0.000000
537,15,15,6480407.0518,4437.6877,3.164148,0.000000,0.000000,0.000000
538,15,15,6480413.2286,4437.6877,3.164148,0.000000,0.000000,0.000000
539,15,15,6480421.4022,4437.6877,3.164149,0.000000,0.000000,0.000000
540,15,15,6480425.1930,4437.6877,3.164149,-0.000000,0.000000,-0.000000
541,15,15,6480429.5782,4437.6877,3.164150,0.000000,-0.000000,0.000000
542,15,15,6480433.3271,4437.6877,3.164150,0.000000,-0.000000,0.000000
543,15,15,6480456.0382,4437.6877,3.164151,0.000000,0.000000,0.000000
544,15,15,6480514.4633,4437.6877,3.164155,0.002115,2.779915,5.676330
545,15,15,6480516.6385,4437.6877,3.164155,0.000000,0.000000,0.000000
546,15,15,6480517.6066,4437.6877,3.164155,-0.030501,2.972436,5.868598
547,15,15,6480521.0527,4437.6877,3.164156,0.001968,2.798827,5.695257
548,15,15,6480521.1741,4437.6877,3.164156,0.000000,0.000000,-0.000000
549,15,15,6480555.8686,4437.6877,3.164158,0.000000,0.000000,0.000000
550,15,15,6480577.7659,4437.6877,3.164159,0.000000,0.000000,0.000000
551,15,15,6480584.8155,4437.6877,3.164160,-0.000000,0.000000,0.000000
552,15,15,6480586.6191,4437.6877,3.164160,0.000000,-0.000000,-0.000000
553,15,15,6480587.5193,4437.6877,3.164160,-0.000000,0.000000,0.000001
554,15,15,6480588.8262,4437.6877,3.164160,-0.000000,0.000000,0.000000
555,15,15,6480593.7039,4437.6877,3.164161,0.000000,-0.000000,-0.000000
556,15,15,6480594.0635,4437.6877,3.164161,0.000425,2.862536,5.758955
557,15,15,6480594.8723,4437.6877,3.164161,-0.000000,-0.000000,0.000000
558,15,15,6480599.2024,4437.6877,3.164161,0.000000,0.000000,0.000000
559,15,15,6480600.3799,4437.6877,3.164161,0.000000,0.000000,0.000000
560,15,15,6480601.3067,4437.6877,3.164161,0.000000,0.000000,0.000000
561,15,15,6480602.4819,4437.6877,3.164161,0.000000,0.000000,0.000000
562,15,15,6480609.1727,4437.6877,3.164162,0.000000,0.000000,0.000000
563,15,15,6480609.3063,4437.6877,3.164162,0.000000,0.000000,0.000000
564,15,15,6480610.0083,4437.6877,3.164162,0.000000,-0.000000,0.000000
565,15,15,6480616.6855,4437.6877,3.164162,0.000000,0.000000,0.000000
566,15,15,6480625.9434,4437.6877,3.164163,0.000000,-0.000000,-0.000000
567,15,15,6480627.0406,4437.6877,3.164163,0.000000,0.000000,0.000000
568,15,15,6480628.3160,4437.6877,3.164163,0.000000,0.000000,0.000000
569,15,15,6480632.2752,4437.6877,3.164163,0.000000,0.000000,0.000000
570,15,15,6480632.7182,4437.6877,3.164163,0.000000,0.000000,0.000000
571,15,15,6480633.2381,4437.6877,3.164163,0.000000,0.000000,0.000000
572,15,15,6480646.5226,4437.6877,3.164164,0.000000,-0.000000,-0.000000
573,15,15,6480653.8369,4437.6877,3.164165,-0.000000,-0.000000,0.000000
574,15,15,6480658.2764,4437.6877,3.164165,0.000000,0.000000,0.000000
575,15,15,6480660.8275,4437.6877,3.164165,0.000000,0.000000,0.000000
576,15,15,6480661.8420,4437.6877,3.164165,0.000000,0.000000,0.000000
577,15,15,6480664.0269,4437.6877,3.164165,0.000000,0.000000,0.000000
578,15,15,6480666.1926,4437.6877,3.164165,0.000000,0.000000,0.000000
579,15,15,6480667.1938,4437.6877,3.164165,0.000000,0.000000,0.000000
580,15,15,6480667.5068,4437.6877,3.164166,0.000000,0.000000,0.000000
581,15,15,6480672.9935,4437.6877,3.164166,-0.000000,0.000000,0.000000
582,15,15,6480675.3601,4437.6877,3.164166,0.000000,-0.000000,-0.000000
583,15,15,6480676.7001,4437.6877,3.164166,-0.000000,0.000000,0.000001
584,15,15,6480685.2859,4437.6877,3.164167,0.000000,0.000000,0.000000
585,15,15,6480685.8195,4437.6877,3.164167,-0.000000,-0.000000,0.000000
586,15,15,6480687.1078,4437.6877,3.164167,0.000000,0.000000,0.000000
587,15,15,6480690.3905,4437.6877,3.164167,0.000000,0.000000,0.000000
588,15,15,6480690.4000,4437.6877,3.164167,0.000000,0.000000,0.000000
589,15,15,6480691.4740,4437.6877,3.164167,0.000000,0.000000,0.000000
590,15,15,6480692.5081,4437.6877,3.164167,0.000000,0.000000,0.000000
591,15,15,6480694.2004,4437.6877,3.164167,0.000000,0.000000,0.000000
592,15,15,6480712.7459,4437.6877,3.164169,0.000000,-0.000000,-0.000000
593,15,15,6480716.9467,4437.6877,3.164169,0.000000,0.000000,0.000000
594,15,15,6480723.8069,4437.6877,3.164169,0.000000,0.000000,0.000000
595,15,15,6480727.1499,4437.6877,3.164170,0.000000,0.000000,0.000000
596,15,15,6480746.0487,4437.6877,3.164171,0.000000,0.000000,0.000000
597,15,15,6480750.2587,4437.6877,3.164171,0.000000,0.000000,0.000000
598,15,15,6480750.2693,4437.6877,3.164171,0.000000,0.000000,0.000000
599,15,15,6480754.6082,4437.6877,3.164171,0.000000,0.000000,0.000000
600,15,15,6480754.7040,4437.6877,3.164171,-0.000000,-0.000000,0.000000
601,15,15,6480758.0528,4437.6877,3.164172,0.000000,0.000000,0.000000
602,15,15,6480759.1290,4437.6877,3.164172,0.000000,0.000000,0.000000
603,15,15,6480760.5015,4437.6877,3.164172,0.000000,0.000000,0.000000
604,15,15,6480766.4246,4437.6877,3.164172,0.000000,-0.000000,0.000000
605,15,15,6480769.3224,4437.6877,3.164172,0.000000,0.000000,0.000000
606,15,15,6480770.1023,4437.6877,3.164172,0.000000,0.000000,0.000000
607,15,15,6480774.1573,4437.6877,3.164173,0.000000,-0.000000,0.000000
608,15,15,6480774.4479,4437.6877,3.164173,0.000000,0.000000,0.000000
609,15,15,6480779.0281,4437.6877,3.164173,0.000000,-0.000000,0.000000
610,15,15,6480779.3135,4437.6877,3.164173,0.000000,0.000000,0.000000
611,15,15,6480781.6131,4437.6877,3.164173,0.000000,0.000000,0.000000
612,15,15,6480781.7953,4437.6877,3.164173,0.000000,-0.000000,0.000000
613,15,15,6480786.4029,4437.6877,3.164173,-0.000000,0.000000,0.000000
614,15,15,6480786.7336,4437.6877,3.164174,0.000000,0.000000,0.000000
615,15,15,6480786.9007,4437.6877,3.164174,-0.000000,-0.000000,-0.000000
616,15,15,6480787.0945,4437.6877,3.164174,0.000000,-0.000000,0.000000
617,15,15,6480787.7596,4437.6877,3.164174,0.000000,0.000000,0.000000
618,15,15,6480792.4009,4437.6877,3.164174,0.000000,-0.000000,0.000000
619,15,15,6480792.4834,4437.6877,3.164174,0.000000,0.000000,0.000000
620,15,15,6480792.7441,4437.6877,3.164174,0.000000,0.000000,0.000000
621,15,15,6480792.8039,4437.6877,3.164174,0.000000,-0.000000,-0.000000
622,15,15,6480794.0450,4437.6877,3.164174,0.000000,0.000000,0.000000
623,15,15,6480794.3092,4437.6877,3.164174,0.000000,0.000000,0.000000
624,15,15,6480794.6540,4437.6877,3.164174,-0.000000,-0.000000,0.000000
625,15,15,6480795.7333,4437.6877,3.164174,0.000000,0.000000,0.000000
626,15,15,6480797.2560,4437.6877,3.164174,0.000000,0.000000,0.000000
627,15,15,6480797.7421,4437.6877,3.164174,0.000000,-0.000000,0.000000
628,15,15,6480799.2294,4437.6877,3.164174,0.000000,0.000000,0.000000
629,15,15,6480799.5373,4437.6877,3.164174,0.000000,0.000000,0.000000
630,15,15,6480805.9250,4437.6877,3.164175,0.000000,0.000000,0.000000
631,15,15,6480806.4738,4437.6877,3.164175,-0.000000,-0.000000,0.000000
632,15,15,6480808.7732,4437.6877,3.164175,0.000000,0.000000,0.000000
633,15,15,6480809.9383,4437.6877,3.164175,0.000000,0.000000,0.000000
634,15,15,6480812.6093,4437.6877,3.164175,0.000000,-0.000000,0.000000
635,15,15,6480813.3771,4437.6877,3.164175,0.000000,-0.000000,-0.000000
636,15,15,6480816.1166,4437.6877,3.164175,0.000000,0.000000,0.000000
637,15,15,6480816.1236,4437.6877,3.164175,0.000000,0.000000,0.000000
638,15,15,6480816.9374,4437.6877,3.164176,0.000000,-0.000000,0.000000
639,15,15,6480818.5356,4437.6877,3.164176,0.000000,0.000000,0.000000
640,15,15,6480820.5544,4437.6877,3.164176,0.000000,0.000000,0.000000
641,15,15,6480821.8965,4437.6877,3.164176,0.003040,3.395853,6.292402
642,15,15,6480823.4723,4437.6877,3.164176,0.000000,0.000000,0.000000
643,15,15,6480824.6531,4437.6877,3.164176,0.000443,2.916956,5.813498
644,15,15,6480824.9674,4437.6877,3.164176,0.000000,0.000000,0.000000
645,15,15,6480825.6307,4437.6877,3.164176,0.000927,3.223464,6.120009
646,15,15,6480826.1163,4437.6877,3.164176,-0.000000,-0.000000,0.000000
647,15,15,6480827.2237,4437.6877,3.164176,0.000956,3.001716,5.898268
648,15,15,6480827.3601,4437.6877,3.164176,0.000000,0.000000,0.000000
649,15,15,6480828.0399,4437.6877,3.164176,0.000000,0.000000,0.000000
650,15,15,6480828.3303,4437.6877,3.164176,-0.000000,0.000000,0.000000
651,15,15,6480828.4761,4437.6877,3.164176,0.000422,2.379583,5.276010
652,15,15,6480830.1677,4437.6877,3.164176,-0.000000,0.000000,0.000000
653,15,15,6480832.1284,4437.6877,3.164177,0.000000,0.000000,0.000000
654,15,15,6480836.4691,4437.6877,3.164177,0.002661,3.066869,5.963408
655,15,15,6480838.3274,4437.6877,3.164177,0.000000,0.000000,0.000000
656,15,15,6480838.5945,4437.6877,3.164177,-0.000000,-0.000000,0.000000
657,15,15,6480839.0546,4437.6877,3.164177,0.000000,0.000000,0.000000
658,15,15,6480840.5857,4437.6877,3.164177,0.000000,0.000000,0.000000
659,15,15,6480841.4324,4437.6877,3.164177,0.000000,0.000000,0.000000
660,15,15,6480841.7954,4437.6877,3.164177,0.000000,0.000000,0.000000
661,15,15,6480842.0329,4437.6877,3.164177,0.000000,0.000000,0.000000
662,15,15,6480843.3436,4437.6877,3.164177,0.000000,0.000000,0.000000
663,15,15,6480845.7116,4437.6877,3.164177,0.000000,-0.000000,0.000000
664,15,15,6480847.9429,4437.6877,3.164178,-0.000000,0.000000,0.000000
665,15,15,6480853.2024,4437.6877,3.164178,0.000000,-0.000000,0.000000
666,15,15,6480854.4912,4437.6877,3.164178,0.000000,0.000000,0.000000
667,15,15,6480854.8687,4437.6877,3.164178,0.000000,-0.000000,-0.000000
668,15,15,6480855.3582,4437.6877,3.164178,0.000000,0.000000,0.000000
669,15,15,6480856.0808,4437.6877,3.164178,0.000000,-0.000000,-0.000000
670,15,15,6480863.0285,4437.6877,3.164179,0.000000,0.000000,0.000000
671,15,15,6480864.2740,4437.6877,3.164179,0.000000,-0.000000,-0.000000
672,15,15,6480864.5762,4437.6877,3.164179,0.000000,0.000000,0.000000
673,15,15,6480865.0040,4437.6877,3.164179,0.000000,0.000000,0.000000
674,15,15,6480865.2659,4437.6877,3.164179,0.000000,-0.000000,0.000000
675,15,15,6480869.0936,4437.6877,3.164179,0.000000,0.000000,0.000000
676,15,15,6480869.2717,4437.6877,3.164179,0.000000,0.000000,0.000000
677,15,15,6480875.6238,4437.6877,3.164179,0.000000,-0.000000,0.000000
678,15,15,6480876.0413,4437.6877,3.164180,0.000000,0.000000,0.000000
679,15,15,6480878.1111,4437.6877,3.164180,0.000000,0.000000,0.000000
680,15,15,6480884.0304,4437.6877,3.164180,0.000000,-0.000000,0.000000
681,15,15,6480885.5107,4437.6877,3.164180,0.000000,-0.000000,-0.000000
682,15,15,6480887.9086,4437.6877,3.164180,-0.000837,2.493775,5.390360
683,15,15,6480892.0287,4437.6877,3.164181,0.000000,0.000000,0.000000
684,15,15,6480893.8057,4437.6877,3.164181,0.000000,-0.000000,0.000000
685,15,15,6480895.0238,4437.6877,3.164181,0.000000,0.000000,0.000000
686,15,15,6480895.2776,4437.6877,3.164181,0.000000,0.000000,0.000000
687,15,15,6480897.4007,4437.6877,3.164181,-0.000872,2.414177,5.310789
688,15,15,6480901.2861,4437.6877,3.164181,0.000000,0.000000,0.000000
689,15,15,6480901.8037,4437.6877,3.164181,0.000000,0.000000,0.000000
690,15,15,6480909.6854,4437.6877,3.164182,0.000000,0.000000,0.000000
691,15,15,6480910.0289,4437.6877,3.164182,-0.000000,0.000000,0.000000
692,15,15,6480914.4878,4437.6877,3.164182,0.001117,2.861608,5.758154
693,15,15,6480921.6339,4437.6877,3.164183,0.000000,-0.000000,0.000000
694,15,15,6480922.1549,4437.6877,3.164183,0.000000,-0.000000,-0.000000
695,15,15,6480922.6826,4437.6877,3.164183,0.000000,0.000000,0.000000
696,15,15,6480927.8627,4437.6877,3.164183,0.000000,0.000000,0.000000
697,15,15,6480928.6605,4437.6877,3.164183,0.000000,-0.000000,0.000000
698,15,15,6480929.5508,4437.6877,3.164183,0.000000,0.000000,0.000000
699,15,15,6480931.3099,4437.6877,3.164183,0.000000,0.000000,0.000000
700,15,15,6480933.5660,4437.6877,3.164183,0.000000,-0.000000,0.000000
701,15,15,6480934.0970,4437.6877,3.164183,0.000000,0.000000,-0.000000
702,15,15,6480934.3753,4437.6877,3.164183,0.000000,-0.000000,-0.000000
703,15,15,6480935.4959,4437.6877,3.164183,0.000000,0.000000,0.000000
704,15,15,6480937.9485,4437.6877,3.164184,0.000000,-0.000000,0.000000
705,15,15,6480941.2427,4437.6877,3.164184,0.000000,0.000000,0.000000
706,15,15,6480942.0030,4437.6877,3.164184,0.000000,0.000000,0.000000
707,15,15,6480942.9503,4437.6877,3.164184,0.000000,-0.000000,0.000000
708,15,15,6480945.3929,4437.6877,3.164184,0.000088,3.302081,6.198478
709,15,15,6480946.3241,4437.6877,3.164184,0.007016,3.278410,6.174824
710,15,15,6480951.0108,4437.6877,3.164185,0.000000,0.000000,0.000000
711,15,15,6480951.1332,4437.6877,3.164185,0.000000,0.000000,0.000000
712,15,15,6480954.9368,4437.6877,3.164185,0.000000,0.000000,0.000000
713,15,15,6480956.5808,4437.6877,3.164185,0.000000,0.000000,0.000000
714,15,15,6480959.3091,4437.6877,3.164185,0.000000,0.000000,0.000000
715,15,15,6480964.2902,4437.6877,3.164185,0.006306,3.145281,6.041717
716,15,15,6480967.0874,4437.6877,3.164186,0.001995,2.971295,5.867706
717,15,15,6480967.6200,4437.6877,3.164186,0.000000,0.000000,0.000000
718,15,15,6480977.9410,4437.6877,3.164186,0.000000,0.000000,0.000000
719,15,15,6480978.0044,4437.6877,3.164186,0.000000,0.000000,0.000000
720,15,15,6480983.8474,4437.6877,3.164187,0.000000,0.000000,0.000000
721,15,15,6480986.0803,4437.6877,3.164187,0.000000,0.000000,0.000000
722,15,15,6480993.0158,4437.6877,3.164187,0.000000,0.000000,0.000000
723,15,15,6480996.0513,4437.6877,3.164188,0.000000,0.000000,0.000000
724,15,15,6480998.5297,4437.6877,3.164188,0.000000,0.000000,0.000000
725,15,15,6480998.8055,4437.6877,3.164188,0.000000,0.000000,0.000000
726,15,15,6481014.0571,4437.6877,3.164189,0.000000,-0.000000,-0.000000
727,15,15,6481020.5385,4437.6877,3.164189,0.000000,0.000000,0.000000
728,15,15,6481030.0337,4437.6877,3.164190,-0.000000,0.000000,0.000000
729,15,15,6481033.9467,4437.6877,3.164190,0.000000,0.000000,0.000000
730,15,15,6481039.4409,4437.6877,3.164190,0.000000,-0.000000,0.000000
731,15,15,6481064.9382,4437.6877,3.164192,-0.000000,0.000000,0.000000
732,15,15,6481067.9160,4437.6877,3.164192,0.000000,0.000000,0.000000
733,15,15,6481071.5124,4437.6877,3.164193,0.000000,-0.000000,-0.000000
734,15,15,6481076.7617,4437.6877,3.164193,0.000000,0.000000,0.000000
735,15,15,6481078.3049,4437.6877,3.164193,0.000000,0.000000,0.000000
736,15,15,6481079.5553,4437.6877,3.164193,0.000000,0.000000,-0.000000
737,15,15,6481083.0934,4437.6877,3.164193,0.000000,0.000000,0.000000
738,15,15,6481083.1483,4437.6877,3.164193,-0.000000,0.000000,0.000000
739,15,15,6481083.1578,4437.6877,3.164193,0.000000,0.000000,0.000000
740,15,15,6481083.8158,4437.6877,3.164193,0.000000,0.000000,-0.000000
741,15,15,6481088.1323,4437.6877,3.164194,0.000000,0.000000,0.000000
742,15,15,6481090.9549,4437.6877,3.164194,0.000000,0.000000,0.000000
743,15,15,6481092.5373,4437.6877,3.164194,0.000000,0.000000,0.000000
744,15,15,6481103.8441,4437.6877,3.164195,0.000000,-0.000000,-0.000000
745,15,15,6481107.5959,4437.6877,3.164195,0.000000,-0.000000,-0.000000
746,15,15,6481110.7538,4437.6877,3.164195,0.000000,0.000000,0.000000
747,15,15,6481117.2965,4437.6877,3.164196,0.006369,3.067420,5.963918
748,15,15,6481117.7897,4437.6877,3.164196,0.000000,-0.000000,-0.000000
749,15,15,6481118.5307,4437.6877,3.164196,0.000000,0.000000,0.000000
750,15,15,6481120.4879,4437.6877,3.164196,0.000000,0.000000,0.000000
751,15,15,6481120.8917,4437.6877,3.164196,0.000000,0.000000,0.000000
752,15,15,6481124.1218,4437.6877,3.164196,0.012532,3.182577,6.079056
753,15,15,6481125.3225,4437.6877,3.164196,0.001672,2.781544,5.678007
754,15,15,6481125.4139,4437.6877,3.164196,-0.000000,0.000000,0.000000
755,15,15,6481130.2734,4437.6877,3.164197,0.001344,2.633449,5.529936
756,15,15,6481132.0420,4437.6877,3.164197,0.000000,0.000000,0.000000
757,15,15,6481132.0875,4437.6877,3.164197,0.000000,-0.000000,0.000000
758,15,15,6481133.1704,4437.6877,3.164197,0.003028,2.811833,5.708324
759,15,15,6481135.1644,4437.6877,3.164197,0.007163,3.089359,5.985841
760,15,15,6481136.0227,4437.6877,3.164197,0.000000,0.000000,0.000000
761,15,15,6481137.8272,4437.6877,3.164197,0.000000,0.000000,0.000000
762,15,15,6481139.3132,4437.6877,3.164197,0.000000,0.000000,0.000000
763,15,15,6481140.7526,4437.6877,3.164197,-0.000000,0.000000,0.000000
764,15,15,6481143.9583,4437.6877,3.164197,0.000000,0.000000,0.000000
765,15,15,6481148.5365,4437.6877,3.164198,0.010494,3.043232,5.939709
766,15,15,6481150.6386,4437.6877,3.164198,0.007290,3.086458,5.982939
767,15,15,6481153.2651,4437.6877,3.164198,0.005936,2.862980,5.759433
768,15,15,6481155.0404,4437.6877,3.164198,0.001260,2.718120,5.614601
769,15,15,6481158.3768,4437.6877,3.164198,0.000000,0.000000,-0.000000
770,15,15,6481161.2718,4437.6877,3.164199,0.002613,2.709232,5.605702
771,15,15,6481164.7977,4437.6877,3.164199,0.000000,0.000000,0.000000
772,15,15,6481167.5541,4437.6877,3.164199,0.020203,3.280423,6.176912
773,15,15,6481172.0685,4437.6877,3.164199,0.013997,3.186173,6.082662
774,15,15,6481174.8007,4437.6877,3.164200,0.014571,3.203577,6.100077
775,15,15,6481175.8719,4437.6877,3.164200,0.000000,0.000000,0.000000
776,15,15,6481177.7624,4437.6877,3.164200,0.017314,2.937672,5.834157
777,15,15,6481182.0141,4437.6877,3.164200,0.015038,3.132906,6.029391
778,15,15,6481182.6176,4437.6877,3.164200,0.003205,2.746806,5.643274
779,15,15,6481184.7119,4437.6877,3.164200,0.016345,3.243970,6.140510
780,15,15,6481185.6299,4437.6877,3.164200,0.005624,2.898883,5.795349
781,15,15,6481186.5180,4437.6877,3.164200,0.000000,0.000000,0.000000
782,15,15,6481188.5381,4437.6877,3.164200,0.000000,0.000000,0.000000
783,15,15,6481188.9957,4437.6877,3.164200,0.003391,3.118849,6.015370
784,15,15,6481189.6407,4437.6877,3.164201,0.004813,3.018404,5.914939
785,15,15,6481193.8388,4437.6877,3.164201,0.035122,3.867105,6.763643
786,15,15,6481194.1553,4437.6877,3.164201,0.025990,3.700549,6.597088
787,15,15,6481194.8876,4437.6877,3.164201,-0.000623,2.988718,5.885178
788,15,15,6481198.2405,4437.6877,3.164201,0.000449,2.332863,5.229338
789,15,15,6481206.9063,4437.6877,3.164202,0.011762,3.562405,6.458945
790,15,15,6481210.1651,4437.6877,3.164202,0.041365,3.794276,6.690817
791,15,15,6481219.3715,4437.6877,3.164203,0.000000,0.000000,0.000000
792,15,15,6481222.5523,4437.6877,3.164203,0.000000,0.000000,0.000000
793,15,15,6481224.4252,4437.6877,3.164203,0.000000,0.000000,0.000000
794,15,15,6481225.0157,4437.6877,3.164203,0.000000,0.000000,0.000000
795,15,15,6481227.9988,4437.6877,3.164203,0.000000,0.000000,0.000000
796,15,15,6481229.6000,4437.6877,3.164203,0.008115,3.045804,5.942273
797,15,15,6481230.6679,4437.6877,3.164203,0.000000,0.000000,0.000000
798,15,15,6481231.3508,4437.6877,3.164203,0.001775,2.861712,5.758259
799,15,15,6481234.0480,4437.6877,3.164204,0.029667,2.999660,5.896207
800,15,15,6481237.3397,4437.6877,3.164204,0.007468,3.123119,6.019598
801,15,15,6481239.1465,4437.6877,3.164204,0.016271,3.275666,6.172180
802,15,15,6481242.6662,4437.6877,3.164204,0.003624,2.896518,5.792985
803,15,15,6481249.4914,4437.6877,3.164205,0.004506,2.889447,5.785922
804,15,15,6481250.0894,4437.6877,3.164205,0.010955,3.101085,5.997555
805,15,15,6481258.3925,4437.6877,3.164205,0.009995,3.181417,6.077923
806,15,15,6481259.9557,4437.6877,3.164205,0.009674,3.244174,6.140611
807,15,15,6481261.7504,4437.6877,3.164205,0.012958,3.134989,6.031537
808,15,15,6481264.0061,4437.6877,3.164206,0.000000,0.000000,0.000000
809,15,15,6481264.8905,4437.6877,3.164206,0.010541,3.214775,6.111222
810,15,15,6481273.3578,4437.6877,3.164206,0.011313,3.145709,6.042168
811,15,15,6481275.9345,4437.6877,3.164206,0.016414,3.271072,6.167543
812,15,15,6481286.0478,4437.6877,3.164207,0.000000,-0.000000,-0.000000
813,15,15,6481287.4354,4437.6877,3.164207,0.000000,-0.000000,-0.000000
814,15,15,6481288.7812,4437.6877,3.164207,0.000000,0.000000,0.000000
815,15,15,6481292.1679,4437.6877,3.164207,0.000000,0.000000,0.000000
816,15,15,6481293.5265,4437.6877,3.164207,0.000000,0.000000,0.000000
817,15,15,6481295.0029,4437.6877,3.164208,0.000000,0.000000,0.000000
818,15,15,6481297.0554,4437.6877,3.164208,0.000000,0.000000,0.000000
819,15,15,6481298.4487,4437.6877,3.164208,0.000000,0.000000,0.000000
820,15,15,6481302.1737,4437.6877,3.164208,0.000000,0.000000,0.000000
821,15,15,6481302.7146,4437.6877,3.164208,0.039598,3.588732,6.485281
822,15,15,6481308.0270,4437.6877,3.164208,0.000000,0.000000,0.000000
823,15,15,6481314.9347,4437.6877,3.164209,0.000000,0.000000,0.000000
824,15,15,6481316.7853,4437.6877,3.164209,0.000000,0.000000,0.000000
825,15,15,6481323.4991,4437.6877,3.164210,-0.007155,3.125403,6.021866
826,15,15,6481324.7500,4437.6877,3.164210,-0.000000,-0.000000,-0.000000
827,15,15,6481326.6496,4437.6877,3.164210,0.020674,3.283937,6.180477
828,15,15,6481328.1609,4437.6877,3.164210,0.003164,2.819071,5.715560
829,15,15,6481330.0311,4437.6877,3.164210,-0.003148,3.037221,5.933726
830,15,15,6481330.5580,4437.6877,3.164210,0.000000,0.000000,-0.000000
831,15,15,6481333.2154,4437.6877,3.164210,0.021850,3.273524,6.170023
832,15,15,6481333.7940,4437.6877,3.164210,0.001519,2.745988,5.642531
833,15,15,6481339.4600,4437.6877,3.164211,0.006972,2.993060,5.889589
834,15,15,6481340.4303,4437.6877,3.164211,0.022437,3.203880,6.100414
835,15,15,6481340.9750,4437.6877,3.164211,-0.000000,0.000000,0.000000
836,15,15,6481342.7112,4437.6877,3.164211,0.000000,-0.000000,0.000000
837,15,15,6481345.5936,4437.6877,3.164211,0.031573,3.453023,6.349575
838,15,15,6481348.0511,4437.6877,3.164211,0.000000,0.000000,0.000000
839,15,15,6481354.9473,4437.6877,3.164212,0.000000,0.000000,0.000000
840,15,15,6481360.1685,4437.6877,3.164212,0.005708,3.014592,5.911120
841,15,15,6481361.4217,4437.6877,3.164212,0.029290,3.320578,6.217116
842,15,15,6481362.5540,4437.6877,3.164212,0.006312,2.968500,5.865045
843,15,15,6481366.9341,4437.6877,3.164212,0.013131,3.161656,6.058191
844,15,15,6481367.5735,4437.6877,3.164212,0.010490,3.110634,6.007158
845,15,15,6481368.9382,4437.6877,3.164213,0.000000,0.000000,0.000000
846,15,15,6481369.5705,4437.6877,3.164213,0.006340,2.986183,5.882709
847,15,15,6481372.1298,4437.6877,3.164213,0.000000,-0.000000,0.000000
848,15,15,6481373.1360,4437.6877,3.164213,0.000000,0.000000,0.000000
849,15,15,6481376.1746,4437.6877,3.164213,0.005776,3.023762,5.920297
850,15,15,6481382.7437,4437.6877,3.164213,-0.000057,2.523297,5.419789
851,15,15,6481383.4497,4437.6877,3.164214,0.000000,0.000000,0.000000
852,15,15,6481384.6030,4437.6877,3.164214,0.008845,3.079776,5.976316
853,15,15,6481387.2620,4437.6877,3.164214,0.002773,2.812609,5.709145
854,15,15,6481387.6319,4437.6877,3.164214,0.000000,-0.000000,-0.000000
855,15,15,6481389.3693,4437.6877,3.164214,0.000000,0.000000,0.000000
856,15,15,6481392.7940,4437.6877,3.164214,0.006162,3.015330,5.911848
857,15,15,6481395.7643,4437.6877,3.164214,0.000000,0.000000,0.000000
858,15,15,6481398.4904,4437.6877,3.164215,0.019998,3.175499,6.071992
859,15,15,6481398.4955,4437.6877,3.164215,0.011206,3.158414,6.054949
860,15,15,6481401.3286,4437.6877,3.164215,0.032852,3.401866,6.298395
861,15,15,6481402.1645,4437.6877,3.164215,0.013459,3.152352,6.048901
862,15,15,6481405.8795,4437.6877,3.164215,0.006714,2.942727,5.839234
863,15,15,6481406.0491,4437.6877,3.164215,0.001815,2.713003,5.609514
864,15,15,6481406.6065,4437.6877,3.164215,0.013636,3.161378,6.057900
865,15,15,6481407.6294,4437.6877,3.164215,0.008475,3.083285,5.979822
866,15,15,6481411.5752,4437.6877,3.164215,0.008864,3.064981,5.961524
867,15,15,6481413.5995,4437.6877,3.164216,0.000000,0.000000,-0.000000
868,15,15,6481415.6833,4437.6877,3.164216,0.000000,0.000000,0.000000
869,15,15,6481418.4867,4437.6877,3.164216,-0.003060,2.455040,5.351386
870,15,15,6481419.2704,4437.6877,3.164216,0.015885,3.213682,6.110218
871,15,15,6481423.5734,4437.6877,3.164216,-0.000000,0.000000,0.000000
872,15,15,6481423.9362,4437.6877,3.164216,0.004080,2.891695,5.788212
873,15,15,6481426.8452,4437.6877,3.164216,0.003158,2.864771,5.761303
874,15,15,6481429.9418,4437.6877,3.164217,-0.003223,2.645712,5.542160
875,15,15,6481434.1539,4437.6877,3.164217,0.000000,-0.000000,-0.000002
876,15,15,6481434.3049,4437.6877,3.164217,0.000000,-0.000000,0.000000
877,15,15,6481436.3594,4437.6877,3.164217,0.002091,2.799650,5.696181
878,15,15,6481438.3644,4437.6877,3.164217,0.006392,3.012290,5.908802
879,15,15,6481439.9682,4437.6877,3.164217,0.003858,2.902731,5.799251
880,15,15,6481440.6032,4437.6877,3.164217,0.000411,2.850241,5.746716
881,15,15,6481442.4283,4437.6877,3.164217,0.018068,3.233384,6.129904
882,15,15,6481443.1406,4437.6877,3.164218,0.000000,0.000000,0.000000
883,15,15,6481446.4628,4437.6877,3.164218,0.005697,2.951721,5.848237
884,15,15,6481449.7458,4437.6877,3.164218,0.010131,3.095282,5.991787
885,15,15,6481451.3787,4437.6877,3.164218,0.001354,3.056160,5.952663
886,15,15,6481458.1501,4437.6877,3.164219,0.002374,2.806798,5.703339
887,15,15,6481460.7012,4437.6877,3.164219,0.010909,3.075802,5.972319
888,15,15,6481462.3994,4437.6877,3.164219,0.000000,0.000000,0.000000
889,15,15,6481462.8449,4437.6877,3.164219,0.005377,2.835387,5.731951
890,15,15,6481462.9995,4437.6877,3.164219,0.009259,3.283125,6.179663
891,15,15,6481465.7885,4437.6877,3.164219,-0.000000,0.000000,0.000001
892,15,15,6481466.5410,4437.6877,3.164219,0.000000,0.000000,-0.000000
893,15,15,6481469.7452,4437.6877,3.164219,0.000000,0.000000,0.000000
894,15,15,6481471.1526,4437.6877,3.164219,-0.000000,-0.000000,0.000000
895,15,15,6481471.8304,4437.6877,3.164219,-0.000000,0.000000,0.000000
896,15,15,6481473.1140,4437.6877,3.164220,0.031707,3.459341,6.355865
897,15,15,6481475.2773,4437.6877,3.164220,0.026124,3.370920,6.267459
898,15,15,6481476.3521,4437.6877,3.164220,0.002873,2.787086,5.683601
899,15,15,6481477.7530,4437.6877,3.164220,0.005740,3.031111,5.927644
900,15,15,6481481.6192,4437.6877,3.164220,0.000000,0.000000,0.000000
901,15,15,6481481.7877,4437.6877,3.164220,0.008382,3.086202,5.982731
902,15,15,6481487.8214,4437.6877,3.164221,0.004997,2.893661,5.790182
903,15,15,6481488.2729,4437.6877,3.164221,0.000262,2.647160,5.543697
904,15,15,6481490.4087,4437.6877,3.164221,-0.000000,0.000000,0.000000
905,15,15,6481490.8703,4437.6877,3.164221,0.007544,2.959471,5.855988
906,15,15,6481493.0233,4437.6877,3.164221,0.015870,3.045064,5.941580
907,15,15,6481493.1880,4437.6877,3.164221,0.007198,3.012796,5.909318
908,15,15,6481493.6741,4437.6877,3.164221,0.003904,2.571338,5.467911
909,15,15,6481500.7626,4437.6877,3.164221,0.003738,2.799229,5.695708
910,15,15,6481502.3679,4437.6877,3.164221,0.010868,3.099786,5.996300
911,15,15,6481510.5170,4437.6877,3.164222,-0.000000,0.000000,0.000000
912,15,15,6481521.0473,4437.6877,3.164223,0.000000,0.000000,0.000000
913,15,15,6481525.2216,4437.6877,3.164223,0.034106,3.385151,6.281695
914,15,15,6481527.4257,4437.6877,3.164223,0.000000,0.000000,0.000000
915,15,15,6481528.0418,4437.6877,3.164223,0.014003,3.197283,6.093816
916,15,15,6481532.5355,4437.6877,3.164224,0.003914,2.858144,5.754672
917,15,15,6481538.0169,4437.6877,3.164224,0.009453,3.126806,6.023345
918,15,15,6481539.6130,4437.6877,3.164224,0.006376,2.982116,5.878644
919,15,15,6481540.2842,4437.6877,3.164224,0.010880,3.068447,5.964984
920,15,15,6481541.0873,4437.6877,3.164224,0.018693,3.139015,6.035547
921,15,15,6481545.0521,4437.6877,3.164224,0.019550,3.250570,6.147097
922,15,15,6481547.3880,4437.6877,3.164225,0.028564,3.259114,6.155648
923,15,15,6481548.6770,4437.6877,3.164225,0.000654,2.404339,5.300855
924,15,15,6481550.7228,4437.6877,3.164225,0.008440,2.941502,5.838020
925,15,15,6481551.1481,4437.6877,3.164225,0.023370,3.298013,6.194538
926,15,15,6481556.7604,4437.6877,3.164225,0.010474,3.098962,5.995454
927,15,15,6481556.9760,4437.6877,3.164225,0.000816,2.482499,5.379034
928,15,15,6481559.3565,4437.6877,3.164225,0.021410,3.277548,6.174071
929,15,15,6481561.1415,4437.6877,3.164225,0.002318,2.683996,5.580513
930,15,15,6481564.2024,4437.6877,3.164226,0.003233,2.778085,5.674593
931,15,15,6481569.7955,4437.6877,3.164226,0.025110,3.296740,6.193274
932,15,15,6481569.8979,4437.6877,3.164226,0.000000,0.000000,0.000000
933,15,15,6481571.7610,4437.6877,3.164226,0.014278,3.165382,6.061909
934,15,15,6481582.0045,4437.6877,3.164227,0.005123,2.852034,5.748580
935,15,15,6481586.0004,4437.6877,3.164227,0.001096,2.572973,5.469493
936,15,15,6481586.7598,4437.6877,3.164227,0.000000,-0.000000,0.000000
937,15,15,6481590.2209,4437.6877,3.164227,0.011180,3.108866,6.005390
938,15,15,6481593.6038,4437.6877,3.164228,0.005066,2.921592,5.818116
939,15,15,6481594.2802,4437.6877,3.164228,0.000000,0.000000,0.000000
940,15,15,6481599.0690,4437.6877,3.164228,0.016374,3.239702,6.136238
941,15,15,6481602.7422,4437.6877,3.164228,0.000000,0.000000,0.000000
942,15,15,6481607.2386,4437.6877,3.164229,0.000000,0.000000,0.000000
943,15,15,6481608.4152,4437.6877,3.164229,0.000000,0.000000,0.000000
944,15,15,6481609.5933,4437.6877,3.164229,0.000000,0.000000,0.000000
945,15,15,6481610.9423,4437.6877,3.164229,-0.000000,0.000000,0.000000
946,15,15,6481611.6103,4437.6877,3.164229,0.001167,2.663784,5.560316
947,15,15,6481621.3385,4437.6877,3.164229,0.016786,3.260353,6.156881
948,15,15,6481621.7415,4437.6877,3.164230,0.008970,3.164800,6.061340
949,15,15,6481633.5183,4437.6877,3.164230,0.005726,2.997435,5.893954
950,15,15,6481633.9220,4437.6877,3.164230,0.000000,0.000000,-0.000000
951,15,15,6481635.0790,4437.6877,3.164230,0.000000,0.000000,0.000000
952,15,15,6481638.0081,4437.6877,3.164231,0.000000,0.000000,0.000000
953,15,15,6481644.3938,4437.6877,3.164231,0.019635,3.346575,6.243093
954,15,15,6481644.4336,4437.6877,3.164231,0.007853,3.105011,6.001519
955,15,15,6481645.9046,4437.6877,3.164231,0.000000,0.000000,0.000000
956,15,15,6481653.1822,4437.6877,3.164232,0.030606,3.340626,6.237132
957,15,15,6481655.9466,4437.6877,3.164232,0.000000,0.000000,0.000000
958,15,15,6481656.4069,4437.6877,3.164232,0.000000,0.000000,0.000000
959,15,15,6481657.4771,4437.6877,3.164232,0.006801,3.104343,6.000870
960,15,15,6481659.7648,4437.6877,3.164232,0.003626,2.902145,5.798632
961,15,15,6481667.6315,4437.6877,3.164233,0.002868,2.847647,5.744163
962,15,15,6481672.3498,4437.6877,3.164233,0.006131,2.928198,5.824727
963,15,15,6481674.1888,4437.6877,3.164233,-0.000000,-0.000000,-0.000000
964,15,15,6481675.0124,4437.6877,3.164233,0.002214,2.728170,5.624720
965,15,15,6481680.4324,4437.6877,3.164233,0.000000,0.000000,0.000000
966,15,15,6481681.4607,4437.6877,3.164234,0.009907,3.096682,5.993202
967,15,15,6481689.2243,4437.6877,3.164234,0.012013,3.121127,6.017674
968,15,15,6481689.3844,4437.6877,3.164234,-0.000000,0.000000,0.000000
969,15,15,6481695.7412,4437.6877,3.164234,0.000000,0.000000,0.000000
970,15,15,6481703.5431,4437.6877,3.164235,0.001818,2.788584,5.685121
971,15,15,6481703.7757,4437.6877,3.164235,0.000000,0.000000,0.000000
972,15,15,6481707.4766,4437.6877,3.164235,-0.000000,0.000000,0.000000
973,15,15,6481708.5068,4437.6877,3.164235,0.000000,0.000000,0.000000
974,15,15,6481711.2471,4437.6877,3.164236,0.003709,2.846814,5.743306
975,15,15,6481711.3280,4437.6877,3.164236,0.008552,2.932565,5.829113
976,15,15,6481714.3203,4437.6877,3.164236,0.007803,2.931099,5.827612
977,15,15,6481721.9715,4437.6877,3.164236,0.000937,2.625489,5.522002
978,15,15,6481723.1318,4437.6877,3.164236,0.000000,0.000000,0.000000
979,15,15,6481725.7955,4437.6877,3.164236,0.000000,0.000000,-0.000000
980,15,15,6481740.1717,4437.6877,3.164237,-0.001656,2.542561,5.438996
981,15,15,6481742.3255,4437.6877,3.164238,0.005014,2.934260,5.830798
982,15,15,6481745.8029,4437.6877,3.164238,-0.000000,0.000000,0.000000
983,15,15,6481751.0204,4437.6877,3.164238,0.004500,2.979526,5.876049
984,15,15,6481754.4129,4437.6877,3.164238,0.014265,3.074852,5.971381
985,15,15,6481756.1816,4437.6877,3.164239,0.000000,0.000000,0.000000
986,15,15,6481759.5835,4437.6877,3.164239,0.002816,2.757533,5.654079
987,15,15,6481761.5020,4437.6877,3.164239,0.000000,0.000000,0.000000
988,15,15,6481763.0426,4437.6877,3.164239,0.000000,0.000000,0.000000
989,15,15,6481771.6410,4437.6877,3.164240,0.000000,0.000000,0.000000
990,15,15,6481773.8955,4437.6877,3.164240,0.000000,0.000000,0.000000
991,15,15,6481776.1299,4437.6877,3.164240,0.006457,2.891975,5.788509
992,15,15,6481781.2745,4437.6877,3.164240,0.003891,2.875309,5.771815
993,15,15,6481784.2282,4437.6877,3.164240,0.000000,-0.000000,0.000000
994,15,15,6481789.2116,4437.6877,3.164241,0.000000,0.000000,0.000000
995,15,15,6481801.7236,4437.6877,3.164242,0.000000,0.000000,0.000000
996,15,15,6481811.6026,4437.6877,3.164242,0.000000,0.000000,0.000000
997,15,15,6481815.4900,4437.6877,3.164242,0.000000,0.000000,0.000000
998,15,15,6481816.1589,4437.6877,3.164243,0.001648,2.666852,5.563398
999,15,15,6481816.8532,4437.6877,3.164243,0.000566,2.695138,5.591651
1000,15,15,6481817.2825,4437.6877,3.164243,0.000000,-0.000000,-0.000000
1001,15,15,6481821.2728,4437.6877,3.164243,0.000000,-0.000000,0.000000
1002,15,15,6481821.7194,4437.6877,3.164243,0.000000,0.000000,0.000000
1003,15,15,6481825.6738,4437.6877,3.164243,0.000000,0.000000,0.000000
1004,15,15,6481826.7905,4437.6877,3.164243,0.000000,-0.000000,-0.000000
1005,15,15,6481831.3769,4437.6877,3.164244,0.012077,3.045381,5.941906
1006,15,15,6481834.8812,4437.6877,3.164244,0.001149,2.597814,5.494334
1007,15,15,6481835.1409,4437.6877,3.164244,0.000000,0.000000,0.000000
1008,15,15,6481839.0460,4437.6877,3.164244,0.000000,-0.000000,0.000000
1009,15,15,6481844.5479,4437.6877,3.164244,0.001108,2.565214,5.461760
1010,15,15,6481845.5548,4437.6877,3.164245,0.000000,0.000000,-0.000000
1011,15,15,6481850.9207,4437.6877,3.164245,0.000000,0.000000,0.000000
1012,15,15,6481861.3483,4437.6877,3.164246,0.000000,0.000000,-0.000000
1013,15,15,6481861.3987,4437.6877,3.164246,0.000000,0.000000,0.000000
1014,15,15,6481863.6884,4437.6877,3.164246,0.000000,0.000000,0.000000
1015,15,15,6481864.5691,4437.6877,3.164246,0.000000,0.000000,0.000000
1016,15,15,6481875.6917,4437.6877,3.164247,0.000000,0.000000,0.000000
1017,15,15,6481879.4256,4437.6877,3.164247,0.000000,0.000000,0.000000
1018,15,15,6481879.5661,4437.6877,3.164247,0.000000,-0.000000,0.000000
1019,15,15,6481885.6761,4437.6877,3.164247,0.000000,0.000000,-0.000000
1020,15,15,6481890.2071,4437.6877,3.164248,0.000000,0.000000,-0.000000
1021,15,15,6481895.0779,4437.6877,3.164248,0.000000,0.000000,0.000000
1022,15,15,6481904.3917,4437.6877,3.164248,0.000000,0.000000,0.000000
1023,15,15,6481914.7617,4437.6877,3.164249,0.000000,0.000000,0.000000
1024,15,15,6481916.7561,4437.6877,3.164249,0.020973,3.147894,6.044436
1025,15,15,6481917.8356,4437.6877,3.164249,0.020553,3.162675,6.059223
1026,15,15,6481927.1574,4437.6877,3.164250,0.000000,0.000000,0.000000
1027,15,15,6481933.3942,4437.6877,3.164250,0.000000,0.000000,0.000000
1028,15,15,6481940.9389,4437.6877,3.164251,0.000000,0.000000,0.000000
1029,15,15,6481941.4154,4437.6877,3.164251,-0.000000,0.000000,0.000000
1030,15,15,6481942.9843,4437.6877,3.164251,0.000000,0.000000,0.000000
1031,15,15,6481956.6453,4437.6877,3.164252,0.004640,2.901266,5.797790
1032,15,15,6481957.7928,4437.6877,3.164252,0.008120,2.988977,5.885479
1033,15,15,6481961.6179,4437.6877,3.164252,0.000000,0.000000,0.000000
1034,15,15,6481962.9275,4437.6877,3.164252,0.006028,3.072685,5.969175
1035,15,15,6481979.2636,4437.6877,3.164253,0.000000,0.000000,-0.000000
1036,15,15,6481984.7517,4437.6877,3.164254,0.000000,-0.000000,-0.000000
1037,15,15,6481989.7961,4437.6877,3.164254,0.000000,-0.000000,0.000000
1038,15,15,6481993.4732,4437.6877,3.164254,0.004562,2.476718,5.373176
1039,15,15,6482002.0097,4437.6877,3.164255,0.005676,2.947813,5.844349
1040,15,15,6482015.3779,4437.6877,3.164256,0.000000,0.000000,0.000000
1041,15,15,6482017.9533,4437.6877,3.164256,0.000000,0.000000,0.000000
1042,15,15,6482027.5620,4437.6877,3.164257,0.000000,-0.000000,-0.000000
1043,15,15,6482034.4287,4437.6877,3.164257,0.000000,0.000000,0.000000
1044,15,15,6482035.1195,4437.6877,3.164257,0.000000,-0.000000,-0.000000
1045,15,15,6482045.3082,4437.6877,3.164258,0.000000,0.000000,0.000000
1046,15,15,6482046.6468,4437.6877,3.164258,0.000000,0.000000,0.000000
1047,15,15,6482064.5789,4437.6877,3.164259,0.000000,0.000000,0.000000
1048,15,15,6482068.0105,4437.6877,3.164259,0.000000,-0.000000,-0.000000
1049,15,15,6482082.1098,4437.6877,3.164260,0.000000,0.000000,0.000000
1050,15,15,6482084.0258,4437.6877,3.164260,0.000000,-0.000000,0.000000
1051,15,15,6482097.6126,4437.6877,3.164261,0.000000,0.000000,0.000000
1052,15,15,6482099.2138,4437.6877,3.164262,0.000000,0.000000,0.000000
1053,15,15,6482118.1549,4437.6877,3.164263,0.000000,0.000000,0.000000
1054,15,15,6482120.8749,4437.6877,3.164263,0.003704,2.838864,5.735380
1055,15,15,6482153.4626,4437.6877,3.164265,0.006546,2.957794,5.854321
1056,15,15,6482153.6825,4437.6877,3.164265,0.002683,2.765359,5.661873
1057,15,15,6482158.6699,4437.6877,3.164266,0.000000,0.000000,0.000000
1058,15,15,6482161.3411,4437.6877,3.164266,0.000000,0.000000,0.000000
1059,15,15,6482166.7150,4437.6877,3.164266,-0.000000,-0.000000,0.000000
1060,15,15,6482166.7476,4437.6877,3.164266,0.000000,0.000000,0.000000
1061,15,15,6482168.5860,4437.6877,3.164266,0.000000,0.000000,-0.000000
1062,15,15,6482168.9904,4437.6877,3.164266,0.000000,-0.000000,-0.000000
1063,15,15,6482172.9154,4437.6877,3.164266,0.000000,0.000000,0.000000
1064,15,15,6482179.1726,4437.6877,3.164267,0.000000,0.000000,0.000000
1065,15,15,6482180.9789,4437.6877,3.164267,0.000000,0.000000,0.000000
1066,15,15,6482182.2703,4437.6877,3.164267,0.000000,0.000000,0.000000
1067,15,15,6482192.0508,4437.6877,3.164268,0.000000,-0.000000,0.000000
1068,15,15,6482196.1534,4437.6877,3.164268,0.000000,-0.000000,-0.000000
1069,15,15,6482201.8438,4437.6877,3.164268,0.000000,0.000000,0.000000
1070,15,15,6482212.0236,4437.6877,3.164269,0.000000,-0.000000,-0.000000
1071,15,15,6482214.8971,4437.6877,3.164269,0.000000,0.000000,0.000000
1072,15,15,6482219.7992,4437.6877,3.164270,0.002188,2.363615,5.260248
1073,15,15,6482238.1480,4437.6877,3.164271,-0.000000,-0.000000,0.000000
1074,15,15,6482239.1130,4437.6877,3.164271,0.000000,0.000000,0.000000
1075,15,15,6482250.5119,4437.6877,3.164272,0.000000,0.000000,0.000000
1076,15,15,6482260.0371,4437.6877,3.164272,-0.000000,-0.000000,-0.000000
1077,15,15,6482261.1639,4437.6877,3.164272,-0.000000,-0.000000,0.000000
1078,15,15,6482280.1307,4437.6877,3.164274,0.000000,0.000000,0.000000
1079,15,15,6482282.0207,4437.6877,3.164274,0.000000,0.000000,0.000000
1080,15,15,6482292.3248,4437.6877,3.164274,-0.000000,0.000000,0.000000
1081,15,15,6482296.8464,4437.6877,3.164275,0.000000,0.000000,0.000000
1082,15,15,6482298.7624,4437.6877,3.164275,0.000000,0.000000,0.000000
1083,15,15,6482308.3168,4437.6877,3.164276,0.000000,0.000000,0.000000
1084,15,15,6482318.1489,4437.6877,3.164276,0.000000,-0.000000,-0.000000
1085,15,15,6482325.3525,4437.6877,3.164277,0.000000,0.000000,0.000000
1086,15,15,6482327.7043,4437.6877,3.164277,0.000000,0.000000,0.000000
1087,15,15,6482334.2973,4437.6877,3.164277,0.000000,0.000000,0.000000
1088,15,15,6482338.3832,4437.6877,3.164278,0.000000,0.000000,0.000000
1089,15,15,6482349.6036,4437.6877,3.164278,-0.000000,-0.000000,0.000000
1090,15,15,6482356.3354,4437.6877,3.164279,0.000000,0.000000,0.000000
1091,15,15,6482403.7633,4437.6877,3.164282,0.000000,0.000000,0.000000
1092,15,15,6482422.3390,4437.6877,3.164283,0.000000,-0.000000,-0.000000
1093,15,15,6482426.8311,4437.6877,3.164283,0.000000,0.000000,0.000000
1094,15,15,6482443.0490,4437.6877,3.164285,0.000000,0.000000,0.000000
1095,15,15,6482448.8618,4437.6877,3.164285,0.000000,0.000000,0.000000
1096,15,15,6482478.8363,4437.6877,3.164287,0.000000,0.000000,0.000000
1097,15,15,6482484.6971,4437.6877,3.164287,0.000000,-0.000000,-0.000000
1098,15,15,6482489.1225,4437.6877,3.164288,0.000000,0.000000,0.000000
1099,15,15,6482514.7586,4437.6877,3.164289,0.000000,0.000000,0.000000
1100,15,15,6482524.0387,4437.6877,3.164290,0.000000,-0.000000,-0.000000
1101,15,15,6482535.7380,4437.6877,3.164291,-0.000000,0.000000,-0.000000
1102,15,15,6482555.2335,4437.6877,3.164292,0.000000,0.000000,0.000000
1103,15,15,6482559.5068,4437.6877,3.164292,0.000000,0.000000,0.000000
1104,15,15,6482566.8614,4437.6877,3.164293,0.000000,-0.000000,0.000000
1105,15,15,6482575.9230,4437.6877,3.164293,0.000000,-0.000000,0.000000
1106,15,15,6482579.8280,4437.6877,3.164294,0.000000,0.000000,0.000000
1107,15,15,6482620.3114,4437.6877,3.164296,0.000000,0.000000,0.000000
1108,15,15,6482642.1682,4437.6877,3.164298,0.000000,0.000000,0.000000
1109,15,15,6482652.6865,4437.6877,3.164299,0.000000,0.000000,0.000000
1110,15,15,6482671.2121,4437.6877,3.164300,0.004631,2.805993,5.702521
1111,15,15,6482681.9312,4437.6877,3.164301,0.000623,2.484573,5.381055
1112,15,15,6482694.8521,4437.6877,3.164301,0.000000,0.000000,0.000000
1113,15,15,6482697.7808,4437.6877,3.164302,0.000000,-0.000000,0.000000
1114,15,15,6482735.2137,4437.6877,3.164304,0.000000,0.000000,0.000000
1115,15,15,6482749.4636,4437.6877,3.164305,0.000045,2.646430,5.542865
1116,15,15,6482751.5367,4437.6877,3.164305,-0.000000,0.000000,0.000000
1117,15,15,6482776.0262,4437.6877,3.164307,0.000000,0.000000,0.000000
1118,15,15,6482790.3380,4437.6877,3.164308,0.000000,-0.000000,0.000000
1119,15,15,6482792.7143,4437.6877,3.164308,0.000000,0.000000,0.000000
1120,15,15,6482793.3443,4437.6877,3.164308,0.000000,0.000000,0.000000
1121,15,15,6482805.8293,4437.6877,3.164309,0.000000,0.000000,0.000000
1122,15,15,6482807.1160,4437.6877,3.164309,0.000000,-0.000000,-0.000000
1123,15,15,6482811.6620,4437.6877,3.164309,0.000000,0.000000,0.000000
1124,15,15,6482813.0176,4437.6877,3.164309,0.000000,-0.000000,0.000000
1125,15,15,6482822.5347,4437.6877,3.164310,0.000000,-0.000000,0.000000
1126,15,15,6482822.6936,4437.6877,3.164310,0.002181,2.617042,5.513617
1127,15,15,6482839.0697,4437.6877,3.164311,0.000000,0.000000,0.000000
1128,15,15,6482840.2829,4437.6877,3.164311,0.002222,2.784274,5.680812
1129,15,15,6482845.8137,4437.6877,3.164312,-0.003820,2.840338,5.736823
1130,15,15,6482855.4191,4437.6877,3.164312,0.000768,2.416477,5.313016
1131,15,15,6482866.0423,4437.6877,3.164313,0.000000,-0.000000,0.000000
1132,15,15,6482868.3783,4437.6877,3.164313,0.000000,0.000000,0.000000
1133,15,15,6482871.4602,4437.6877,3.164313,0.000000,0.000000,0.000000
1134,15,15,6482872.3664,4437.6877,3.164313,0.008622,2.960251,5.856823
1135,15,15,6482883.7401,4437.6877,3.164314,0.000000,0.000000,0.000000
1136,15,15,6482897.1115,4437.6877,3.164315,0.000000,0.000000,0.000000
1137,15,15,6482899.2371,4437.6877,3.164315,0.000000,0.000000,-0.000000
1138,15,15,6482906.5672,4437.6877,3.164316,0.002009,2.588904,5.485476
1139,15,15,6482907.2657,4437.6877,3.164316,0.000000,0.000000,0.000000
1140,15,15,6482911.8023,4437.6877,3.164316,0.000000,0.000000,0.000000
1141,15,15,6482935.7334,4437.6877,3.164318,0.000000,0.000000,0.000000
1142,15,15,6482947.3464,4437.6877,3.164318,0.000969,2.358678,5.255089
1143,15,15,6482974.7313,4437.6877,3.164320,0.000000,0.000000,0.000000
1144,15,15,6482981.5386,4437.6877,3.164321,0.000000,0.000000,0.000000
1145,15,15,6483009.6248,4437.6877,3.164323,0.000000,0.000000,0.000000
1146,15,15,6483009.6341,4437.6877,3.164323,0.000000,0.000000,0.000000
1147,15,15,6483020.8112,4437.6877,3.164323,0.003172,2.857129,5.753661
1148,15,15,6483021.7131,4437.6877,3.164323,0.006891,3.078572,5.975117
1149,15,15,6483033.6106,4437.6877,3.164324,0.000656,2.443940,5.340486
1150,15,15,6483034.3634,4437.6877,3.164324,0.002271,2.784679,5.681208
1151,15,15,6483035.9664,4437.6877,3.164324,0.005039,2.919316,5.815860
1152,15,15,6483042.0851,4437.6877,3.164325,0.000000,-0.000000,-0.000000
1153,15,15,6483049.7083,4437.6877,3.164325,0.000000,0.000000,0.000000
1154,15,15,6483061.6321,4437.6877,3.164326,0.000000,-0.000000,-0.000000
1155,15,15,6483065.0383,4437.6877,3.164326,0.000000,0.000000,0.000000
1156,15,15,6483072.0045,4437.6877,3.164327,0.000000,0.000000,0.000000
1157,15,15,6483078.4433,4437.6877,3.164327,0.000000,0.000000,0.000000
1158,15,15,6483099.4237,4437.6877,3.164329,0.000000,0.000000,0.000000
1159,15,15,6483111.0930,4437.6877,3.164329,0.000000,-0.000000,-0.000000
1160,15,15,6483131.6369,4437.6877,3.164331,0.000000,0.000000,0.000000
1161,15,15,6483132.9690,4437.6877,3.164331,0.000000,-0.000000,0.000000
1162,15,15,6483135.9004,4437.6877,3.164331,0.000000,-0.000000,-0.000000
1163,15,15,6483142.3242,4437.6877,3.164331,0.002270,2.715152,5.611698
1164,15,15,6483145.3917,4437.6877,3.164332,0.004317,2.888032,5.784578
1165,15,15,6483160.1343,4437.6877,3.164333,0.000000,0.000000,0.000000
1166,15,15,6483172.3373,4437.6877,3.164333,0.000000,0.000000,0.000000
1167,15,15,6483173.1441,4437.6877,3.164334,0.000000,-0.000000,0.000000
1168,15,15,6483181.6975,4437.6877,3.164334,-0.000000,-0.000000,-0.000000
1169,15,15,6483182.1117,4437.6877,3.164334,0.000000,0.000000,0.000000
1170,15,15,6483188.5350,4437.6877,3.164335,0.001494,2.599981,5.496508
1171,15,15,6483209.3209,4437.6877,3.164336,0.000000,0.000000,0.000000
1172,15,15,6483239.6709,4437.6877,3.164338,0.000000,0.000000,0.000000
1173,15,15,6483274.9771,4437.6877,3.164340,0.000000,0.000000,0.000000
1174,15,15,6483304.7858,4437.6877,3.164342,0.000000,-0.000000,-0.000000
1175,15,15,6483311.3275,4437.6877,3.164343,0.000000,0.000000,0.000000
1176,15,15,6483335.7422,4437.6877,3.164344,0.000000,0.000000,0.000000
1177,15,15,6483376.7131,4437.6877,3.164347,-0.000000,-0.000000,0.000000
1178,15,15,6483425.3657,4437.6877,3.164350,-0.000000,-0.000000,-0.000000
1179,15,15,6483429.1166,4437.6877,3.164351,0.000000,-0.000000,-0.000000
1180,15,15,6483434.6014,4437.6877,3.164351,0.000000,0.000000,0.000000
1181,15,15,6483451.8818,4437.6877,3.164352,0.000067,2.292154,5.188557
1182,15,15,6483455.3205,4437.6877,3.164352,0.000000,0.000000,0.000000
1183,15,15,6483504.3422,4437.6877,3.164356,0.000000,0.000000,0.000000
1184,15,15,6483515.0602,4437.6877,3.164356,0.000000,0.000000,0.000000
1185,15,15,6483516.8143,4437.6877,3.164357,-0.000000,0.000000,0.000000
1186,15,15,6483522.8903,4437.6877,3.164357,0.018442,3.237493,6.134057
1187,15,15,6483527.1607,4437.6877,3.164357,0.009286,3.082920,5.979486
1188,15,15,6483528.7805,4437.6877,3.164357,0.000000,0.000000,0.000000
1189,15,15,6483532.2321,4437.6877,3.164358,0.000374,2.275883,5.172435
1190,15,15,6483545.1703,4437.6877,3.164358,0.018326,3.244384,6.140950
1191,15,15,6483551.9238,4437.6877,3.164359,0.000000,0.000000,0.000000
1192,15,15,6483552.9384,4437.6877,3.164359,0.000000,0.000000,0.000000
1193,15,15,6483560.5145,4437.6877,3.164359,0.000000,0.000000,0.000000
1194,15,15,6483570.1882,4437.6877,3.164360,0.000000,0.000000,0.000000
1195,15,15,6483584.4725,4437.6877,3.164361,0.000000,-0.000000,0.000000
1196,15,15,6483589.0811,4437.6877,3.164361,0.000000,0.000000,0.000000
1197,15,15,6483591.8008,4437.6877,3.164362,0.000000,0.000000,0.000000
1198,15,15,6483591.9754,4437.6877,3.164362,0.000000,0.000000,0.000000
1199,15,15,6483603.0799,4437.6877,3.164362,0.001668,2.711413,5.607974
1200,15,15,6483615.7562,4437.6877,3.164363,0.000000,0.000000,0.000000
1201,15,15,6483620.0559,4437.6877,3.164363,0.000000,0.000000,0.000000
1202,15,15,6483627.9434,4437.6877,3.164364,0.000000,-0.000000,0.000000
1203,15,15,6483646.2120,4437.6877,3.164365,-0.000000,0.000000,-0.000000
1204,15,15,6483646.8965,4437.6877,3.164365,0.000000,0.000000,0.000000
1205,15,15,6483656.3293,4437.6877,3.164366,0.000000,0.000000,0.000000
1206,15,15,6483666.5813,4437.6877,3.164367,0.000000,0.000000,0.000000
1207,15,15,6483668.9370,4437.6877,3.164367,0.000000,0.000000,0.000000
1208,15,15,6483689.5207,4437.6877,3.164368,0.001591,2.668256,5.564841
1209,15,15,6483690.1577,4437.6877,3.164368,0.001723,2.683856,5.580442
1210,15,15,6483695.0403,4437.6877,3.164368,0.014213,3.151041,6.047624
1211,15,15,6483697.8586,4437.6877,3.164369,-0.000318,2.637119,5.533703
1212,15,15,6483702.6311,4437.6877,3.164369,0.000000,0.000000,0.000000
1213,15,15,6483707.9143,4437.6877,3.164369,0.000000,-0.000000,-0.000000
1214,15,15,6483708.1286,4437.6877,3.164369,0.000000,0.000000,0.000000
1215,15,15,6483710.7528,4437.6877,3.164370,0.000000,-0.000000,0.000000
1216,15,15,6483723.2596,4437.6877,3.164370,0.000000,0.000000,0.000000
1217,15,15,6483732.3691,4437.6877,3.164371,-0.000000,0.000000,0.000000
1218,15,15,6483732.3784,4437.6877,3.164371,0.000000,0.000000,0.000000
1219,15,15,6483735.6514,4437.6877,3.164371,0.000000,0.000000,0.000000
1220,15,15,6483735.8147,4437.6877,3.164371,0.001611,2.674218,5.570801
1221,15,15,6483747.3405,4437.6877,3.164372,0.001024,2.591852,5.488425
1222,15,15,6483755.0318,4437.6877,3.164373,0.000000,0.000000,0.000000
1223,15,15,6483756.8728,4437.6877,3.164373,0.000000,0.000000,0.000000
1224,15,15,6483761.7699,4437.6877,3.164373,0.000000,0.000000,0.000000
1225,15,15,6483788.9959,4437.6877,3.164375,0.000000,-0.000000,-0.000000
1226,15,15,6483862.3194,4437.6877,3.164380,0.000000,0.000000,0.000000
1227,15,15,6483927.3974,4437.6877,3.164384,0.000000,0.000000,0.000000
1228,15,15,6483981.8755,4437.6877,3.164388,0.000000,0.000000,0.000000
1229,15,15,6484163.6599,4437.6877,3.164400,0.000000,0.000000,0.000000
1230,15,15,6484185.7241,4437.6877,3.164401,0.000000,0.000000,0.000000
1231,15,15,6484221.9375,4437.6877,3.164404,0.000366,2.139919,5.036511
1232,15,15,6484246.7609,4437.6877,3.164405,-0.000486,2.114161,5.010537
1233,15,15,6484282.7349,4437.6877,3.164408,0.000000,0.000000,0.000000
1234,15,15,6484338.3283,4437.6877,3.164412,0.000000,0.000000,0.000000
1235,15,15,6484341.1946,4437.6877,3.164412,0.000000,0.000000,0.000000
1236,15,15,6484484.8725,4437.6877,3.164421,0.000000,0.000000,0.000000
1237,15,15,6484513.8643,4437.6877,3.164423,0.000000,0.000000,0.000000
1238,15,15,6484586.0089,4437.6877,3.164428,0.000000,-0.000000,-0.000000
1239,15,15,6484605.7869,4437.6877,3.164430,0.000000,0.000000,0.000000
1240,15,15,6484644.3724,4437.6877,3.164432,0.000000,-0.000000,0.000000
1241,15,15,6484726.8771,4437.6877,3.164438,0.000000,0.000000,0.000000
1242,15,15,6486817.2902,4437.6877,3.164578,0.000000,0.000000,0.000000
1243,15,15,6486817.3062,4437.6877,3.164578,0.000000,0.000000,0.000000
