mode_rank,m,n,Omega_exact,W_energy_pct,Phi1_energy_pct,Phi2_energy_pct
1,1,1,19.7392,99.999836,0.000082,0.000082
2,1,2,49.3480,99.999589,0.000082,0.000329
3,2,1,49.3480,99.999589,0.000329,0.000082
4,2,2,78.9568,99.999342,0.000329,0.000329
5,1,3,98.6960,99.999178,0.000082,0.000740
6,3,1,98.6960,99.999178,0.000740,0.000082
7,2,3,128.3049,99.998931,0.000329,0.000740
8,3,2,128.3049,99.998931,0.000740,0.000329
9,1,4,167.7833,99.998602,0.000082,0.001316
10,4,1,167.7833,99.998602,0.001316,0.000082
11,3,3,177.6529,99.998520,0.000740,0.000740
12,2,4,197.3921,99.998355,0.000329,0.001316
13,4,2,197.3921,99.998355,0.001316,0.000329
14,3,4,246.7401,99.997944,0.000740,0.001316
15,4,3,246.7401,99.997944,0.001316,0.000740
16,1,5,256.6097,99.997862,0.000082,0.002056
17,5,1,256.6097,99.997862,0.002056,0.000082
18,2,5,286.2185,99.997615,0.000329,0.002056
19,5,2,286.2185,99.997615,0.002056,0.000329
20,4,4,315.8273,99.997368,0.001316,0.001316
21,3,5,335.5665,99.997204,0.000740,0.002056
22,5,3,335.5665,99.997204,0.002056,0.000740
23,1,6,365.1754,99.996957,0.000082,0.002961
24,6,1,365.1754,99.996957,0.002961,0.000082
25,2,6,394.7842,99.996710,0.000329,0.002961
26,6,2,394.7842,99.996710,0.002961,0.000329
27,4,5,404.6538,99.996628,0.001316,0.002056
28,5,4,404.6538,99.996628,0.002056,0.001316
29,3,6,444.1322,99.996299,0.000740,0.002961
30,6,3,444.1322,99.996299,0.002961,0.000740
31,1,7,493.4802,99.995888,0.000082,0.004030
32,7,1,493.4802,99.995888,0.004030,0.000082
33,5,5,493.4802,99.995888,0.002056,0.002056
34,4,6,513.2194,99.995723,0.001316,0.002961
35,6,4,513.2194,99.995723,0.002961,0.001316
36,2,7,523.0890,99.995641,0.000329,0.004030
37,7,2,523.0890,99.995641,0.004030,0.000329
38,3,7,572.4371,99.995230,0.000740,0.004030
39,7,3,572.4371,99.995230,0.004030,0.000740
40,5,6,602.0459,99.994983,0.002056,0.002961
41,6,5,602.0459,99.994983,0.002961,0.002056
42,1,8,641.5243,99.994654,0.000082,0.005264
43,8,1,641.5243,99.994654,0.005264,0.000082
44,4,7,641.5243,99.994654,0.001316,0.004030
45,7,4,641.5243,99.994654,0.004030,0.001316
46,2,8,671.1331,99.994408,0.000329,0.005263
47,8,2,671.1331,99.994408,0.005263,0.000329
48,6,6,710.6115,99.994079,0.002961,0.002961
49,3,8,720.4811,99.993996,0.000740,0.005263
50,8,3,720.4811,99.993996,0.005263,0.000740
51,5,7,730.3507,99.993914,0.002056,0.004030
52,7,5,730.3507,99.993914,0.004030,0.002056
53,4,8,789.5684,99.993421,0.001316,0.005263
54,8,4,789.5684,99.993421,0.005263,0.001316
55,1,9,809.3076,99.993256,0.000082,0.006662
56,9,1,809.3076,99.993256,0.006662,0.000082
57,2,9,838.9164,99.993010,0.000329,0.006662
58,9,2,838.9164,99.993010,0.006662,0.000329
59,6,7,838.9164,99.993010,0.002961,0.004030
60,7,6,838.9164,99.993010,0.004030,0.002961
61,5,8,878.3948,99.992681,0.002056,0.005263
62,8,5,878.3948,99.992681,0.005263,0.002056
63,3,9,888.2644,99.992598,0.000740,0.006661
64,9,3,888.2644,99.992598,0.006661,0.000740
65,4,9,957.3516,99.992023,0.001316,0.006661
66,9,4,957.3516,99.992023,0.006661,0.001316
67,7,7,967.2212,99.991940,0.004030,0.004030
68,6,8,986.9604,99.991776,0.002961,0.005263
69,8,6,986.9604,99.991776,0.005263,0.002961
70,1,10,996.8300,99.991694,0.000082,0.008224
71,10,1,996.8300,99.991694,0.008224,0.000082
72,2,10,1026.4389,99.991447,0.000329,0.008224
73,10,2,1026.4389,99.991447,0.008224,0.000329
74,5,9,1046.1781,99.991283,0.002056,0.006661
75,9,5,1046.1781,99.991283,0.006661,0.002056
76,3,10,1075.7869,99.991036,0.000740,0.008224
77,10,3,1075.7869,99.991036,0.008224,0.000740
78,7,8,1115.2653,99.990707,0.004030,0.005263
79,8,7,1115.2653,99.990707,0.005263,0.004030
80,4,10,1144.8741,99.990460,0.001316,0.008224
81,10,4,1144.8741,99.990460,0.008224,0.001316
82,6,9,1154.7437,99.990378,0.002961,0.006661
83,9,6,1154.7437,99.990378,0.006661,0.002961
84,1,11,1204.0917,99.989967,0.000082,0.009951
85,11,1,1204.0917,99.989967,0.009951,0.000082
86,2,11,1233.7006,99.989720,0.000329,0.009951
87,11,2,1233.7006,99.989720,0.009951,0.000329
88,5,10,1233.7006,99.989720,0.002056,0.008224
89,10,5,1233.7006,99.989720,0.008224,0.002056
90,8,8,1263.3094,99.989474,0.005263,0.005263
91,3,11,1283.0486,99.989309,0.000740,0.009951
92,11,3,1283.0486,99.989309,0.009951,0.000740
93,7,9,1283.0486,99.989309,0.004030,0.006661
94,9,7,1283.0486,99.989309,0.006661,0.004030
95,6,10,1342.2662,99.988816,0.002961,0.008224
96,10,6,1342.2662,99.988816,0.008224,0.002961
97,4,11,1352.1358,99.988733,0.001316,0.009951
98,11,4,1352.1358,99.988733,0.009951,0.001316
99,1,12,1431.0926,99.988076,0.000082,0.011842
100,12,1,1431.0926,99.988076,0.011842,0.000082
101,8,9,1431.0926,99.988076,0.005263,0.006661
102,9,8,1431.0926,99.988076,0.006661,0.005263
103,5,11,1440.9622,99.987993,0.002056,0.009951
104,11,5,1440.9622,99.987993,0.009951,0.002056
105,2,12,1460.7015,99.987829,0.000329,0.011842
106,12,2,1460.7015,99.987829,0.011842,0.000329
107,7,10,1470.5711,99.987747,0.004030,0.008224
108,10,7,1470.5711,99.987747,0.008224,0.004030
109,3,12,1510.0495,99.987418,0.000740,0.011842
110,12,3,1510.0495,99.987418,0.011842,0.000740
111,6,11,1549.5279,99.987089,0.002960,0.009951
112,11,6,1549.5279,99.987089,0.009951,0.002960
113,4,12,1579.1367,99.986842,0.001316,0.011842
114,12,4,1579.1367,99.986842,0.011842,0.001316
115,9,9,1598.8759,99.986678,0.006661,0.006661
116,8,10,1618.6151,99.986513,0.005263,0.008224
117,10,8,1618.6151,99.986513,0.008224,0.005263
118,5,12,1667.9631,99.986102,0.002056,0.011842
119,12,5,1667.9631,99.986102,0.011842,0.002056
120,1,13,1677.8327,99.986020,0.000082,0.013898
121,13,1,1677.8327,99.986020,0.013898,0.000082
122,7,11,1677.8327,99.986020,0.004030,0.009950
123,11,7,1677.8327,99.986020,0.009950,0.004030
124,2,13,1707.4416,99.985773,0.000329,0.013898
125,13,2,1707.4416,99.985773,0.013898,0.000329
126,3,13,1756.7896,99.985362,0.000740,0.013898
127,13,3,1756.7896,99.985362,0.013898,0.000740
128,6,12,1776.5288,99.985198,0.002960,0.011842
129,12,6,1776.5288,99.985198,0.011842,0.002960
130,9,10,1786.3984,99.985116,0.006661,0.008223
131,10,9,1786.3984,99.985116,0.008223,0.006661
132,4,13,1825.8768,99.984787,0.001316,0.013898
133,13,4,1825.8768,99.984787,0.013898,0.001316
134,8,11,1825.8768,99.984787,0.005263,0.009950
135,11,8,1825.8768,99.984787,0.009950,0.005263
136,7,12,1904.8336,99.984129,0.004029,0.011842
137,12,7,1904.8336,99.984129,0.011842,0.004029
138,5,13,1914.7033,99.984047,0.002056,0.013897
139,13,5,1914.7033,99.984047,0.013897,0.002056
140,1,14,1944.3121,99.983800,0.000082,0.016118
141,14,1,1944.3121,99.983800,0.016118,0.000082
142,2,14,1973.9209,99.983553,0.000329,0.016118
143,14,2,1973.9209,99.983553,0.016118,0.000329
144,10,10,1973.9209,99.983553,0.008223,0.008223
145,9,11,1993.6601,99.983389,0.006661,0.009950
146,11,9,1993.6601,99.983389,0.009950,0.006661
147,3,14,2023.2689,99.983142,0.000740,0.016118
148,14,3,2023.2689,99.983142,0.016118,0.000740
149,6,13,2023.2689,99.983142,0.002960,0.013897
150,13,6,2023.2689,99.983142,0.013897,0.002960
151,8,12,2052.8777,99.982896,0.005263,0.011841
152,12,8,2052.8777,99.982896,0.011841,0.005263
153,4,14,2092.3561,99.982567,0.001316,0.016118
154,14,4,2092.3561,99.982567,0.016118,0.001316
155,7,13,2151.5738,99.982073,0.004029,0.013897
156,13,7,2151.5738,99.982073,0.013897,0.004029
157,5,14,2181.1826,99.981827,0.002056,0.016117
158,14,5,2181.1826,99.981827,0.016117,0.002056
159,10,11,2181.1826,99.981827,0.008223,0.009950
160,11,10,2181.1826,99.981827,0.009950,0.008223
161,9,12,2220.6610,99.981498,0.006661,0.011841
162,12,9,2220.6610,99.981498,0.011841,0.006661
163,1,15,2230.5306,99.981416,0.000082,0.018502
164,15,1,2230.5306,99.981416,0.018502,0.000082
165,2,15,2260.1394,99.981169,0.000329,0.018502
166,15,2,2260.1394,99.981169,0.018502,0.000329
167,6,14,2289.7482,99.980922,0.002960,0.016117
168,14,6,2289.7482,99.980922,0.016117,0.002960
169,8,13,2299.6178,99.980840,0.005263,0.013897
170,13,8,2299.6178,99.980840,0.013897,0.005263
171,3,15,2309.4874,99.980758,0.000740,0.018502
172,15,3,2309.4874,99.980758,0.018502,0.000740
173,4,15,2378.5747,99.980182,0.001316,0.018502
174,15,4,2378.5747,99.980182,0.018502,0.001316
175,11,11,2388.4443,99.980100,0.009950,0.009950
176,10,12,2408.1835,99.979936,0.008223,0.011841
177,12,10,2408.1835,99.979936,0.011841,0.008223
178,7,14,2418.0531,99.979854,0.004029,0.016117
179,14,7,2418.0531,99.979854,0.016117,0.004029
180,5,15,2467.4011,99.979443,0.002056,0.018502
181,15,5,2467.4011,99.979443,0.018502,0.002056
182,9,13,2467.4011,99.979443,0.006661,0.013897
183,13,9,2467.4011,99.979443,0.013897,0.006661
184,1,16,2536.4883,99.978867,0.000082,0.021051
185,16,1,2536.4883,99.978867,0.021051,0.000082
186,2,16,2566.0971,99.978620,0.000329,0.021051
187,16,2,2566.0971,99.978620,0.021051,0.000329
188,8,14,2566.0971,99.978620,0.005263,0.016117
189,14,8,2566.0971,99.978620,0.016117,0.005263
190,6,15,2575.9667,99.978538,0.002960,0.018502
191,15,6,2575.9667,99.978538,0.018502,0.002960
192,3,16,2615.4452,99.978209,0.000740,0.021051
193,16,3,2615.4452,99.978209,0.021051,0.000740
194,11,12,2615.4452,99.978209,0.009950,0.011841
195,12,11,2615.4452,99.978209,0.011841,0.009950
196,10,13,2654.9236,99.977881,0.008223,0.013897
197,13,10,2654.9236,99.977881,0.013897,0.008223
198,4,16,2684.5324,99.977634,0.001316,0.021050
199,16,4,2684.5324,99.977634,0.021050,0.001316
200,7,15,2704.2716,99.977469,0.004029,0.018501
201,15,7,2704.2716,99.977469,0.018501,0.004029
202,9,14,2733.8804,99.977223,0.006660,0.016117
203,14,9,2733.8804,99.977223,0.016117,0.006660
204,5,16,2773.3588,99.976894,0.002056,0.021050
205,16,5,2773.3588,99.976894,0.021050,0.002056
206,12,12,2842.4461,99.976319,0.011841,0.011841
207,8,15,2852.3157,99.976236,0.005263,0.018501
208,15,8,2852.3157,99.976236,0.018501,0.005263
209,1,17,2862.1853,99.976154,0.000082,0.023764
210,17,1,2862.1853,99.976154,0.023764,0.000082
211,11,13,2862.1853,99.976154,0.009949,0.013896
212,13,11,2862.1853,99.976154,0.013896,0.009949
213,6,16,2881.9245,99.975990,0.002960,0.021050
214,16,6,2881.9245,99.975990,0.021050,0.002960
215,2,17,2891.7941,99.975908,0.000329,0.023764
216,17,2,2891.7941,99.975908,0.023764,0.000329
217,10,14,2921.4029,99.975661,0.008223,0.016116
218,14,10,2921.4029,99.975661,0.016116,0.008223
219,3,17,2941.1421,99.975496,0.000740,0.023763
220,17,3,2941.1421,99.975496,0.023763,0.000740
221,4,17,3010.2293,99.974921,0.001316,0.023763
222,17,4,3010.2293,99.974921,0.023763,0.001316
223,7,16,3010.2293,99.974921,0.004029,0.021050
224,16,7,3010.2293,99.974921,0.021050,0.004029
225,9,15,3020.0989,99.974839,0.006660,0.018501
226,15,9,3020.0989,99.974839,0.018501,0.006660
227,12,13,3089.1862,99.974263,0.011840,0.013896
228,13,12,3089.1862,99.974263,0.013896,0.011840
229,5,17,3099.0558,99.974181,0.002056,0.023763
230,17,5,3099.0558,99.974181,0.023763,0.002056
231,11,14,3128.6646,99.973935,0.009949,0.016116
232,14,11,3128.6646,99.973935,0.016116,0.009949
233,8,16,3158.2734,99.973688,0.005262,0.021050
234,16,8,3158.2734,99.973688,0.021050,0.005262
235,1,18,3207.6214,99.973277,0.000082,0.026641
236,18,1,3207.6214,99.973277,0.026641,0.000082
237,6,17,3207.6214,99.973277,0.002960,0.023763
238,17,6,3207.6214,99.973277,0.023763,0.002960
239,10,15,3207.6214,99.973277,0.008222,0.018501
240,15,10,3207.6214,99.973277,0.018501,0.008222
241,2,18,3237.2302,99.973030,0.000329,0.026641
242,18,2,3237.2302,99.973030,0.026641,0.000329
243,3,18,3286.5783,99.972619,0.000740,0.026641
244,18,3,3286.5783,99.972619,0.026641,0.000740
245,9,16,3326.0567,99.972291,0.006660,0.021049
246,16,9,3326.0567,99.972291,0.021049,0.006660
247,7,17,3335.9263,99.972208,0.004029,0.023763
248,17,7,3335.9263,99.972208,0.023763,0.004029
249,13,13,3335.9263,99.972208,0.013896,0.013896
250,4,18,3355.6655,99.972044,0.001316,0.026640
251,18,4,3355.6655,99.972044,0.026640,0.001316
252,12,14,3355.6655,99.972044,0.011840,0.016116
253,14,12,3355.6655,99.972044,0.016116,0.011840
254,11,15,3414.8831,99.971551,0.009949,0.018500
255,15,11,3414.8831,99.971551,0.018500,0.009949
256,5,18,3444.4919,99.971304,0.002056,0.026640
257,18,5,3444.4919,99.971304,0.026640,0.002056
258,8,17,3483.9704,99.970975,0.005262,0.023762
259,17,8,3483.9704,99.970975,0.023762,0.005262
260,10,16,3513.5792,99.970729,0.008222,0.021049
261,16,10,3513.5792,99.970729,0.021049,0.008222
262,6,18,3553.0576,99.970400,0.002960,0.026640
263,18,6,3553.0576,99.970400,0.026640,0.002960
264,1,19,3572.7968,99.970236,0.000082,0.029682
265,19,1,3572.7968,99.970236,0.029682,0.000082
266,2,19,3602.4056,99.969989,0.000329,0.029682
267,19,2,3602.4056,99.969989,0.029682,0.000329
268,13,14,3602.4056,99.969989,0.013896,0.016116
269,14,13,3602.4056,99.969989,0.016116,0.013896
270,12,15,3641.8840,99.969660,0.011840,0.018500
271,15,12,3641.8840,99.969660,0.018500,0.011840
272,3,19,3651.7536,99.969578,0.000740,0.029682
273,19,3,3651.7536,99.969578,0.029682,0.000740
274,9,17,3651.7536,99.969578,0.006660,0.023762
275,17,9,3651.7536,99.969578,0.023762,0.006660
276,7,18,3681.3624,99.969331,0.004029,0.026640
277,18,7,3681.3624,99.969331,0.026640,0.004029
278,4,19,3720.8409,99.969003,0.001316,0.029682
279,19,4,3720.8409,99.969003,0.029682,0.001316
280,11,16,3720.8409,99.969003,0.009949,0.021049
281,16,11,3720.8409,99.969003,0.021049,0.009949
282,5,19,3809.6673,99.968263,0.002056,0.029682
283,19,5,3809.6673,99.968263,0.029682,0.002056
284,8,18,3829.4065,99.968098,0.005262,0.026639
285,18,8,3829.4065,99.968098,0.026639,0.005262
286,10,17,3839.2761,99.968016,0.008222,0.023762
287,17,10,3839.2761,99.968016,0.023762,0.008222
288,14,14,3868.8849,99.967770,0.016115,0.016115
289,13,15,3888.6241,99.967605,0.013895,0.018500
